Workbook

Sheet Dashboard
A1: Store Performance Dashboard | N1: Day | O1: Acts+Pre
A2: Monthly KPI overview — synthetic data, portfolio sample | N2: 1 | O2: ='1'!J16
N3: 2 | O3: ='2'!J16
A4: ACTS + PRE | D4: % TO GOAL | G4: ACTIVATIONS | J4: PREPAID | N4: 3 | O4: ='3'!J16
A5: ='Store Total'!B12 | D5: ='Store Total'!D12 | G5: ='Store Total'!B4 | J5: ='Store Total'!B5 | N5: 4 | O5: ='4'!J16
N6: 5 | O6: ='5'!J16
N7: 6 | O7: ='6'!J16
A8: BTS (BUSINESS) | D8: HOME INTERNET | G8: ACCESSORY REV | J8: P360 ATTACH % | N8: 7 | O8: ='7'!J16
A9: ='Store Total'!B6 | D9: ='Store Total'!B8 | G9: ='Store Total'!B10 | J9: ='Store Total'!B9/'Store Total'!B4 | N9: 8 | O9: ='8'!J16
N10: 9 | O10: ='9'!J16
N11: 10 | O11: ='10'!J16
N12: 11 | O12: ='11'!J16
N13: 12 | O13: ='12'!J16
N14: 13 | O14: ='13'!J16
N15: 14 | O15: ='14'!J16
N16: 15 | O16: ='15'!J16
N17: 16 | O17: ='16'!J16
N18: 17 | O18: ='17'!J16
N19: 18 | O19: ='18'!J16
N20: 19 | O20: ='19'!J16
N21: 20 | O21: ='20'!J16
N22: 21 | O22: ='21'!J16
N23: 22 | O23: ='22'!J16
N24: 23 | O24: ='23'!J16
N25: 24 | O25: ='24'!J16
N26: 25 | O26: ='25'!J16
N27: 26 | O27: ='26'!J16
N28: 27 | O28: ='27'!J16
N29: 28 | O29: ='28'!J16
N30: 29 | O30: ='29'!J16
N31: 30 | O31: ='30'!J16
N32: 31 | O32: ='31'!J16

Sheet Team Performance
A1: Team Performance — Monthly Leaderboard
A2: Ranked by Acts+Pre — synthetic data, portfolio sample
A3: Rank | B3: Mobile Expert | C3: Acts+Pre (Month) | D3: Goal | E3: % to Goal
A4: =RANK(C4,$C$4:$C$15) | B4: ME 2 | C4: =SUM('1:31'!J5) | D4: 165 | E4: =C4/D4
A5: =RANK(C5,$C$4:$C$15) | B5: ME 1 | C5: =SUM('1:31'!J4) | D5: 165 | E5: =C5/D5
A6: =RANK(C6,$C$4:$C$15) | B6: ME 3 | C6: =SUM('1:31'!J6) | D6: 165 | E6: =C6/D6
A7: =RANK(C7,$C$4:$C$15) | B7: ME 6 | C7: =SUM('1:31'!J9) | D7: 165 | E7: =C7/D7
A8: =RANK(C8,$C$4:$C$15) | B8: ME 4 | C8: =SUM('1:31'!J7) | D8: 165 | E8: =C8/D8
A9: =RANK(C9,$C$4:$C$15) | B9: ME 5 | C9: =SUM('1:31'!J8) | D9: 165 | E9: =C9/D9
A10: =RANK(C10,$C$4:$C$15) | B10: ME 7 | C10: =SUM('1:31'!J10) | D10: 165 | E10: =C10/D10
A11: =RANK(C11,$C$4:$C$15) | B11: ME 8 | C11: =SUM('1:31'!J11) | D11: 165 | E11: =C11/D11
A12: =RANK(C12,$C$4:$C$15) | B12: ME 9 | C12: =SUM('1:31'!J12) | D12: 165 | E12: =C12/D12
A13: =RANK(C13,$C$4:$C$15) | B13: ME 10 | C13: =SUM('1:31'!J13) | D13: 165 | E13: =C13/D13
A14: =RANK(C14,$C$4:$C$15) | B14: ME 11 | C14: =SUM('1:31'!J14) | D14: 165 | E14: =C14/D14
A15: =RANK(C15,$C$4:$C$15) | B15: ME 12 | C15: =SUM('1:31'!J15) | D15: 165 | E15: =C15/D15

Sheet Daily Trend
A1: Daily Trend — Heatmap
A2: Color scale = relative volume per metric — synthetic data
A3: Day | B3: Activations | C3: Prepaid | D3: BTS | E3: Upgrades | F3: HSI | G3: Accessories ($)
A4: 1 | B4: ='1'!B16 | C4: ='1'!C16 | D4: ='1'!D16 | E4: ='1'!E16 | F4: ='1'!F16 | G4: ='1'!H16
A5: 2 | B5: ='2'!B16 | C5: ='2'!C16 | D5: ='2'!D16 | E5: ='2'!E16 | F5: ='2'!F16 | G5: ='2'!H16
A6: 3 | B6: ='3'!B16 | C6: ='3'!C16 | D6: ='3'!D16 | E6: ='3'!E16 | F6: ='3'!F16 | G6: ='3'!H16
A7: 4 | B7: ='4'!B16 | C7: ='4'!C16 | D7: ='4'!D16 | E7: ='4'!E16 | F7: ='4'!F16 | G7: ='4'!H16
A8: 5 | B8: ='5'!B16 | C8: ='5'!C16 | D8: ='5'!D16 | E8: ='5'!E16 | F8: ='5'!F16 | G8: ='5'!H16
A9: 6 | B9: ='6'!B16 | C9: ='6'!C16 | D9: ='6'!D16 | E9: ='6'!E16 | F9: ='6'!F16 | G9: ='6'!H16
A10: 7 | B10: ='7'!B16 | C10: ='7'!C16 | D10: ='7'!D16 | E10: ='7'!E16 | F10: ='7'!F16 | G10: ='7'!H16
A11: 8 | B11: ='8'!B16 | C11: ='8'!C16 | D11: ='8'!D16 | E11: ='8'!E16 | F11: ='8'!F16 | G11: ='8'!H16
A12: 9 | B12: ='9'!B16 | C12: ='9'!C16 | D12: ='9'!D16 | E12: ='9'!E16 | F12: ='9'!F16 | G12: ='9'!H16
A13: 10 | B13: ='10'!B16 | C13: ='10'!C16 | D13: ='10'!D16 | E13: ='10'!E16 | F13: ='10'!F16 | G13: ='10'!H16
A14: 11 | B14: ='11'!B16 | C14: ='11'!C16 | D14: ='11'!D16 | E14: ='11'!E16 | F14: ='11'!F16 | G14: ='11'!H16
A15: 12 | B15: ='12'!B16 | C15: ='12'!C16 | D15: ='12'!D16 | E15: ='12'!E16 | F15: ='12'!F16 | G15: ='12'!H16
A16: 13 | B16: ='13'!B16 | C16: ='13'!C16 | D16: ='13'!D16 | E16: ='13'!E16 | F16: ='13'!F16 | G16: ='13'!H16
A17: 14 | B17: ='14'!B16 | C17: ='14'!C16 | D17: ='14'!D16 | E17: ='14'!E16 | F17: ='14'!F16 | G17: ='14'!H16
A18: 15 | B18: ='15'!B16 | C18: ='15'!C16 | D18: ='15'!D16 | E18: ='15'!E16 | F18: ='15'!F16 | G18: ='15'!H16
A19: 16 | B19: ='16'!B16 | C19: ='16'!C16 | D19: ='16'!D16 | E19: ='16'!E16 | F19: ='16'!F16 | G19: ='16'!H16
A20: 17 | B20: ='17'!B16 | C20: ='17'!C16 | D20: ='17'!D16 | E20: ='17'!E16 | F20: ='17'!F16 | G20: ='17'!H16
A21: 18 | B21: ='18'!B16 | C21: ='18'!C16 | D21: ='18'!D16 | E21: ='18'!E16 | F21: ='18'!F16 | G21: ='18'!H16
A22: 19 | B22: ='19'!B16 | C22: ='19'!C16 | D22: ='19'!D16 | E22: ='19'!E16 | F22: ='19'!F16 | G22: ='19'!H16
A23: 20 | B23: ='20'!B16 | C23: ='20'!C16 | D23: ='20'!D16 | E23: ='20'!E16 | F23: ='20'!F16 | G23: ='20'!H16
A24: 21 | B24: ='21'!B16 | C24: ='21'!C16 | D24: ='21'!D16 | E24: ='21'!E16 | F24: ='21'!F16 | G24: ='21'!H16
A25: 22 | B25: ='22'!B16 | C25: ='22'!C16 | D25: ='22'!D16 | E25: ='22'!E16 | F25: ='22'!F16 | G25: ='22'!H16
A26: 23 | B26: ='23'!B16 | C26: ='23'!C16 | D26: ='23'!D16 | E26: ='23'!E16 | F26: ='23'!F16 | G26: ='23'!H16
A27: 24 | B27: ='24'!B16 | C27: ='24'!C16 | D27: ='24'!D16 | E27: ='24'!E16 | F27: ='24'!F16 | G27: ='24'!H16
A28: 25 | B28: ='25'!B16 | C28: ='25'!C16 | D28: ='25'!D16 | E28: ='25'!E16 | F28: ='25'!F16 | G28: ='25'!H16
A29: 26 | B29: ='26'!B16 | C29: ='26'!C16 | D29: ='26'!D16 | E29: ='26'!E16 | F29: ='26'!F16 | G29: ='26'!H16
A30: 27 | B30: ='27'!B16 | C30: ='27'!C16 | D30: ='27'!D16 | E30: ='27'!E16 | F30: ='27'!F16 | G30: ='27'!H16
A31: 28 | B31: ='28'!B16 | C31: ='28'!C16 | D31: ='28'!D16 | E31: ='28'!E16 | F31: ='28'!F16 | G31: ='28'!H16
A32: 29 | B32: ='29'!B16 | C32: ='29'!C16 | D32: ='29'!D16 | E32: ='29'!E16 | F32: ='29'!F16 | G32: ='29'!H16
A33: 30 | B33: ='30'!B16 | C33: ='30'!C16 | D33: ='30'!D16 | E33: ='30'!E16 | F33: ='30'!F16 | G33: ='30'!H16
A34: 31 | B34: ='31'!B16 | C34: ='31'!C16 | D34: ='31'!D16 | E34: ='31'!E16 | F34: ='31'!F16 | G34: ='31'!H16

Sheet Store Total
A1: Store Total — Monthly Summary
A2: Synthetic data — portfolio sample
A3: Metric | B3: Month Total | C3: Monthly Goal | D3: % to Goal
A4: Activations | B4: =SUM('1:31'!B16) | C4: 1325 | D4: =B4/C4
A5: Prepaid | B5: =SUM('1:31'!C16) | C5: 705 | D5: =B5/C5
A6: BTS | B6: =SUM('1:31'!D16) | C6: 505 | D6: =B6/C6
A7: Upgrades | B7: =SUM('1:31'!E16) | C7: 900 | D7: =B7/C7
A8: HSI | B8: =SUM('1:31'!F16) | C8: 545 | D8: =B8/C8
A9: P360 | B9: =SUM('1:31'!G16) | C9: 1010 | D9: =B9/C9
A10: Accessories ($) | B10: =SUM('1:31'!H16) | C10: 40900 | D10: =B10/C10
A11: Devices | B11: =SUM('1:31'!I16) | C11: 1790 | D11: =B11/C11
A12: Acts+Pre | B12: =SUM('1:31'!J16) | C12: 1990 | D12: =B12/C12

Sheet 1
A1: Daily Tracker — Day 1
A2: Synthetic data — portfolio sample
A3: Mobile Expert | B3: Activations | C3: Prepaid | D3: BTS | E3: Upgrades | F3: HSI | G3: P360 | H3: Accessories ($) | I3: Devices | J3: Acts+Pre
A4: ME 1 | B4: 4 | C4: 2 | D4: 1 | E4: 3 | F4: 2 | G4: 6 | H4: 98 | I4: 12 | J4: =B4+C4
A5: ME 2 | B5: 8 | C5: 4 | D5: 3 | E5: 4 | F5: 3 | G5: 7 | H5: 238 | I5: 2 | J5: =B5+C5
A6: ME 3 | B6: 6 | C6: 2 | D6: 4 | E6: 3 | F6: 2 | G6: 3 | H6: 239 | I6: 10 | J6: =B6+C6
A7: ME 4 | B7: 7 | C7: 1 | D7: 2 | E7: 5 | F7: 2 | G7: 4 | H7: 130 | I7: 7 | J7: =B7+C7
A8: ME 5 | B8: 2 | C8: 3 | D8: 3 | E8: 1 | F8: 0 | G8: 1 | H8: 146 | I8: 9 | J8: =B8+C8
A9: ME 6 | B9: 7 | C9: 3 | D9: 1 | E9: 5 | F9: 2 | G9: 2 | H9: 223 | I9: 5 | J9: =B9+C9
A10: ME 7 | B10: 6 | C10: 2 | D10: 3 | E10: 2 | F10: 1 | G10: 5 | H10: 73 | I10: 3 | J10: =B10+C10
A11: ME 8 | B11: 3 | C11: 2 | D11: 1 | E11: 2 | F11: 2 | G11: 4 | H11: 130 | I11: 7 | J11: =B11+C11
A12: ME 9 | B12: 3 | C12: 3 | D12: 2 | E12: 3 | F12: 2 | G12: 3 | H12: 109 | I12: 1 | J12: =B12+C12
A13: ME 10 | B13: 4 | C13: 0 | D13: 1 | E13: 3 | F13: 2 | G13: 2 | H13: 169 | I13: 5 | J13: =B13+C13
A14: ME 11 | B14: 2 | C14: 1 | D14: 2 | E14: 2 | F14: 1 | G14: 1 | H14: 42 | I14: 5 | J14: =B14+C14
A15: ME 12 | B15: 4 | C15: 2 | D15: 1 | E15: 0 | F15: 1 | G15: 0 | H15: 51 | I15: 4 | J15: =B15+C15
A16: Daily Total | B16: =SUM(B4:B15) | C16: =SUM(C4:C15) | D16: =SUM(D4:D15) | E16: =SUM(E4:E15) | F16: =SUM(F4:F15) | G16: =SUM(G4:G15) | H16: =SUM(H4:H15) | I16: =SUM(I4:I15) | J16: =SUM(J4:J15)

Sheet 2
A1: Daily Tracker — Day 2
A2: Synthetic data — portfolio sample
A3: Mobile Expert | B3: Activations | C3: Prepaid | D3: BTS | E3: Upgrades | F3: HSI | G3: P360 | H3: Accessories ($) | I3: Devices | J3: Acts+Pre
A4: ME 1 | B4: 5 | C4: 3 | D4: 0 | E4: 2 | F4: 1 | G4: 1 | H4: 43 | I4: 10 | J4: =B4+C4
A5: ME 2 | B5: 7 | C5: 3 | D5: 1 | E5: 5 | F5: 1 | G5: 7 | H5: 152 | I5: 8 | J5: =B5+C5
A6: ME 3 | B6: 8 | C6: 3 | D6: 0 | E6: 4 | F6: 1 | G6: 1 | H6: 211 | I6: 6 | J6: =B6+C6
A7: ME 4 | B7: 6 | C7: 2 | D7: 1 | E7: 1 | F7: 0 | G7: 1 | H7: 147 | I7: 8 | J7: =B7+C7
A8: ME 5 | B8: 7 | C8: 4 | D8: 0 | E8: 1 | F8: 1 | G8: 6 | H8: 5 | I8: 7 | J8: =B8+C8
A9: ME 6 | B9: 7 | C9: 4 | D9: 2 | E9: 5 | F9: 1 | G9: 2 | H9: 70 | I9: 3 | J9: =B9+C9
A10: ME 7 | B10: 6 | C10: 0 | D10: 1 | E10: 2 | F10: 2 | G10: 5 | H10: 182 | I10: 6 | J10: =B10+C10
A11: ME 8 | B11: 4 | C11: 3 | D11: 2 | E11: 3 | F11: 1 | G11: 1 | H11: 53 | I11: 5 | J11: =B11+C11
A12: ME 9 | B12: 4 | C12: 1 | D12: 0 | E12: 1 | F12: 0 | G12: 3 | H12: 195 | I12: 4 | J12: =B12+C12
A13: ME 10 | B13: 4 | C13: 1 | D13: 0 | E13: 0 | F13: 2 | G13: 3 | H13: 146 | I13: 5 | J13: =B13+C13
A14: ME 11 | B14: 2 | C14: 0 | D14: 1 | E14: 2 | F14: 1 | G14: 1 | H14: 94 | I14: 1 | J14: =B14+C14
A15: ME 12 | B15: 3 | C15: 1 | D15: 1 | E15: 0 | F15: 0 | G15: 1 | H15: 31 | I15: 3 | J15: =B15+C15
A16: Daily Total | B16: =SUM(B4:B15) | C16: =SUM(C4:C15) | D16: =SUM(D4:D15) | E16: =SUM(E4:E15) | F16: =SUM(F4:F15) | G16: =SUM(G4:G15) | H16: =SUM(H4:H15) | I16: =SUM(I4:I15) | J16: =SUM(J4:J15)

Sheet 3
A1: Daily Tracker — Day 3
A2: Synthetic data — portfolio sample
A3: Mobile Expert | B3: Activations | C3: Prepaid | D3: BTS | E3: Upgrades | F3: HSI | G3: P360 | H3: Accessories ($) | I3: Devices | J3: Acts+Pre
A4: ME 1 | B4: 3 | C4: 1 | D4: 2 | E4: 1 | F4: 2 | G4: 7 | H4: 3 | I4: 5 | J4: =B4+C4
A5: ME 2 | B5: 3 | C5: 3 | D5: 3 | E5: 6 | F5: 0 | G5: 1 | H5: 90 | I5: 11 | J5: =B5+C5
A6: ME 3 | B6: 6 | C6: 2 | D6: 1 | E6: 2 | F6: 3 | G6: 0 | H6: 213 | I6: 8 | J6: =B6+C6
A7: ME 4 | B7: 7 | C7: 2 | D7: 3 | E7: 0 | F7: 3 | G7: 3 | H7: 162 | I7: 9 | J7: =B7+C7
A8: ME 5 | B8: 5 | C8: 2 | D8: 2 | E8: 4 | F8: 2 | G8: 3 | H8: 120 | I8: 5 | J8: =B8+C8
A9: ME 6 | B9: 7 | C9: 3 | D9: 2 | E9: 4 | F9: 1 | G9: 3 | H9: 165 | I9: 2 | J9: =B9+C9
A10: ME 7 | B10: 6 | C10: 2 | D10: 0 | E10: 5 | F10: 2 | G10: 2 | H10: 86 | I10: 8 | J10: =B10+C10
A11: ME 8 | B11: 1 | C11: 1 | D11: 2 | E11: 3 | F11: 2 | G11: 1 | H11: 14 | I11: 2 | J11: =B11+C11
A12: ME 9 | B12: 5 | C12: 0 | D12: 2 | E12: 2 | F12: 2 | G12: 1 | H12: 69 | I12: 3 | J12: =B12+C12
A13: ME 10 | B13: 5 | C13: 0 | D13: 0 | E13: 1 | F13: 1 | G13: 2 | H13: 180 | I13: 7 | J13: =B13+C13
A14: ME 11 | B14: 1 | C14: 2 | D14: 1 | E14: 2 | F14: 2 | G14: 3 | H14: 51 | I14: 4 | J14: =B14+C14
A15: ME 12 | B15: 3 | C15: 0 | D15: 0 | E15: 1 | F15: 1 | G15: 3 | H15: 131 | I15: 2 | J15: =B15+C15
A16: Daily Total | B16: =SUM(B4:B15) | C16: =SUM(C4:C15) | D16: =SUM(D4:D15) | E16: =SUM(E4:E15) | F16: =SUM(F4:F15) | G16: =SUM(G4:G15) | H16: =SUM(H4:H15) | I16: =SUM(I4:I15) | J16: =SUM(J4:J15)

Sheet 4
A1: Daily Tracker — Day 4
A2: Synthetic data — portfolio sample
A3: Mobile Expert | B3: Activations | C3: Prepaid | D3: BTS | E3: Upgrades | F3: HSI | G3: P360 | H3: Accessories ($) | I3: Devices | J3: Acts+Pre
A4: ME 1 | B4: 6 | C4: 5 | D4: 4 | E4: 5 | F4: 4 | G4: 4 | H4: 26 | I4: 10 | J4: =B4+C4
A5: ME 2 | B5: 7 | C5: 3 | D5: 2 | E5: 5 | F5: 3 | G5: 2 | H5: 168 | I5: 4 | J5: =B5+C5
A6: ME 3 | B6: 6 | C6: 4 | D6: 0 | E6: 0 | F6: 0 | G6: 3 | H6: 237 | I6: 8 | J6: =B6+C6
A7: ME 4 | B7: 6 | C7: 2 | D7: 3 | E7: 3 | F7: 3 | G7: 5 | H7: 221 | I7: 9 | J7: =B7+C7
A8: ME 5 | B8: 6 | C8: 0 | D8: 1 | E8: 3 | F8: 2 | G8: 2 | H8: 26 | I8: 3 | J8: =B8+C8
A9: ME 6 | B9: 6 | C9: 3 | D9: 2 | E9: 2 | F9: 1 | G9: 5 | H9: 226 | I9: 2 | J9: =B9+C9
A10: ME 7 | B10: 4 | C10: 4 | D10: 1 | E10: 3 | F10: 1 | G10: 4 | H10: 173 | I10: 3 | J10: =B10+C10
A11: ME 8 | B11: 3 | C11: 1 | D11: 0 | E11: 4 | F11: 1 | G11: 2 | H11: 70 | I11: 4 | J11: =B11+C11
A12: ME 9 | B12: 3 | C12: 1 | D12: 1 | E12: 1 | F12: 2 | G12: 3 | H12: 115 | I12: 1 | J12: =B12+C12
A13: ME 10 | B13: 3 | C13: 0 | D13: 1 | E13: 3 | F13: 2 | G13: 1 | H13: 113 | I13: 4 | J13: =B13+C13
A14: ME 11 | B14: 3 | C14: 1 | D14: 1 | E14: 1 | F14: 1 | G14: 2 | H14: 39 | I14: 5 | J14: =B14+C14
A15: ME 12 | B15: 1 | C15: 1 | D15: 0 | E15: 0 | F15: 0 | G15: 1 | H15: 63 | I15: 1 | J15: =B15+C15
A16: Daily Total | B16: =SUM(B4:B15) | C16: =SUM(C4:C15) | D16: =SUM(D4:D15) | E16: =SUM(E4:E15) | F16: =SUM(F4:F15) | G16: =SUM(G4:G15) | H16: =SUM(H4:H15) | I16: =SUM(I4:I15) | J16: =SUM(J4:J15)

Sheet 5
A1: Daily Tracker — Day 5
A2: Synthetic data — portfolio sample
A3: Mobile Expert | B3: Activations | C3: Prepaid | D3: BTS | E3: Upgrades | F3: HSI | G3: P360 | H3: Accessories ($) | I3: Devices | J3: Acts+Pre
A4: ME 1 | B4: 3 | C4: 1 | D4: 1 | E4: 3 | F4: 0 | G4: 6 | H4: 219 | I4: 8 | J4: =B4+C4
A5: ME 2 | B5: 6 | C5: 3 | D5: 3 | E5: 2 | F5: 1 | G5: 5 | H5: 164 | I5: 10 | J5: =B5+C5
A6: ME 3 | B6: 6 | C6: 0 | D6: 1 | E6: 2 | F6: 3 | G6: 7 | H6: 209 | I6: 4 | J6: =B6+C6
A7: ME 4 | B7: 6 | C7: 2 | D7: 2 | E7: 5 | F7: 1 | G7: 2 | H7: 257 | I7: 6 | J7: =B7+C7
A8: ME 5 | B8: 6 | C8: 0 | D8: 3 | E8: 2 | F8: 1 | G8: 5 | H8: 74 | I8: 5 | J8: =B8+C8
A9: ME 6 | B9: 7 | C9: 0 | D9: 1 | E9: 1 | F9: 1 | G9: 3 | H9: 32 | I9: 3 | J9: =B9+C9
A10: ME 7 | B10: 5 | C10: 0 | D10: 2 | E10: 4 | F10: 2 | G10: 0 | H10: 143 | I10: 2 | J10: =B10+C10
A11: ME 8 | B11: 3 | C11: 1 | D11: 2 | E11: 0 | F11: 2 | G11: 1 | H11: 40 | I11: 7 | J11: =B11+C11
A12: ME 9 | B12: 2 | C12: 2 | D12: 1 | E12: 3 | F12: 1 | G12: 5 | H12: 26 | I12: 4 | J12: =B12+C12
A13: ME 10 | B13: 4 | C13: 1 | D13: 0 | E13: 2 | F13: 1 | G13: 3 | H13: 122 | I13: 1 | J13: =B13+C13
A14: ME 11 | B14: 4 | C14: 2 | D14: 2 | E14: 3 | F14: 2 | G14: 0 | H14: 110 | I14: 1 | J14: =B14+C14
A15: ME 12 | B15: 2 | C15: 2 | D15: 0 | E15: 1 | F15: 0 | G15: 3 | H15: 62 | I15: 3 | J15: =B15+C15
A16: Daily Total | B16: =SUM(B4:B15) | C16: =SUM(C4:C15) | D16: =SUM(D4:D15) | E16: =SUM(E4:E15) | F16: =SUM(F4:F15) | G16: =SUM(G4:G15) | H16: =SUM(H4:H15) | I16: =SUM(I4:I15) | J16: =SUM(J4:J15)

Sheet 6
A1: Daily Tracker — Day 6
A2: Synthetic data — portfolio sample
A3: Mobile Expert | B3: Activations | C3: Prepaid | D3: BTS | E3: Upgrades | F3: HSI | G3: P360 | H3: Accessories ($) | I3: Devices | J3: Acts+Pre
A4: ME 1 | B4: 8 | C4: 3 | D4: 4 | E4: 5 | F4: 1 | G4: 7 | H4: 162 | I4: 10 | J4: =B4+C4
A5: ME 2 | B5: 2 | C5: 1 | D5: 3 | E5: 4 | F5: 2 | G5: 5 | H5: 115 | I5: 5 | J5: =B5+C5
A6: ME 3 | B6: 4 | C6: 3 | D6: 0 | E6: 2 | F6: 2 | G6: 1 | H6: 225 | I6: 8 | J6: =B6+C6
A7: ME 4 | B7: 4 | C7: 1 | D7: 3 | E7: 1 | F7: 2 | G7: 1 | H7: 45 | I7: 9 | J7: =B7+C7
A8: ME 5 | B8: 5 | C8: 1 | D8: 3 | E8: 3 | F8: 1 | G8: 2 | H8: 68 | I8: 6 | J8: =B8+C8
A9: ME 6 | B9: 6 | C9: 3 | D9: 0 | E9: 1 | F9: 3 | G9: 4 | H9: 233 | I9: 7 | J9: =B9+C9
A10: ME 7 | B10: 2 | C10: 3 | D10: 2 | E10: 1 | F10: 2 | G10: 2 | H10: 158 | I10: 3 | J10: =B10+C10
A11: ME 8 | B11: 2 | C11: 1 | D11: 1 | E11: 1 | F11: 0 | G11: 4 | H11: 119 | I11: 6 | J11: =B11+C11
A12: ME 9 | B12: 4 | C12: 1 | D12: 1 | E12: 3 | F12: 1 | G12: 2 | H12: 26 | I12: 5 | J12: =B12+C12
A13: ME 10 | B13: 1 | C13: 2 | D13: 0 | E13: 3 | F13: 2 | G13: 1 | H13: 25 | I13: 5 | J13: =B13+C13
A14: ME 11 | B14: 4 | C14: 1 | D14: 2 | E14: 3 | F14: 0 | G14: 2 | H14: 0 | I14: 5 | J14: =B14+C14
A15: ME 12 | B15: 3 | C15: 1 | D15: 0 | E15: 0 | F15: 0 | G15: 1 | H15: 89 | I15: 5 | J15: =B15+C15
A16: Daily Total | B16: =SUM(B4:B15) | C16: =SUM(C4:C15) | D16: =SUM(D4:D15) | E16: =SUM(E4:E15) | F16: =SUM(F4:F15) | G16: =SUM(G4:G15) | H16: =SUM(H4:H15) | I16: =SUM(I4:I15) | J16: =SUM(J4:J15)

Sheet 7
A1: Daily Tracker — Day 7
A2: Synthetic data — portfolio sample
A3: Mobile Expert | B3: Activations | C3: Prepaid | D3: BTS | E3: Upgrades | F3: HSI | G3: P360 | H3: Accessories ($) | I3: Devices | J3: Acts+Pre
A4: ME 1 | B4: 8 | C4: 4 | D4: 3 | E4: 5 | F4: 0 | G4: 4 | H4: 128 | I4: 8 | J4: =B4+C4
A5: ME 2 | B5: 6 | C5: 0 | D5: 1 | E5: 2 | F5: 1 | G5: 5 | H5: 130 | I5: 11 | J5: =B5+C5
A6: ME 3 | B6: 2 | C6: 2 | D6: 4 | E6: 2 | F6: 1 | G6: 3 | H6: 147 | I6: 8 | J6: =B6+C6
A7: ME 4 | B7: 2 | C7: 1 | D7: 1 | E7: 0 | F7: 2 | G7: 1 | H7: 56 | I7: 5 | J7: =B7+C7
A8: ME 5 | B8: 3 | C8: 1 | D8: 1 | E8: 2 | F8: 1 | G8: 1 | H8: 27 | I8: 8 | J8: =B8+C8
A9: ME 6 | B9: 4 | C9: 3 | D9: 2 | E9: 2 | F9: 1 | G9: 1 | H9: 49 | I9: 5 | J9: =B9+C9
A10: ME 7 | B10: 3 | C10: 0 | D10: 0 | E10: 3 | F10: 1 | G10: 0 | H10: 50 | I10: 8 | J10: =B10+C10
A11: ME 8 | B11: 5 | C11: 3 | D11: 1 | E11: 1 | F11: 0 | G11: 0 | H11: 72 | I11: 1 | J11: =B11+C11
A12: ME 9 | B12: 4 | C12: 1 | D12: 2 | E12: 4 | F12: 2 | G12: 1 | H12: 35 | I12: 4 | J12: =B12+C12
A13: ME 10 | B13: 4 | C13: 1 | D13: 0 | E13: 2 | F13: 2 | G13: 4 | H13: 16 | I13: 1 | J13: =B13+C13
A14: ME 11 | B14: 3 | C14: 1 | D14: 1 | E14: 2 | F14: 1 | G14: 3 | H14: 130 | I14: 6 | J14: =B14+C14
A15: ME 12 | B15: 3 | C15: 0 | D15: 0 | E15: 1 | F15: 1 | G15: 1 | H15: 70 | I15: 5 | J15: =B15+C15
A16: Daily Total | B16: =SUM(B4:B15) | C16: =SUM(C4:C15) | D16: =SUM(D4:D15) | E16: =SUM(E4:E15) | F16: =SUM(F4:F15) | G16: =SUM(G4:G15) | H16: =SUM(H4:H15) | I16: =SUM(I4:I15) | J16: =SUM(J4:J15)

Sheet 8
A1: Daily Tracker — Day 8
A2: Synthetic data — portfolio sample
A3: Mobile Expert | B3: Activations | C3: Prepaid | D3: BTS | E3: Upgrades | F3: HSI | G3: P360 | H3: Accessories ($) | I3: Devices | J3: Acts+Pre
A4: ME 1 | B4: 8 | C4: 4 | D4: 4 | E4: 6 | F4: 0 | G4: 1 | H4: 155 | I4: 5 | J4: =B4+C4
A5: ME 2 | B5: 7 | C5: 2 | D5: 2 | E5: 5 | F5: 2 | G5: 4 | H5: 16 | I5: 8 | J5: =B5+C5
A6: ME 3 | B6: 2 | C6: 4 | D6: 1 | E6: 2 | F6: 1 | G6: 5 | H6: 273 | I6: 3 | J6: =B6+C6
A7: ME 4 | B7: 6 | C7: 2 | D7: 3 | E7: 5 | F7: 2 | G7: 1 | H7: 93 | I7: 6 | J7: =B7+C7
A8: ME 5 | B8: 2 | C8: 4 | D8: 2 | E8: 3 | F8: 2 | G8: 2 | H8: 211 | I8: 4 | J8: =B8+C8
A9: ME 6 | B9: 3 | C9: 4 | D9: 1 | E9: 3 | F9: 0 | G9: 5 | H9: 43 | I9: 7 | J9: =B9+C9
A10: ME 7 | B10: 4 | C10: 3 | D10: 2 | E10: 0 | F10: 2 | G10: 1 | H10: 175 | I10: 4 | J10: =B10+C10
A11: ME 8 | B11: 1 | C11: 3 | D11: 1 | E11: 2 | F11: 1 | G11: 2 | H11: 179 | I11: 7 | J11: =B11+C11
A12: ME 9 | B12: 1 | C12: 1 | D12: 2 | E12: 3 | F12: 1 | G12: 0 | H12: 98 | I12: 6 | J12: =B12+C12
A13: ME 10 | B13: 3 | C13: 1 | D13: 1 | E13: 1 | F13: 0 | G13: 4 | H13: 72 | I13: 2 | J13: =B13+C13
A14: ME 11 | B14: 1 | C14: 1 | D14: 2 | E14: 2 | F14: 0 | G14: 2 | H14: 2 | I14: 4 | J14: =B14+C14
A15: ME 12 | B15: 3 | C15: 2 | D15: 0 | E15: 2 | F15: 1 | G15: 2 | H15: 16 | I15: 1 | J15: =B15+C15
A16: Daily Total | B16: =SUM(B4:B15) | C16: =SUM(C4:C15) | D16: =SUM(D4:D15) | E16: =SUM(E4:E15) | F16: =SUM(F4:F15) | G16: =SUM(G4:G15) | H16: =SUM(H4:H15) | I16: =SUM(I4:I15) | J16: =SUM(J4:J15)

Sheet 9
A1: Daily Tracker — Day 9
A2: Synthetic data — portfolio sample
A3: Mobile Expert | B3: Activations | C3: Prepaid | D3: BTS | E3: Upgrades | F3: HSI | G3: P360 | H3: Accessories ($) | I3: Devices | J3: Acts+Pre
A4: ME 1 | B4: 4 | C4: 4 | D4: 2 | E4: 2 | F4: 1 | G4: 6 | H4: 259 | I4: 7 | J4: =B4+C4
A5: ME 2 | B5: 1 | C5: 4 | D5: 1 | E5: 3 | F5: 3 | G5: 0 | H5: 161 | I5: 3 | J5: =B5+C5
A6: ME 3 | B6: 6 | C6: 0 | D6: 3 | E6: 6 | F6: 0 | G6: 6 | H6: 75 | I6: 7 | J6: =B6+C6
A7: ME 4 | B7: 4 | C7: 1 | D7: 2 | E7: 2 | F7: 1 | G7: 0 | H7: 104 | I7: 8 | J7: =B7+C7
A8: ME 5 | B8: 4 | C8: 1 | D8: 1 | E8: 2 | F8: 2 | G8: 4 | H8: 87 | I8: 3 | J8: =B8+C8
A9: ME 6 | B9: 6 | C9: 1 | D9: 2 | E9: 3 | F9: 2 | G9: 5 | H9: 90 | I9: 5 | J9: =B9+C9
A10: ME 7 | B10: 3 | C10: 3 | D10: 1 | E10: 4 | F10: 2 | G10: 0 | H10: 7 | I10: 8 | J10: =B10+C10
A11: ME 8 | B11: 4 | C11: 3 | D11: 1 | E11: 1 | F11: 0 | G11: 1 | H11: 39 | I11: 2 | J11: =B11+C11
A12: ME 9 | B12: 4 | C12: 0 | D12: 2 | E12: 2 | F12: 2 | G12: 2 | H12: 73 | I12: 3 | J12: =B12+C12
A13: ME 10 | B13: 4 | C13: 1 | D13: 1 | E13: 3 | F13: 2 | G13: 4 | H13: 157 | I13: 6 | J13: =B13+C13
A14: ME 11 | B14: 2 | C14: 1 | D14: 1 | E14: 2 | F14: 2 | G14: 2 | H14: 62 | I14: 5 | J14: =B14+C14
A15: ME 12 | B15: 3 | C15: 1 | D15: 1 | E15: 1 | F15: 1 | G15: 1 | H15: 79 | I15: 4 | J15: =B15+C15
A16: Daily Total | B16: =SUM(B4:B15) | C16: =SUM(C4:C15) | D16: =SUM(D4:D15) | E16: =SUM(E4:E15) | F16: =SUM(F4:F15) | G16: =SUM(G4:G15) | H16: =SUM(H4:H15) | I16: =SUM(I4:I15) | J16: =SUM(J4:J15)

Sheet 10
A1: Daily Tracker — Day 10
A2: Synthetic data — portfolio sample
A3: Mobile Expert | B3: Activations | C3: Prepaid | D3: BTS | E3: Upgrades | F3: HSI | G3: P360 | H3: Accessories ($) | I3: Devices | J3: Acts+Pre
A4: ME 1 | B4: 3 | C4: 0 | D4: 1 | E4: 1 | F4: 4 | G4: 2 | H4: 310 | I4: 4 | J4: =B4+C4
A5: ME 2 | B5: 1 | C5: 3 | D5: 1 | E5: 3 | F5: 2 | G5: 2 | H5: 15 | I5: 6 | J5: =B5+C5
A6: ME 3 | B6: 5 | C6: 3 | D6: 2 | E6: 4 | F6: 3 | G6: 2 | H6: 281 | I6: 8 | J6: =B6+C6
A7: ME 4 | B7: 2 | C7: 2 | D7: 2 | E7: 3 | F7: 1 | G7: 1 | H7: 171 | I7: 10 | J7: =B7+C7
A8: ME 5 | B8: 4 | C8: 3 | D8: 1 | E8: 4 | F8: 1 | G8: 6 | H8: 142 | I8: 8 | J8: =B8+C8
A9: ME 6 | B9: 7 | C9: 1 | D9: 2 | E9: 3 | F9: 2 | G9: 6 | H9: 46 | I9: 1 | J9: =B9+C9
A10: ME 7 | B10: 4 | C10: 2 | D10: 2 | E10: 4 | F10: 0 | G10: 3 | H10: 77 | I10: 1 | J10: =B10+C10
A11: ME 8 | B11: 3 | C11: 3 | D11: 1 | E11: 4 | F11: 0 | G11: 1 | H11: 91 | I11: 8 | J11: =B11+C11
A12: ME 9 | B12: 4 | C12: 2 | D12: 1 | E12: 1 | F12: 1 | G12: 2 | H12: 87 | I12: 2 | J12: =B12+C12
A13: ME 10 | B13: 2 | C13: 1 | D13: 1 | E13: 3 | F13: 1 | G13: 2 | H13: 29 | I13: 1 | J13: =B13+C13
A14: ME 11 | B14: 4 | C14: 2 | D14: 1 | E14: 1 | F14: 2 | G14: 3 | H14: 66 | I14: 6 | J14: =B14+C14
A15: ME 12 | B15: 2 | C15: 1 | D15: 0 | E15: 1 | F15: 2 | G15: 2 | H15: 15 | I15: 2 | J15: =B15+C15
A16: Daily Total | B16: =SUM(B4:B15) | C16: =SUM(C4:C15) | D16: =SUM(D4:D15) | E16: =SUM(E4:E15) | F16: =SUM(F4:F15) | G16: =SUM(G4:G15) | H16: =SUM(H4:H15) | I16: =SUM(I4:I15) | J16: =SUM(J4:J15)

Sheet 11
A1: Daily Tracker — Day 11
A2: Synthetic data — portfolio sample
A3: Mobile Expert | B3: Activations | C3: Prepaid | D3: BTS | E3: Upgrades | F3: HSI | G3: P360 | H3: Accessories ($) | I3: Devices | J3: Acts+Pre
A4: ME 1 | B4: 4 | C4: 3 | D4: 0 | E4: 3 | F4: 4 | G4: 2 | H4: 141 | I4: 3 | J4: =B4+C4
A5: ME 2 | B5: 3 | C5: 3 | D5: 2 | E5: 6 | F5: 3 | G5: 5 | H5: 94 | I5: 7 | J5: =B5+C5
A6: ME 3 | B6: 2 | C6: 4 | D6: 0 | E6: 2 | F6: 2 | G6: 2 | H6: 37 | I6: 7 | J6: =B6+C6
A7: ME 4 | B7: 3 | C7: 1 | D7: 2 | E7: 3 | F7: 1 | G7: 0 | H7: 147 | I7: 9 | J7: =B7+C7
A8: ME 5 | B8: 6 | C8: 4 | D8: 2 | E8: 0 | F8: 0 | G8: 5 | H8: 212 | I8: 4 | J8: =B8+C8
A9: ME 6 | B9: 4 | C9: 4 | D9: 2 | E9: 2 | F9: 1 | G9: 5 | H9: 114 | I9: 7 | J9: =B9+C9
A10: ME 7 | B10: 2 | C10: 2 | D10: 1 | E10: 4 | F10: 1 | G10: 1 | H10: 116 | I10: 3 | J10: =B10+C10
A11: ME 8 | B11: 6 | C11: 2 | D11: 0 | E11: 4 | F11: 0 | G11: 1 | H11: 108 | I11: 2 | J11: =B11+C11
A12: ME 9 | B12: 4 | C12: 2 | D12: 0 | E12: 1 | F12: 1 | G12: 0 | H12: 179 | I12: 4 | J12: =B12+C12
A13: ME 10 | B13: 2 | C13: 1 | D13: 2 | E13: 3 | F13: 2 | G13: 2 | H13: 80 | I13: 4 | J13: =B13+C13
A14: ME 11 | B14: 3 | C14: 1 | D14: 2 | E14: 1 | F14: 2 | G14: 4 | H14: 108 | I14: 2 | J14: =B14+C14
A15: ME 12 | B15: 1 | C15: 2 | D15: 2 | E15: 1 | F15: 1 | G15: 2 | H15: 98 | I15: 2 | J15: =B15+C15
A16: Daily Total | B16: =SUM(B4:B15) | C16: =SUM(C4:C15) | D16: =SUM(D4:D15) | E16: =SUM(E4:E15) | F16: =SUM(F4:F15) | G16: =SUM(G4:G15) | H16: =SUM(H4:H15) | I16: =SUM(I4:I15) | J16: =SUM(J4:J15)

Sheet 12
A1: Daily Tracker — Day 12
A2: Synthetic data — portfolio sample
A3: Mobile Expert | B3: Activations | C3: Prepaid | D3: BTS | E3: Upgrades | F3: HSI | G3: P360 | H3: Accessories ($) | I3: Devices | J3: Acts+Pre
A4: ME 1 | B4: 3 | C4: 1 | D4: 3 | E4: 2 | F4: 1 | G4: 7 | H4: 126 | I4: 11 | J4: =B4+C4
A5: ME 2 | B5: 5 | C5: 4 | D5: 3 | E5: 5 | F5: 2 | G5: 5 | H5: 279 | I5: 3 | J5: =B5+C5
A6: ME 3 | B6: 5 | C6: 1 | D6: 2 | E6: 3 | F6: 1 | G6: 5 | H6: 34 | I6: 6 | J6: =B6+C6
A7: ME 4 | B7: 4 | C7: 2 | D7: 1 | E7: 5 | F7: 2 | G7: 3 | H7: 27 | I7: 2 | J7: =B7+C7
A8: ME 5 | B8: 3 | C8: 0 | D8: 1 | E8: 2 | F8: 1 | G8: 5 | H8: 64 | I8: 7 | J8: =B8+C8
A9: ME 6 | B9: 4 | C9: 0 | D9: 1 | E9: 2 | F9: 2 | G9: 2 | H9: 35 | I9: 1 | J9: =B9+C9
A10: ME 7 | B10: 6 | C10: 3 | D10: 1 | E10: 2 | F10: 0 | G10: 4 | H10: 96 | I10: 8 | J10: =B10+C10
A11: ME 8 | B11: 3 | C11: 1 | D11: 2 | E11: 0 | F11: 0 | G11: 5 | H11: 125 | I11: 5 | J11: =B11+C11
A12: ME 9 | B12: 4 | C12: 0 | D12: 1 | E12: 3 | F12: 1 | G12: 3 | H12: 121 | I12: 3 | J12: =B12+C12
A13: ME 10 | B13: 4 | C13: 3 | D13: 1 | E13: 1 | F13: 1 | G13: 4 | H13: 106 | I13: 3 | J13: =B13+C13
A14: ME 11 | B14: 3 | C14: 2 | D14: 0 | E14: 3 | F14: 2 | G14: 0 | H14: 8 | I14: 5 | J14: =B14+C14
A15: ME 12 | B15: 1 | C15: 0 | D15: 1 | E15: 0 | F15: 1 | G15: 3 | H15: 131 | I15: 4 | J15: =B15+C15
A16: Daily Total | B16: =SUM(B4:B15) | C16: =SUM(C4:C15) | D16: =SUM(D4:D15) | E16: =SUM(E4:E15) | F16: =SUM(F4:F15) | G16: =SUM(G4:G15) | H16: =SUM(H4:H15) | I16: =SUM(I4:I15) | J16: =SUM(J4:J15)

Sheet 13
A1: Daily Tracker — Day 13
A2: Synthetic data — portfolio sample
A3: Mobile Expert | B3: Activations | C3: Prepaid | D3: BTS | E3: Upgrades | F3: HSI | G3: P360 | H3: Accessories ($) | I3: Devices | J3: Acts+Pre
A4: ME 1 | B4: 7 | C4: 5 | D4: 3 | E4: 3 | F4: 1 | G4: 8 | H4: 242 | I4: 9 | J4: =B4+C4
A5: ME 2 | B5: 2 | C5: 3 | D5: 3 | E5: 2 | F5: 0 | G5: 7 | H5: 261 | I5: 7 | J5: =B5+C5
A6: ME 3 | B6: 5 | C6: 4 | D6: 3 | E6: 0 | F6: 1 | G6: 5 | H6: 7 | I6: 9 | J6: =B6+C6
A7: ME 4 | B7: 4 | C7: 1 | D7: 3 | E7: 3 | F7: 2 | G7: 3 | H7: 197 | I7: 3 | J7: =B7+C7
A8: ME 5 | B8: 4 | C8: 2 | D8: 3 | E8: 5 | F8: 1 | G8: 3 | H8: 186 | I8: 4 | J8: =B8+C8
A9: ME 6 | B9: 1 | C9: 3 | D9: 0 | E9: 2 | F9: 0 | G9: 4 | H9: 158 | I9: 9 | J9: =B9+C9
A10: ME 7 | B10: 7 | C10: 1 | D10: 2 | E10: 0 | F10: 0 | G10: 3 | H10: 211 | I10: 7 | J10: =B10+C10
A11: ME 8 | B11: 6 | C11: 2 | D11: 1 | E11: 0 | F11: 1 | G11: 4 | H11: 150 | I11: 6 | J11: =B11+C11
A12: ME 9 | B12: 2 | C12: 3 | D12: 1 | E12: 0 | F12: 1 | G12: 3 | H12: 176 | I12: 1 | J12: =B12+C12
A13: ME 10 | B13: 2 | C13: 0 | D13: 2 | E13: 1 | F13: 2 | G13: 2 | H13: 128 | I13: 2 | J13: =B13+C13
A14: ME 11 | B14: 2 | C14: 3 | D14: 1 | E14: 0 | F14: 1 | G14: 0 | H14: 109 | I14: 1 | J14: =B14+C14
A15: ME 12 | B15: 3 | C15: 2 | D15: 0 | E15: 1 | F15: 1 | G15: 1 | H15: 116 | I15: 2 | J15: =B15+C15
A16: Daily Total | B16: =SUM(B4:B15) | C16: =SUM(C4:C15) | D16: =SUM(D4:D15) | E16: =SUM(E4:E15) | F16: =SUM(F4:F15) | G16: =SUM(G4:G15) | H16: =SUM(H4:H15) | I16: =SUM(I4:I15) | J16: =SUM(J4:J15)

Sheet 14
A1: Daily Tracker — Day 14
A2: Synthetic data — portfolio sample
A3: Mobile Expert | B3: Activations | C3: Prepaid | D3: BTS | E3: Upgrades | F3: HSI | G3: P360 | H3: Accessories ($) | I3: Devices | J3: Acts+Pre
A4: ME 1 | B4: 8 | C4: 4 | D4: 3 | E4: 3 | F4: 1 | G4: 1 | H4: 9 | I4: 4 | J4: =B4+C4
A5: ME 2 | B5: 6 | C5: 4 | D5: 1 | E5: 1 | F5: 1 | G5: 4 | H5: 11 | I5: 8 | J5: =B5+C5
A6: ME 3 | B6: 6 | C6: 0 | D6: 0 | E6: 4 | F6: 1 | G6: 4 | H6: 149 | I6: 11 | J6: =B6+C6
A7: ME 4 | B7: 3 | C7: 4 | D7: 1 | E7: 2 | F7: 1 | G7: 5 | H7: 33 | I7: 8 | J7: =B7+C7
A8: ME 5 | B8: 4 | C8: 2 | D8: 3 | E8: 4 | F8: 1 | G8: 4 | H8: 184 | I8: 4 | J8: =B8+C8
A9: ME 6 | B9: 3 | C9: 3 | D9: 2 | E9: 3 | F9: 3 | G9: 6 | H9: 9 | I9: 8 | J9: =B9+C9
A10: ME 7 | B10: 3 | C10: 1 | D10: 0 | E10: 2 | F10: 2 | G10: 2 | H10: 25 | I10: 7 | J10: =B10+C10
A11: ME 8 | B11: 3 | C11: 3 | D11: 2 | E11: 3 | F11: 3 | G11: 4 | H11: 176 | I11: 7 | J11: =B11+C11
A12: ME 9 | B12: 3 | C12: 1 | D12: 1 | E12: 2 | F12: 0 | G12: 2 | H12: 49 | I12: 6 | J12: =B12+C12
A13: ME 10 | B13: 5 | C13: 1 | D13: 0 | E13: 1 | F13: 0 | G13: 1 | H13: 54 | I13: 2 | J13: =B13+C13
A14: ME 11 | B14: 4 | C14: 1 | D14: 1 | E14: 2 | F14: 0 | G14: 4 | H14: 132 | I14: 5 | J14: =B14+C14
A15: ME 12 | B15: 1 | C15: 0 | D15: 0 | E15: 1 | F15: 1 | G15: 2 | H15: 66 | I15: 2 | J15: =B15+C15
A16: Daily Total | B16: =SUM(B4:B15) | C16: =SUM(C4:C15) | D16: =SUM(D4:D15) | E16: =SUM(E4:E15) | F16: =SUM(F4:F15) | G16: =SUM(G4:G15) | H16: =SUM(H4:H15) | I16: =SUM(I4:I15) | J16: =SUM(J4:J15)

Sheet 15
A1: Daily Tracker — Day 15
A2: Synthetic data — portfolio sample
A3: Mobile Expert | B3: Activations | C3: Prepaid | D3: BTS | E3: Upgrades | F3: HSI | G3: P360 | H3: Accessories ($) | I3: Devices | J3: Acts+Pre
A4: ME 1 | B4: 4 | C4: 0 | D4: 4 | E4: 6 | F4: 3 | G4: 1 | H4: 36 | I4: 5 | J4: =B4+C4
A5: ME 2 | B5: 2 | C5: 4 | D5: 1 | E5: 3 | F5: 1 | G5: 1 | H5: 71 | I5: 9 | J5: =B5+C5
A6: ME 3 | B6: 6 | C6: 2 | D6: 1 | E6: 3 | F6: 2 | G6: 5 | H6: 7 | I6: 5 | J6: =B6+C6
A7: ME 4 | B7: 7 | C7: 1 | D7: 3 | E7: 1 | F7: 1 | G7: 2 | H7: 248 | I7: 8 | J7: =B7+C7
A8: ME 5 | B8: 5 | C8: 2 | D8: 0 | E8: 2 | F8: 2 | G8: 5 | H8: 98 | I8: 2 | J8: =B8+C8
A9: ME 6 | B9: 4 | C9: 1 | D9: 1 | E9: 4 | F9: 2 | G9: 0 | H9: 179 | I9: 7 | J9: =B9+C9
A10: ME 7 | B10: 6 | C10: 1 | D10: 0 | E10: 2 | F10: 3 | G10: 2 | H10: 128 | I10: 3 | J10: =B10+C10
A11: ME 8 | B11: 4 | C11: 2 | D11: 2 | E11: 4 | F11: 1 | G11: 5 | H11: 63 | I11: 3 | J11: =B11+C11
A12: ME 9 | B12: 3 | C12: 0 | D12: 2 | E12: 1 | F12: 0 | G12: 5 | H12: 28 | I12: 6 | J12: =B12+C12
A13: ME 10 | B13: 1 | C13: 1 | D13: 1 | E13: 3 | F13: 0 | G13: 0 | H13: 98 | I13: 3 | J13: =B13+C13
A14: ME 11 | B14: 1 | C14: 1 | D14: 1 | E14: 3 | F14: 0 | G14: 0 | H14: 149 | I14: 6 | J14: =B14+C14
A15: ME 12 | B15: 3 | C15: 2 | D15: 0 | E15: 2 | F15: 0 | G15: 2 | H15: 116 | I15: 3 | J15: =B15+C15
A16: Daily Total | B16: =SUM(B4:B15) | C16: =SUM(C4:C15) | D16: =SUM(D4:D15) | E16: =SUM(E4:E15) | F16: =SUM(F4:F15) | G16: =SUM(G4:G15) | H16: =SUM(H4:H15) | I16: =SUM(I4:I15) | J16: =SUM(J4:J15)

Sheet 16
A1: Daily Tracker — Day 16
A2: Synthetic data — portfolio sample
A3: Mobile Expert | B3: Activations | C3: Prepaid | D3: BTS | E3: Upgrades | F3: HSI | G3: P360 | H3: Accessories ($) | I3: Devices | J3: Acts+Pre
A4: ME 1 | B4: 2 | C4: 5 | D4: 1 | E4: 1 | F4: 3 | G4: 5 | H4: 62 | I4: 6 | J4: =B4+C4
A5: ME 2 | B5: 7 | C5: 3 | D5: 1 | E5: 3 | F5: 2 | G5: 6 | H5: 130 | I5: 4 | J5: =B5+C5
A6: ME 3 | B6: 2 | C6: 4 | D6: 3 | E6: 5 | F6: 1 | G6: 5 | H6: 142 | I6: 2 | J6: =B6+C6
A7: ME 4 | B7: 2 | C7: 3 | D7: 0 | E7: 0 | F7: 3 | G7: 4 | H7: 61 | I7: 6 | J7: =B7+C7
A8: ME 5 | B8: 3 | C8: 0 | D8: 3 | E8: 1 | F8: 1 | G8: 5 | H8: 126 | I8: 6 | J8: =B8+C8
A9: ME 6 | B9: 5 | C9: 2 | D9: 3 | E9: 1 | F9: 1 | G9: 2 | H9: 141 | I9: 3 | J9: =B9+C9
A10: ME 7 | B10: 3 | C10: 3 | D10: 3 | E10: 3 | F10: 0 | G10: 6 | H10: 169 | I10: 3 | J10: =B10+C10
A11: ME 8 | B11: 6 | C11: 0 | D11: 0 | E11: 2 | F11: 2 | G11: 3 | H11: 207 | I11: 5 | J11: =B11+C11
A12: ME 9 | B12: 5 | C12: 0 | D12: 1 | E12: 2 | F12: 2 | G12: 4 | H12: 165 | I12: 4 | J12: =B12+C12
A13: ME 10 | B13: 4 | C13: 2 | D13: 1 | E13: 3 | F13: 2 | G13: 3 | H13: 29 | I13: 6 | J13: =B13+C13
A14: ME 11 | B14: 2 | C14: 1 | D14: 1 | E14: 1 | F14: 1 | G14: 2 | H14: 144 | I14: 3 | J14: =B14+C14
A15: ME 12 | B15: 1 | C15: 1 | D15: 0 | E15: 2 | F15: 1 | G15: 0 | H15: 87 | I15: 1 | J15: =B15+C15
A16: Daily Total | B16: =SUM(B4:B15) | C16: =SUM(C4:C15) | D16: =SUM(D4:D15) | E16: =SUM(E4:E15) | F16: =SUM(F4:F15) | G16: =SUM(G4:G15) | H16: =SUM(H4:H15) | I16: =SUM(I4:I15) | J16: =SUM(J4:J15)

Sheet 17
A1: Daily Tracker — Day 17
A2: Synthetic data — portfolio sample
A3: Mobile Expert | B3: Activations | C3: Prepaid | D3: BTS | E3: Upgrades | F3: HSI | G3: P360 | H3: Accessories ($) | I3: Devices | J3: Acts+Pre
A4: ME 1 | B4: 6 | C4: 0 | D4: 1 | E4: 6 | F4: 2 | G4: 5 | H4: 249 | I4: 3 | J4: =B4+C4
A5: ME 2 | B5: 5 | C5: 4 | D5: 3 | E5: 1 | F5: 1 | G5: 1 | H5: 218 | I5: 11 | J5: =B5+C5
A6: ME 3 | B6: 3 | C6: 1 | D6: 3 | E6: 2 | F6: 2 | G6: 0 | H6: 222 | I6: 2 | J6: =B6+C6
A7: ME 4 | B7: 2 | C7: 1 | D7: 2 | E7: 1 | F7: 1 | G7: 1 | H7: 204 | I7: 7 | J7: =B7+C7
A8: ME 5 | B8: 1 | C8: 4 | D8: 0 | E8: 3 | F8: 2 | G8: 3 | H8: 194 | I8: 9 | J8: =B8+C8
A9: ME 6 | B9: 5 | C9: 2 | D9: 1 | E9: 2 | F9: 3 | G9: 6 | H9: 20 | I9: 9 | J9: =B9+C9
A10: ME 7 | B10: 7 | C10: 3 | D10: 2 | E10: 3 | F10: 2 | G10: 4 | H10: 53 | I10: 3 | J10: =B10+C10
A11: ME 8 | B11: 1 | C11: 1 | D11: 0 | E11: 4 | F11: 1 | G11: 0 | H11: 22 | I11: 6 | J11: =B11+C11
A12: ME 9 | B12: 3 | C12: 0 | D12: 1 | E12: 4 | F12: 2 | G12: 3 | H12: 39 | I12: 7 | J12: =B12+C12
A13: ME 10 | B13: 2 | C13: 1 | D13: 1 | E13: 0 | F13: 2 | G13: 4 | H13: 157 | I13: 6 | J13: =B13+C13
A14: ME 11 | B14: 1 | C14: 1 | D14: 2 | E14: 2 | F14: 2 | G14: 0 | H14: 131 | I14: 5 | J14: =B14+C14
A15: ME 12 | B15: 1 | C15: 1 | D15: 1 | E15: 2 | F15: 1 | G15: 3 | H15: 3 | I15: 3 | J15: =B15+C15
A16: Daily Total | B16: =SUM(B4:B15) | C16: =SUM(C4:C15) | D16: =SUM(D4:D15) | E16: =SUM(E4:E15) | F16: =SUM(F4:F15) | G16: =SUM(G4:G15) | H16: =SUM(H4:H15) | I16: =SUM(I4:I15) | J16: =SUM(J4:J15)

Sheet 18
A1: Daily Tracker — Day 18
A2: Synthetic data — portfolio sample
A3: Mobile Expert | B3: Activations | C3: Prepaid | D3: BTS | E3: Upgrades | F3: HSI | G3: P360 | H3: Accessories ($) | I3: Devices | J3: Acts+Pre
A4: ME 1 | B4: 7 | C4: 1 | D4: 3 | E4: 6 | F4: 1 | G4: 1 | H4: 196 | I4: 9 | J4: =B4+C4
A5: ME 2 | B5: 7 | C5: 0 | D5: 3 | E5: 1 | F5: 3 | G5: 2 | H5: 36 | I5: 3 | J5: =B5+C5
A6: ME 3 | B6: 8 | C6: 4 | D6: 1 | E6: 3 | F6: 2 | G6: 2 | H6: 1 | I6: 2 | J6: =B6+C6
A7: ME 4 | B7: 1 | C7: 2 | D7: 3 | E7: 5 | F7: 2 | G7: 6 | H7: 15 | I7: 7 | J7: =B7+C7
A8: ME 5 | B8: 7 | C8: 2 | D8: 3 | E8: 2 | F8: 0 | G8: 6 | H8: 193 | I8: 9 | J8: =B8+C8
A9: ME 6 | B9: 2 | C9: 1 | D9: 3 | E9: 2 | F9: 1 | G9: 5 | H9: 74 | I9: 4 | J9: =B9+C9
A10: ME 7 | B10: 2 | C10: 0 | D10: 3 | E10: 0 | F10: 1 | G10: 4 | H10: 108 | I10: 3 | J10: =B10+C10
A11: ME 8 | B11: 4 | C11: 1 | D11: 2 | E11: 3 | F11: 1 | G11: 1 | H11: 26 | I11: 4 | J11: =B11+C11
A12: ME 9 | B12: 3 | C12: 1 | D12: 2 | E12: 1 | F12: 0 | G12: 3 | H12: 196 | I12: 2 | J12: =B12+C12
A13: ME 10 | B13: 2 | C13: 0 | D13: 2 | E13: 4 | F13: 1 | G13: 0 | H13: 81 | I13: 5 | J13: =B13+C13
A14: ME 11 | B14: 2 | C14: 1 | D14: 0 | E14: 2 | F14: 0 | G14: 1 | H14: 67 | I14: 3 | J14: =B14+C14
A15: ME 12 | B15: 2 | C15: 2 | D15: 0 | E15: 2 | F15: 0 | G15: 3 | H15: 6 | I15: 1 | J15: =B15+C15
A16: Daily Total | B16: =SUM(B4:B15) | C16: =SUM(C4:C15) | D16: =SUM(D4:D15) | E16: =SUM(E4:E15) | F16: =SUM(F4:F15) | G16: =SUM(G4:G15) | H16: =SUM(H4:H15) | I16: =SUM(I4:I15) | J16: =SUM(J4:J15)

Sheet 19
A1: Daily Tracker — Day 19
A2: Synthetic data — portfolio sample
A3: Mobile Expert | B3: Activations | C3: Prepaid | D3: BTS | E3: Upgrades | F3: HSI | G3: P360 | H3: Accessories ($) | I3: Devices | J3: Acts+Pre
A4: ME 1 | B4: 5 | C4: 1 | D4: 3 | E4: 5 | F4: 4 | G4: 5 | H4: 20 | I4: 8 | J4: =B4+C4
A5: ME 2 | B5: 8 | C5: 5 | D5: 3 | E5: 4 | F5: 3 | G5: 1 | H5: 225 | I5: 11 | J5: =B5+C5
A6: ME 3 | B6: 3 | C6: 2 | D6: 1 | E6: 4 | F6: 2 | G6: 3 | H6: 206 | I6: 3 | J6: =B6+C6
A7: ME 4 | B7: 8 | C7: 2 | D7: 1 | E7: 3 | F7: 3 | G7: 6 | H7: 158 | I7: 3 | J7: =B7+C7
A8: ME 5 | B8: 5 | C8: 0 | D8: 2 | E8: 3 | F8: 0 | G8: 5 | H8: 126 | I8: 6 | J8: =B8+C8
A9: ME 6 | B9: 4 | C9: 3 | D9: 3 | E9: 3 | F9: 2 | G9: 5 | H9: 151 | I9: 2 | J9: =B9+C9
A10: ME 7 | B10: 2 | C10: 2 | D10: 2 | E10: 2 | F10: 2 | G10: 4 | H10: 223 | I10: 6 | J10: =B10+C10
A11: ME 8 | B11: 5 | C11: 1 | D11: 0 | E11: 3 | F11: 2 | G11: 1 | H11: 211 | I11: 7 | J11: =B11+C11
A12: ME 9 | B12: 2 | C12: 0 | D12: 1 | E12: 3 | F12: 1 | G12: 4 | H12: 11 | I12: 7 | J12: =B12+C12
A13: ME 10 | B13: 3 | C13: 1 | D13: 2 | E13: 4 | F13: 2 | G13: 3 | H13: 15 | I13: 7 | J13: =B13+C13
A14: ME 11 | B14: 4 | C14: 2 | D14: 1 | E14: 1 | F14: 2 | G14: 2 | H14: 57 | I14: 4 | J14: =B14+C14
A15: ME 12 | B15: 3 | C15: 0 | D15: 1 | E15: 0 | F15: 0 | G15: 2 | H15: 80 | I15: 1 | J15: =B15+C15
A16: Daily Total | B16: =SUM(B4:B15) | C16: =SUM(C4:C15) | D16: =SUM(D4:D15) | E16: =SUM(E4:E15) | F16: =SUM(F4:F15) | G16: =SUM(G4:G15) | H16: =SUM(H4:H15) | I16: =SUM(I4:I15) | J16: =SUM(J4:J15)

Sheet 20
A1: Daily Tracker — Day 20
A2: Synthetic data — portfolio sample
A3: Mobile Expert | B3: Activations | C3: Prepaid | D3: BTS | E3: Upgrades | F3: HSI | G3: P360 | H3: Accessories ($) | I3: Devices | J3: Acts+Pre
A4: ME 1 | B4: 9 | C4: 3 | D4: 3 | E4: 5 | F4: 2 | G4: 8 | H4: 121 | I4: 2 | J4: =B4+C4
A5: ME 2 | B5: 2 | C5: 3 | D5: 1 | E5: 4 | F5: 3 | G5: 1 | H5: 105 | I5: 3 | J5: =B5+C5
A6: ME 3 | B6: 3 | C6: 3 | D6: 0 | E6: 2 | F6: 3 | G6: 2 | H6: 109 | I6: 5 | J6: =B6+C6
A7: ME 4 | B7: 7 | C7: 3 | D7: 3 | E7: 4 | F7: 2 | G7: 4 | H7: 208 | I7: 4 | J7: =B7+C7
A8: ME 5 | B8: 5 | C8: 2 | D8: 1 | E8: 0 | F8: 1 | G8: 2 | H8: 73 | I8: 9 | J8: =B8+C8
A9: ME 6 | B9: 5 | C9: 3 | D9: 2 | E9: 0 | F9: 0 | G9: 3 | H9: 62 | I9: 2 | J9: =B9+C9
A10: ME 7 | B10: 4 | C10: 3 | D10: 0 | E10: 1 | F10: 2 | G10: 4 | H10: 67 | I10: 8 | J10: =B10+C10
A11: ME 8 | B11: 1 | C11: 2 | D11: 2 | E11: 1 | F11: 0 | G11: 0 | H11: 187 | I11: 6 | J11: =B11+C11
A12: ME 9 | B12: 4 | C12: 0 | D12: 0 | E12: 2 | F12: 0 | G12: 3 | H12: 86 | I12: 4 | J12: =B12+C12
A13: ME 10 | B13: 2 | C13: 0 | D13: 0 | E13: 0 | F13: 1 | G13: 3 | H13: 21 | I13: 2 | J13: =B13+C13
A14: ME 11 | B14: 2 | C14: 2 | D14: 1 | E14: 1 | F14: 1 | G14: 3 | H14: 84 | I14: 5 | J14: =B14+C14
A15: ME 12 | B15: 4 | C15: 2 | D15: 2 | E15: 1 | F15: 1 | G15: 1 | H15: 31 | I15: 1 | J15: =B15+C15
A16: Daily Total | B16: =SUM(B4:B15) | C16: =SUM(C4:C15) | D16: =SUM(D4:D15) | E16: =SUM(E4:E15) | F16: =SUM(F4:F15) | G16: =SUM(G4:G15) | H16: =SUM(H4:H15) | I16: =SUM(I4:I15) | J16: =SUM(J4:J15)

Sheet 21
A1: Daily Tracker — Day 21
A2: Synthetic data — portfolio sample
A3: Mobile Expert | B3: Activations | C3: Prepaid | D3: BTS | E3: Upgrades | F3: HSI | G3: P360 | H3: Accessories ($) | I3: Devices | J3: Acts+Pre
A4: ME 1 | B4: 4 | C4: 2 | D4: 3 | E4: 5 | F4: 3 | G4: 6 | H4: 289 | I4: 4 | J4: =B4+C4
A5: ME 2 | B5: 2 | C5: 2 | D5: 1 | E5: 5 | F5: 2 | G5: 4 | H5: 297 | I5: 4 | J5: =B5+C5
A6: ME 3 | B6: 2 | C6: 0 | D6: 3 | E6: 1 | F6: 1 | G6: 0 | H6: 104 | I6: 5 | J6: =B6+C6
A7: ME 4 | B7: 6 | C7: 2 | D7: 1 | E7: 3 | F7: 1 | G7: 2 | H7: 265 | I7: 9 | J7: =B7+C7
A8: ME 5 | B8: 1 | C8: 4 | D8: 2 | E8: 3 | F8: 2 | G8: 4 | H8: 190 | I8: 6 | J8: =B8+C8
A9: ME 6 | B9: 4 | C9: 3 | D9: 1 | E9: 2 | F9: 1 | G9: 1 | H9: 139 | I9: 7 | J9: =B9+C9
A10: ME 7 | B10: 5 | C10: 2 | D10: 2 | E10: 1 | F10: 0 | G10: 4 | H10: 1 | I10: 3 | J10: =B10+C10
A11: ME 8 | B11: 4 | C11: 3 | D11: 2 | E11: 3 | F11: 1 | G11: 1 | H11: 32 | I11: 2 | J11: =B11+C11
A12: ME 9 | B12: 3 | C12: 2 | D12: 2 | E12: 4 | F12: 1 | G12: 2 | H12: 115 | I12: 7 | J12: =B12+C12
A13: ME 10 | B13: 3 | C13: 0 | D13: 1 | E13: 3 | F13: 1 | G13: 1 | H13: 22 | I13: 7 | J13: =B13+C13
A14: ME 11 | B14: 4 | C14: 2 | D14: 1 | E14: 0 | F14: 2 | G14: 0 | H14: 43 | I14: 5 | J14: =B14+C14
A15: ME 12 | B15: 2 | C15: 2 | D15: 1 | E15: 2 | F15: 1 | G15: 2 | H15: 1 | I15: 5 | J15: =B15+C15
A16: Daily Total | B16: =SUM(B4:B15) | C16: =SUM(C4:C15) | D16: =SUM(D4:D15) | E16: =SUM(E4:E15) | F16: =SUM(F4:F15) | G16: =SUM(G4:G15) | H16: =SUM(H4:H15) | I16: =SUM(I4:I15) | J16: =SUM(J4:J15)

Sheet 22
A1: Daily Tracker — Day 22
A2: Synthetic data — portfolio sample
A3: Mobile Expert | B3: Activations | C3: Prepaid | D3: BTS | E3: Upgrades | F3: HSI | G3: P360 | H3: Accessories ($) | I3: Devices | J3: Acts+Pre
A4: ME 1 | B4: 4 | C4: 5 | D4: 3 | E4: 2 | F4: 4 | G4: 4 | H4: 74 | I4: 8 | J4: =B4+C4
A5: ME 2 | B5: 6 | C5: 2 | D5: 1 | E5: 4 | F5: 3 | G5: 7 | H5: 122 | I5: 6 | J5: =B5+C5
A6: ME 3 | B6: 1 | C6: 2 | D6: 3 | E6: 5 | F6: 0 | G6: 0 | H6: 92 | I6: 8 | J6: =B6+C6
A7: ME 4 | B7: 8 | C7: 2 | D7: 2 | E7: 2 | F7: 0 | G7: 6 | H7: 231 | I7: 2 | J7: =B7+C7
A8: ME 5 | B8: 4 | C8: 1 | D8: 3 | E8: 0 | F8: 2 | G8: 3 | H8: 224 | I8: 7 | J8: =B8+C8
A9: ME 6 | B9: 5 | C9: 4 | D9: 3 | E9: 4 | F9: 1 | G9: 5 | H9: 58 | I9: 5 | J9: =B9+C9
A10: ME 7 | B10: 4 | C10: 1 | D10: 0 | E10: 4 | F10: 2 | G10: 3 | H10: 173 | I10: 6 | J10: =B10+C10
A11: ME 8 | B11: 3 | C11: 1 | D11: 2 | E11: 2 | F11: 1 | G11: 1 | H11: 180 | I11: 3 | J11: =B11+C11
A12: ME 9 | B12: 3 | C12: 2 | D12: 2 | E12: 2 | F12: 2 | G12: 1 | H12: 21 | I12: 7 | J12: =B12+C12
A13: ME 10 | B13: 2 | C13: 2 | D13: 0 | E13: 1 | F13: 1 | G13: 1 | H13: 98 | I13: 1 | J13: =B13+C13
A14: ME 11 | B14: 2 | C14: 1 | D14: 2 | E14: 2 | F14: 1 | G14: 2 | H14: 110 | I14: 4 | J14: =B14+C14
A15: ME 12 | B15: 1 | C15: 1 | D15: 0 | E15: 3 | F15: 2 | G15: 3 | H15: 36 | I15: 3 | J15: =B15+C15
A16: Daily Total | B16: =SUM(B4:B15) | C16: =SUM(C4:C15) | D16: =SUM(D4:D15) | E16: =SUM(E4:E15) | F16: =SUM(F4:F15) | G16: =SUM(G4:G15) | H16: =SUM(H4:H15) | I16: =SUM(I4:I15) | J16: =SUM(J4:J15)

Sheet 23
A1: Daily Tracker — Day 23
A2: Synthetic data — portfolio sample
A3: Mobile Expert | B3: Activations | C3: Prepaid | D3: BTS | E3: Upgrades | F3: HSI | G3: P360 | H3: Accessories ($) | I3: Devices | J3: Acts+Pre
A4: ME 1 | B4: 4 | C4: 2 | D4: 2 | E4: 3 | F4: 2 | G4: 5 | H4: 17 | I4: 8 | J4: =B4+C4
A5: ME 2 | B5: 7 | C5: 2 | D5: 2 | E5: 4 | F5: 1 | G5: 6 | H5: 229 | I5: 3 | J5: =B5+C5
A6: ME 3 | B6: 2 | C6: 2 | D6: 0 | E6: 4 | F6: 2 | G6: 6 | H6: 29 | I6: 8 | J6: =B6+C6
A7: ME 4 | B7: 1 | C7: 0 | D7: 1 | E7: 5 | F7: 1 | G7: 3 | H7: 198 | I7: 8 | J7: =B7+C7
A8: ME 5 | B8: 3 | C8: 0 | D8: 0 | E8: 2 | F8: 2 | G8: 5 | H8: 81 | I8: 6 | J8: =B8+C8
A9: ME 6 | B9: 3 | C9: 3 | D9: 1 | E9: 5 | F9: 3 | G9: 1 | H9: 126 | I9: 7 | J9: =B9+C9
A10: ME 7 | B10: 3 | C10: 1 | D10: 1 | E10: 1 | F10: 1 | G10: 3 | H10: 222 | I10: 2 | J10: =B10+C10
A11: ME 8 | B11: 4 | C11: 3 | D11: 1 | E11: 0 | F11: 2 | G11: 1 | H11: 44 | I11: 2 | J11: =B11+C11
A12: ME 9 | B12: 2 | C12: 0 | D12: 0 | E12: 2 | F12: 1 | G12: 3 | H12: 116 | I12: 2 | J12: =B12+C12
A13: ME 10 | B13: 4 | C13: 1 | D13: 1 | E13: 3 | F13: 1 | G13: 2 | H13: 105 | I13: 6 | J13: =B13+C13
A14: ME 11 | B14: 3 | C14: 2 | D14: 1 | E14: 1 | F14: 0 | G14: 3 | H14: 123 | I14: 5 | J14: =B14+C14
A15: ME 12 | B15: 1 | C15: 1 | D15: 1 | E15: 0 | F15: 1 | G15: 1 | H15: 112 | I15: 5 | J15: =B15+C15
A16: Daily Total | B16: =SUM(B4:B15) | C16: =SUM(C4:C15) | D16: =SUM(D4:D15) | E16: =SUM(E4:E15) | F16: =SUM(F4:F15) | G16: =SUM(G4:G15) | H16: =SUM(H4:H15) | I16: =SUM(I4:I15) | J16: =SUM(J4:J15)

Sheet 24
A1: Daily Tracker — Day 24
A2: Synthetic data — portfolio sample
A3: Mobile Expert | B3: Activations | C3: Prepaid | D3: BTS | E3: Upgrades | F3: HSI | G3: P360 | H3: Accessories ($) | I3: Devices | J3: Acts+Pre
A4: ME 1 | B4: 2 | C4: 0 | D4: 1 | E4: 0 | F4: 3 | G4: 3 | H4: 314 | I4: 2 | J4: =B4+C4
A5: ME 2 | B5: 7 | C5: 3 | D5: 0 | E5: 4 | F5: 0 | G5: 3 | H5: 110 | I5: 10 | J5: =B5+C5
A6: ME 3 | B6: 4 | C6: 3 | D6: 3 | E6: 4 | F6: 3 | G6: 7 | H6: 116 | I6: 8 | J6: =B6+C6
A7: ME 4 | B7: 5 | C7: 4 | D7: 3 | E7: 1 | F7: 1 | G7: 3 | H7: 86 | I7: 7 | J7: =B7+C7
A8: ME 5 | B8: 7 | C8: 1 | D8: 2 | E8: 2 | F8: 2 | G8: 2 | H8: 185 | I8: 3 | J8: =B8+C8
A9: ME 6 | B9: 7 | C9: 2 | D9: 0 | E9: 0 | F9: 1 | G9: 1 | H9: 42 | I9: 5 | J9: =B9+C9
A10: ME 7 | B10: 3 | C10: 0 | D10: 2 | E10: 0 | F10: 2 | G10: 3 | H10: 20 | I10: 1 | J10: =B10+C10
A11: ME 8 | B11: 3 | C11: 3 | D11: 2 | E11: 3 | F11: 1 | G11: 3 | H11: 140 | I11: 2 | J11: =B11+C11
A12: ME 9 | B12: 3 | C12: 3 | D12: 1 | E12: 1 | F12: 2 | G12: 4 | H12: 10 | I12: 3 | J12: =B12+C12
A13: ME 10 | B13: 2 | C13: 0 | D13: 1 | E13: 1 | F13: 1 | G13: 2 | H13: 172 | I13: 5 | J13: =B13+C13
A14: ME 11 | B14: 3 | C14: 2 | D14: 1 | E14: 1 | F14: 1 | G14: 1 | H14: 132 | I14: 3 | J14: =B14+C14
A15: ME 12 | B15: 1 | C15: 1 | D15: 0 | E15: 1 | F15: 1 | G15: 1 | H15: 3 | I15: 3 | J15: =B15+C15
A16: Daily Total | B16: =SUM(B4:B15) | C16: =SUM(C4:C15) | D16: =SUM(D4:D15) | E16: =SUM(E4:E15) | F16: =SUM(F4:F15) | G16: =SUM(G4:G15) | H16: =SUM(H4:H15) | I16: =SUM(I4:I15) | J16: =SUM(J4:J15)

Sheet 25
A1: Daily Tracker — Day 25
A2: Synthetic data — portfolio sample
A3: Mobile Expert | B3: Activations | C3: Prepaid | D3: BTS | E3: Upgrades | F3: HSI | G3: P360 | H3: Accessories ($) | I3: Devices | J3: Acts+Pre
A4: ME 1 | B4: 4 | C4: 1 | D4: 3 | E4: 6 | F4: 0 | G4: 8 | H4: 158 | I4: 6 | J4: =B4+C4
A5: ME 2 | B5: 6 | C5: 0 | D5: 1 | E5: 4 | F5: 1 | G5: 7 | H5: 99 | I5: 10 | J5: =B5+C5
A6: ME 3 | B6: 4 | C6: 4 | D6: 1 | E6: 5 | F6: 2 | G6: 2 | H6: 189 | I6: 7 | J6: =B6+C6
A7: ME 4 | B7: 2 | C7: 4 | D7: 2 | E7: 2 | F7: 3 | G7: 7 | H7: 204 | I7: 7 | J7: =B7+C7
A8: ME 5 | B8: 2 | C8: 1 | D8: 2 | E8: 2 | F8: 2 | G8: 1 | H8: 171 | I8: 7 | J8: =B8+C8
A9: ME 6 | B9: 3 | C9: 4 | D9: 1 | E9: 4 | F9: 2 | G9: 3 | H9: 82 | I9: 7 | J9: =B9+C9
A10: ME 7 | B10: 4 | C10: 3 | D10: 0 | E10: 4 | F10: 1 | G10: 4 | H10: 21 | I10: 7 | J10: =B10+C10
A11: ME 8 | B11: 5 | C11: 3 | D11: 1 | E11: 2 | F11: 2 | G11: 4 | H11: 168 | I11: 5 | J11: =B11+C11
A12: ME 9 | B12: 4 | C12: 3 | D12: 1 | E12: 1 | F12: 1 | G12: 1 | H12: 86 | I12: 6 | J12: =B12+C12
A13: ME 10 | B13: 2 | C13: 2 | D13: 1 | E13: 1 | F13: 1 | G13: 1 | H13: 175 | I13: 5 | J13: =B13+C13
A14: ME 11 | B14: 2 | C14: 1 | D14: 2 | E14: 2 | F14: 1 | G14: 4 | H14: 74 | I14: 2 | J14: =B14+C14
A15: ME 12 | B15: 1 | C15: 1 | D15: 1 | E15: 1 | F15: 1 | G15: 2 | H15: 125 | I15: 1 | J15: =B15+C15
A16: Daily Total | B16: =SUM(B4:B15) | C16: =SUM(C4:C15) | D16: =SUM(D4:D15) | E16: =SUM(E4:E15) | F16: =SUM(F4:F15) | G16: =SUM(G4:G15) | H16: =SUM(H4:H15) | I16: =SUM(I4:I15) | J16: =SUM(J4:J15)

Sheet 26
A1: Daily Tracker — Day 26
A2: Synthetic data — portfolio sample
A3: Mobile Expert | B3: Activations | C3: Prepaid | D3: BTS | E3: Upgrades | F3: HSI | G3: P360 | H3: Accessories ($) | I3: Devices | J3: Acts+Pre
A4: ME 1 | B4: 5 | C4: 0 | D4: 3 | E4: 5 | F4: 3 | G4: 8 | H4: 168 | I4: 2 | J4: =B4+C4
A5: ME 2 | B5: 3 | C5: 3 | D5: 2 | E5: 4 | F5: 2 | G5: 4 | H5: 5 | I5: 10 | J5: =B5+C5
A6: ME 3 | B6: 5 | C6: 2 | D6: 2 | E6: 1 | F6: 1 | G6: 4 | H6: 207 | I6: 5 | J6: =B6+C6
A7: ME 4 | B7: 4 | C7: 4 | D7: 0 | E7: 6 | F7: 3 | G7: 0 | H7: 247 | I7: 6 | J7: =B7+C7
A8: ME 5 | B8: 5 | C8: 2 | D8: 2 | E8: 5 | F8: 1 | G8: 2 | H8: 158 | I8: 4 | J8: =B8+C8
A9: ME 6 | B9: 4 | C9: 0 | D9: 1 | E9: 4 | F9: 2 | G9: 0 | H9: 180 | I9: 4 | J9: =B9+C9
A10: ME 7 | B10: 6 | C10: 1 | D10: 2 | E10: 2 | F10: 2 | G10: 1 | H10: 217 | I10: 1 | J10: =B10+C10
A11: ME 8 | B11: 6 | C11: 4 | D11: 2 | E11: 4 | F11: 2 | G11: 2 | H11: 120 | I11: 1 | J11: =B11+C11
A12: ME 9 | B12: 3 | C12: 3 | D12: 0 | E12: 1 | F12: 1 | G12: 1 | H12: 30 | I12: 6 | J12: =B12+C12
A13: ME 10 | B13: 1 | C13: 2 | D13: 1 | E13: 2 | F13: 1 | G13: 4 | H13: 75 | I13: 2 | J13: =B13+C13
A14: ME 11 | B14: 1 | C14: 1 | D14: 2 | E14: 2 | F14: 0 | G14: 3 | H14: 27 | I14: 4 | J14: =B14+C14
A15: ME 12 | B15: 1 | C15: 2 | D15: 1 | E15: 0 | F15: 1 | G15: 1 | H15: 77 | I15: 1 | J15: =B15+C15
A16: Daily Total | B16: =SUM(B4:B15) | C16: =SUM(C4:C15) | D16: =SUM(D4:D15) | E16: =SUM(E4:E15) | F16: =SUM(F4:F15) | G16: =SUM(G4:G15) | H16: =SUM(H4:H15) | I16: =SUM(I4:I15) | J16: =SUM(J4:J15)

Sheet 27
A1: Daily Tracker — Day 27
A2: Synthetic data — portfolio sample
A3: Mobile Expert | B3: Activations | C3: Prepaid | D3: BTS | E3: Upgrades | F3: HSI | G3: P360 | H3: Accessories ($) | I3: Devices | J3: Acts+Pre
A4: ME 1 | B4: 2 | C4: 5 | D4: 0 | E4: 5 | F4: 2 | G4: 3 | H4: 111 | I4: 7 | J4: =B4+C4
A5: ME 2 | B5: 6 | C5: 0 | D5: 3 | E5: 3 | F5: 1 | G5: 6 | H5: 239 | I5: 6 | J5: =B5+C5
A6: ME 3 | B6: 2 | C6: 4 | D6: 3 | E6: 5 | F6: 3 | G6: 4 | H6: 141 | I6: 3 | J6: =B6+C6
A7: ME 4 | B7: 1 | C7: 1 | D7: 2 | E7: 4 | F7: 0 | G7: 2 | H7: 179 | I7: 5 | J7: =B7+C7
A8: ME 5 | B8: 4 | C8: 2 | D8: 2 | E8: 3 | F8: 1 | G8: 3 | H8: 143 | I8: 6 | J8: =B8+C8
A9: ME 6 | B9: 2 | C9: 3 | D9: 1 | E9: 0 | F9: 3 | G9: 1 | H9: 20 | I9: 7 | J9: =B9+C9
A10: ME 7 | B10: 2 | C10: 3 | D10: 1 | E10: 3 | F10: 1 | G10: 1 | H10: 23 | I10: 2 | J10: =B10+C10
A11: ME 8 | B11: 1 | C11: 2 | D11: 1 | E11: 3 | F11: 1 | G11: 5 | H11: 4 | I11: 7 | J11: =B11+C11
A12: ME 9 | B12: 4 | C12: 1 | D12: 2 | E12: 3 | F12: 1 | G12: 1 | H12: 118 | I12: 5 | J12: =B12+C12
A13: ME 10 | B13: 3 | C13: 2 | D13: 1 | E13: 2 | F13: 1 | G13: 2 | H13: 176 | I13: 6 | J13: =B13+C13
A14: ME 11 | B14: 1 | C14: 2 | D14: 0 | E14: 3 | F14: 1 | G14: 1 | H14: 99 | I14: 2 | J14: =B14+C14
A15: ME 12 | B15: 1 | C15: 0 | D15: 1 | E15: 1 | F15: 2 | G15: 2 | H15: 66 | I15: 3 | J15: =B15+C15
A16: Daily Total | B16: =SUM(B4:B15) | C16: =SUM(C4:C15) | D16: =SUM(D4:D15) | E16: =SUM(E4:E15) | F16: =SUM(F4:F15) | G16: =SUM(G4:G15) | H16: =SUM(H4:H15) | I16: =SUM(I4:I15) | J16: =SUM(J4:J15)

Sheet 28
A1: Daily Tracker — Day 28
A2: Synthetic data — portfolio sample
A3: Mobile Expert | B3: Activations | C3: Prepaid | D3: BTS | E3: Upgrades | F3: HSI | G3: P360 | H3: Accessories ($) | I3: Devices | J3: Acts+Pre
A4: ME 1 | B4: 2 | C4: 2 | D4: 2 | E4: 4 | F4: 2 | G4: 2 | H4: 96 | I4: 5 | J4: =B4+C4
A5: ME 2 | B5: 7 | C5: 0 | D5: 4 | E5: 6 | F5: 3 | G5: 3 | H5: 57 | I5: 6 | J5: =B5+C5
A6: ME 3 | B6: 8 | C6: 3 | D6: 4 | E6: 5 | F6: 1 | G6: 7 | H6: 244 | I6: 6 | J6: =B6+C6
A7: ME 4 | B7: 6 | C7: 2 | D7: 3 | E7: 4 | F7: 0 | G7: 3 | H7: 148 | I7: 3 | J7: =B7+C7
A8: ME 5 | B8: 5 | C8: 2 | D8: 2 | E8: 3 | F8: 0 | G8: 2 | H8: 246 | I8: 3 | J8: =B8+C8
A9: ME 6 | B9: 3 | C9: 3 | D9: 0 | E9: 5 | F9: 2 | G9: 4 | H9: 141 | I9: 6 | J9: =B9+C9
A10: ME 7 | B10: 1 | C10: 3 | D10: 1 | E10: 3 | F10: 0 | G10: 2 | H10: 220 | I10: 4 | J10: =B10+C10
A11: ME 8 | B11: 3 | C11: 3 | D11: 0 | E11: 2 | F11: 1 | G11: 2 | H11: 76 | I11: 2 | J11: =B11+C11
A12: ME 9 | B12: 3 | C12: 3 | D12: 2 | E12: 3 | F12: 2 | G12: 4 | H12: 37 | I12: 7 | J12: =B12+C12
A13: ME 10 | B13: 2 | C13: 1 | D13: 1 | E13: 3 | F13: 2 | G13: 4 | H13: 96 | I13: 6 | J13: =B13+C13
A14: ME 11 | B14: 1 | C14: 2 | D14: 0 | E14: 2 | F14: 0 | G14: 1 | H14: 91 | I14: 5 | J14: =B14+C14
A15: ME 12 | B15: 2 | C15: 1 | D15: 1 | E15: 1 | F15: 0 | G15: 3 | H15: 45 | I15: 5 | J15: =B15+C15
A16: Daily Total | B16: =SUM(B4:B15) | C16: =SUM(C4:C15) | D16: =SUM(D4:D15) | E16: =SUM(E4:E15) | F16: =SUM(F4:F15) | G16: =SUM(G4:G15) | H16: =SUM(H4:H15) | I16: =SUM(I4:I15) | J16: =SUM(J4:J15)

Sheet 29
A1: Daily Tracker — Day 29
A2: Synthetic data — portfolio sample
A3: Mobile Expert | B3: Activations | C3: Prepaid | D3: BTS | E3: Upgrades | F3: HSI | G3: P360 | H3: Accessories ($) | I3: Devices | J3: Acts+Pre
A4: ME 1 | B4: 9 | C4: 1 | D4: 1 | E4: 4 | F4: 4 | G4: 8 | H4: 157 | I4: 6 | J4: =B4+C4
A5: ME 2 | B5: 8 | C5: 5 | D5: 3 | E5: 6 | F5: 1 | G5: 6 | H5: 113 | I5: 7 | J5: =B5+C5
A6: ME 3 | B6: 5 | C6: 3 | D6: 3 | E6: 1 | F6: 2 | G6: 5 | H6: 238 | I6: 3 | J6: =B6+C6
A7: ME 4 | B7: 5 | C7: 4 | D7: 2 | E7: 4 | F7: 1 | G7: 2 | H7: 129 | I7: 5 | J7: =B7+C7
A8: ME 5 | B8: 2 | C8: 3 | D8: 1 | E8: 4 | F8: 1 | G8: 6 | H8: 147 | I8: 4 | J8: =B8+C8
A9: ME 6 | B9: 6 | C9: 0 | D9: 2 | E9: 1 | F9: 2 | G9: 3 | H9: 198 | I9: 7 | J9: =B9+C9
A10: ME 7 | B10: 2 | C10: 1 | D10: 1 | E10: 3 | F10: 1 | G10: 3 | H10: 109 | I10: 2 | J10: =B10+C10
A11: ME 8 | B11: 3 | C11: 1 | D11: 2 | E11: 4 | F11: 1 | G11: 3 | H11: 112 | I11: 4 | J11: =B11+C11
A12: ME 9 | B12: 2 | C12: 1 | D12: 0 | E12: 1 | F12: 0 | G12: 4 | H12: 157 | I12: 7 | J12: =B12+C12
A13: ME 10 | B13: 4 | C13: 1 | D13: 2 | E13: 1 | F13: 2 | G13: 4 | H13: 66 | I13: 1 | J13: =B13+C13
A14: ME 11 | B14: 2 | C14: 1 | D14: 2 | E14: 0 | F14: 0 | G14: 3 | H14: 25 | I14: 4 | J14: =B14+C14
A15: ME 12 | B15: 2 | C15: 0 | D15: 2 | E15: 2 | F15: 1 | G15: 2 | H15: 95 | I15: 4 | J15: =B15+C15
A16: Daily Total | B16: =SUM(B4:B15) | C16: =SUM(C4:C15) | D16: =SUM(D4:D15) | E16: =SUM(E4:E15) | F16: =SUM(F4:F15) | G16: =SUM(G4:G15) | H16: =SUM(H4:H15) | I16: =SUM(I4:I15) | J16: =SUM(J4:J15)

Sheet 30
A1: Daily Tracker — Day 30
A2: Synthetic data — portfolio sample
A3: Mobile Expert | B3: Activations | C3: Prepaid | D3: BTS | E3: Upgrades | F3: HSI | G3: P360 | H3: Accessories ($) | I3: Devices | J3: Acts+Pre
A4: ME 1 | B4: 8 | C4: 1 | D4: 3 | E4: 0 | F4: 2 | G4: 5 | H4: 47 | I4: 6 | J4: =B4+C4
A5: ME 2 | B5: 2 | C5: 3 | D5: 3 | E5: 6 | F5: 2 | G5: 7 | H5: 85 | I5: 6 | J5: =B5+C5
A6: ME 3 | B6: 5 | C6: 2 | D6: 3 | E6: 6 | F6: 1 | G6: 3 | H6: 162 | I6: 9 | J6: =B6+C6
A7: ME 4 | B7: 1 | C7: 2 | D7: 3 | E7: 4 | F7: 3 | G7: 0 | H7: 129 | I7: 2 | J7: =B7+C7
A8: ME 5 | B8: 2 | C8: 2 | D8: 3 | E8: 3 | F8: 3 | G8: 5 | H8: 99 | I8: 9 | J8: =B8+C8
A9: ME 6 | B9: 3 | C9: 3 | D9: 1 | E9: 1 | F9: 2 | G9: 0 | H9: 21 | I9: 3 | J9: =B9+C9
A10: ME 7 | B10: 5 | C10: 0 | D10: 0 | E10: 3 | F10: 2 | G10: 6 | H10: 189 | I10: 8 | J10: =B10+C10
A11: ME 8 | B11: 4 | C11: 4 | D11: 3 | E11: 3 | F11: 0 | G11: 2 | H11: 176 | I11: 8 | J11: =B11+C11
A12: ME 9 | B12: 4 | C12: 1 | D12: 1 | E12: 3 | F12: 1 | G12: 4 | H12: 78 | I12: 7 | J12: =B12+C12
A13: ME 10 | B13: 3 | C13: 2 | D13: 1 | E13: 4 | F13: 0 | G13: 1 | H13: 176 | I13: 2 | J13: =B13+C13
A14: ME 11 | B14: 1 | C14: 1 | D14: 1 | E14: 1 | F14: 0 | G14: 4 | H14: 94 | I14: 5 | J14: =B14+C14
A15: ME 12 | B15: 1 | C15: 1 | D15: 1 | E15: 1 | F15: 1 | G15: 0 | H15: 94 | I15: 1 | J15: =B15+C15
A16: Daily Total | B16: =SUM(B4:B15) | C16: =SUM(C4:C15) | D16: =SUM(D4:D15) | E16: =SUM(E4:E15) | F16: =SUM(F4:F15) | G16: =SUM(G4:G15) | H16: =SUM(H4:H15) | I16: =SUM(I4:I15) | J16: =SUM(J4:J15)

Sheet 31
A1: Daily Tracker — Day 31
A2: Synthetic data — portfolio sample
A3: Mobile Expert | B3: Activations | C3: Prepaid | D3: BTS | E3: Upgrades | F3: HSI | G3: P360 | H3: Accessories ($) | I3: Devices | J3: Acts+Pre
A4: ME 1 | B4: 4 | C4: 3 | D4: 4 | E4: 2 | F4: 3 | G4: 6 | H4: 119 | I4: 10 | J4: =B4+C4
A5: ME 2 | B5: 7 | C5: 3 | D5: 4 | E5: 6 | F5: 3 | G5: 2 | H5: 184 | I5: 7 | J5: =B5+C5
A6: ME 3 | B6: 5 | C6: 3 | D6: 2 | E6: 5 | F6: 3 | G6: 5 | H6: 68 | I6: 10 | J6: =B6+C6
A7: ME 4 | B7: 1 | C7: 1 | D7: 2 | E7: 4 | F7: 3 | G7: 6 | H7: 209 | I7: 8 | J7: =B7+C7
A8: ME 5 | B8: 6 | C8: 1 | D8: 1 | E8: 0 | F8: 1 | G8: 3 | H8: 196 | I8: 9 | J8: =B8+C8
A9: ME 6 | B9: 2 | C9: 2 | D9: 1 | E9: 4 | F9: 2 | G9: 4 | H9: 39 | I9: 8 | J9: =B9+C9
A10: ME 7 | B10: 3 | C10: 1 | D10: 0 | E10: 3 | F10: 0 | G10: 0 | H10: 132 | I10: 2 | J10: =B10+C10
A11: ME 8 | B11: 2 | C11: 3 | D11: 1 | E11: 0 | F11: 2 | G11: 3 | H11: 209 | I11: 2 | J11: =B11+C11
A12: ME 9 | B12: 3 | C12: 0 | D12: 2 | E12: 1 | F12: 0 | G12: 1 | H12: 49 | I12: 3 | J12: =B12+C12
A13: ME 10 | B13: 5 | C13: 1 | D13: 2 | E13: 1 | F13: 1 | G13: 4 | H13: 176 | I13: 6 | J13: =B13+C13
A14: ME 11 | B14: 3 | C14: 1 | D14: 0 | E14: 2 | F14: 1 | G14: 3 | H14: 121 | I14: 1 | J14: =B14+C14
A15: ME 12 | B15: 2 | C15: 1 | D15: 1 | E15: 1 | F15: 1 | G15: 2 | H15: 109 | I15: 2 | J15: =B15+C15
A16: Daily Total | B16: =SUM(B4:B15) | C16: =SUM(C4:C15) | D16: =SUM(D4:D15) | E16: =SUM(E4:E15) | F16: =SUM(F4:F15) | G16: =SUM(G4:G15) | H16: =SUM(H4:H15) | I16: =SUM(I4:I15) | J16: =SUM(J4:J15)
