Workbook

Sheet Dashboard
AT1: Day | AU1: Actual | AV1: Pace | AY1: ='Team Leaderboard'!$E$4+0/100000 -> 42
B2: STORE PERFORMANCE | AG2: MOCK DATA | AT2: 1 | AU2: =SUM('1'!Q16)+SUM('1'!R16) -> 18 | AV2: =('Store Total'!$C$4+'Store Total'!$C$5)*1/31 -> 16.451613 | AY2: ='Team Leaderboard'!$E$5+1/100000 -> 54.00001
B3: Monthly tracker · all figures generated, not real | AT3: 2 | AU3: =SUM('1:2'!Q16)+SUM('1:2'!R16) -> 34 | AV3: =('Store Total'!$C$4+'Store Total'!$C$5)*2/31 -> 32.903226 | AY3: ='Team Leaderboard'!$E$6+2/100000 -> 47.00002
AT4: 3 | AU4: =SUM('1:3'!Q16)+SUM('1:3'!R16) -> 57 | AV4: =('Store Total'!$C$4+'Store Total'!$C$5)*3/31 -> 49.354839 | AY4: ='Team Leaderboard'!$E$7+3/100000 -> 39.00003
AT5: 4 | AU5: =SUM('1:4'!Q16)+SUM('1:4'!R16) -> 67 | AV5: =('Store Total'!$C$4+'Store Total'!$C$5)*4/31 -> 65.806452 | AY5: ='Team Leaderboard'!$E$8+4/100000 -> 36.00004
C6: ACTS + PRE — MONTH TO DATE | T6: TEAM | AT6: 5 | AU6: =SUM('1:5'!Q16)+SUM('1:5'!R16) -> 92 | AV6: =('Store Total'!$C$4+'Store Total'!$C$5)*5/31 -> 82.258065 | AY6: ='Team Leaderboard'!$E$9+5/100000 -> 53.00005
C7: ='Store Total'!B4+'Store Total'!B5 -> 524 | K7: GOAL | T7: =INDEX('Team Leaderboard'!$B$4:$B$15,MATCH(LARGE($AY$1:$AY$12,1),$AY$1:$AY$12,0)) -> Expert 12 | AA7: =INDEX('Team Leaderboard'!$E$4:$E$15,MATCH(LARGE($AY$1:$AY$12,1),$AY$1:$AY$12,0)) -> 55 | AT7: 6 | AU7: =SUM('1:6'!Q16)+SUM('1:6'!R16) -> 106 | AV7: =('Store Total'!$C$4+'Store Total'!$C$5)*6/31 -> 98.709677 | AY7: ='Team Leaderboard'!$E$10+6/100000 -> 33.00006
K8: ='Store Total'!C4+'Store Total'!C5 -> 510 | T8: =INDEX('Team Leaderboard'!$B$4:$B$15,MATCH(LARGE($AY$1:$AY$12,2),$AY$1:$AY$12,0)) -> Expert 02 | AA8: =INDEX('Team Leaderboard'!$E$4:$E$15,MATCH(LARGE($AY$1:$AY$12,2),$AY$1:$AY$12,0)) -> 54 | AT8: 7 | AU8: =SUM('1:7'!Q16)+SUM('1:7'!R16) -> 115 | AV8: =('Store Total'!$C$4+'Store Total'!$C$5)*7/31 -> 115.16129 | AY8: ='Team Leaderboard'!$E$11+7/100000 -> 43.00007
T9: =INDEX('Team Leaderboard'!$B$4:$B$15,MATCH(LARGE($AY$1:$AY$12,3),$AY$1:$AY$12,0)) -> Expert 06 | AA9: =INDEX('Team Leaderboard'!$E$4:$E$15,MATCH(LARGE($AY$1:$AY$12,3),$AY$1:$AY$12,0)) -> 53 | AT9: 8 | AU9: =SUM('1:8'!Q16)+SUM('1:8'!R16) -> 136 | AV9: =('Store Total'!$C$4+'Store Total'!$C$5)*8/31 -> 131.6129 | AY9: ='Team Leaderboard'!$E$12+8/100000 -> 28.00008
C10: =TEXT(('Store Total'!B4+'Store Total'!B5)/('Store Total'!C4+'Store Total'!C5),"0%")&" of goal" -> 103% of goal | K10: =TEXT(('Store Total'!B4+'Store Total'!B5)-('Store Total'!C4+'Store Total'!C5),"+#,##0;-#,##0")&" vs goal" -> +14 vs goal | AT10: 9 | AU10: =SUM('1:9'!Q16)+SUM('1:9'!R16) -> 153 | AV10: =('Store Total'!$C$4+'Store Total'!$C$5)*9/31 -> 148.06452 | AY10: ='Team Leaderboard'!$E$13+9/100000 -> 46.00009
C11: =('Store Total'!B4+'Store Total'!B5)/('Store Total'!C4+'Store Total'!C5) -> 1.027451 | T11: =INDEX('Team Leaderboard'!$B$4:$B$15,MATCH(SMALL($AY$1:$AY$12,1),$AY$1:$AY$12,0)) -> Expert 09 | AA11: =INDEX('Team Leaderboard'!$E$4:$E$15,MATCH(SMALL($AY$1:$AY$12,1),$AY$1:$AY$12,0)) -> 28 | AT11: 10 | AU11: =SUM('1:10'!Q16)+SUM('1:10'!R16) -> 170 | AV11: =('Store Total'!$C$4+'Store Total'!$C$5)*10/31 -> 164.51613 | AY11: ='Team Leaderboard'!$E$14+10/100000 -> 48.0001
AT12: 11 | AU12: =SUM('1:11'!Q16)+SUM('1:11'!R16) -> 181 | AV12: =('Store Total'!$C$4+'Store Total'!$C$5)*11/31 -> 180.96774 | AY12: ='Team Leaderboard'!$E$15+11/100000 -> 55.00011
AT13: 12 | AU13: =SUM('1:12'!Q16)+SUM('1:12'!R16) -> 199 | AV13: =('Store Total'!$C$4+'Store Total'!$C$5)*12/31 -> 197.41935
AT14: 13 | AU14: =SUM('1:13'!Q16)+SUM('1:13'!R16) -> 224 | AV14: =('Store Total'!$C$4+'Store Total'!$C$5)*13/31 -> 213.87097
C15: ACTIVATIONS | I15: =TEXT('Store Total'!D4,"0%") -> 104% | N15: PREPAID | T15: =TEXT('Store Total'!D5,"0%") -> 99% | Y15: DEVICES | AE15: =TEXT('Store Total'!D10,"0%") -> 106% | AJ15: ACCESSORY $ | AP15: =TEXT('Store Total'!D11,"0%") -> 98% | AT15: 14 | AU15: =SUM('1:14'!Q16)+SUM('1:14'!R16) -> 244 | AV15: =('Store Total'!$C$4+'Store Total'!$C$5)*14/31 -> 230.32258
C16: ='Store Total'!B4 -> 381 | N16: ='Store Total'!B5 -> 143 | Y16: ='Store Total'!B10 -> 635 | AJ16: ='Store Total'!B11 -> 38698.71 | AT16: 15 | AU16: =SUM('1:15'!Q16)+SUM('1:15'!R16) -> 259 | AV16: =('Store Total'!$C$4+'Store Total'!$C$5)*15/31 -> 246.77419
C17: ='Store Total'!D4 -> 1.0438356 | N17: ='Store Total'!D5 -> 0.9862069 | Y17: ='Store Total'!D10 -> 1.0583333 | AJ17: ='Store Total'!D11 -> 0.97971418 | AT17: 16 | AU17: =SUM('1:16'!Q16)+SUM('1:16'!R16) -> 281 | AV17: =('Store Total'!$C$4+'Store Total'!$C$5)*16/31 -> 263.22581
AT18: 17 | AU18: =SUM('1:17'!Q16)+SUM('1:17'!R16) -> 293 | AV18: =('Store Total'!$C$4+'Store Total'!$C$5)*17/31 -> 279.67742
AT19: 18 | AU19: =SUM('1:18'!Q16)+SUM('1:18'!R16) -> 317 | AV19: =('Store Total'!$C$4+'Store Total'!$C$5)*18/31 -> 296.12903
AT20: 19 | AU20: =SUM('1:19'!Q16)+SUM('1:19'!R16) -> 333 | AV20: =('Store Total'!$C$4+'Store Total'!$C$5)*19/31 -> 312.58065
C21: BTS | I21: =TEXT('Store Total'!D7,"0%") -> 95% | N21: HOME INTERNET | T21: =TEXT('Store Total'!D8,"0%") -> 101% | Y21: TFB | AE21: =TEXT('Store Total'!D6,"0%") -> 105% | AJ21: VALUE-ADD $ | AP21: =TEXT('Store Total'!D9,"0%") -> 102% | AT21: 20 | AU21: =SUM('1:20'!Q16)+SUM('1:20'!R16) -> 355 | AV21: =('Store Total'!$C$4+'Store Total'!$C$5)*20/31 -> 329.03226
C22: ='Store Total'!B7 -> 38 | N22: ='Store Total'!B8 -> 76 | Y22: ='Store Total'!B6 -> 42 | AJ22: ='Store Total'!B9 -> 7865 | AT22: 21 | AU22: =SUM('1:21'!Q16)+SUM('1:21'!R16) -> 372 | AV22: =('Store Total'!$C$4+'Store Total'!$C$5)*21/31 -> 345.48387
C23: ='Store Total'!D7 -> 0.95 | N23: ='Store Total'!D8 -> 1.0133333 | Y23: ='Store Total'!D6 -> 1.05 | AJ23: ='Store Total'!D9 -> 1.0214286 | AT23: 22 | AU23: =SUM('1:22'!Q16)+SUM('1:22'!R16) -> 393 | AV23: =('Store Total'!$C$4+'Store Total'!$C$5)*22/31 -> 361.93548
AT24: 23 | AU24: =SUM('1:23'!Q16)+SUM('1:23'!R16) -> 407 | AV24: =('Store Total'!$C$4+'Store Total'!$C$5)*23/31 -> 378.3871
AT25: 24 | AU25: =SUM('1:24'!Q16)+SUM('1:24'!R16) -> 422 | AV25: =('Store Total'!$C$4+'Store Total'!$C$5)*24/31 -> 394.83871
AT26: 25 | AU26: =SUM('1:25'!Q16)+SUM('1:25'!R16) -> 435 | AV26: =('Store Total'!$C$4+'Store Total'!$C$5)*25/31 -> 411.29032
C27: PACE TO GOAL — cumulative Acts + Pre vs required pace | AT27: 26 | AU27: =SUM('1:26'!Q16)+SUM('1:26'!R16) -> 449 | AV27: =('Store Total'!$C$4+'Store Total'!$C$5)*26/31 -> 427.74194
AT28: 27 | AU28: =SUM('1:27'!Q16)+SUM('1:27'!R16) -> 460 | AV28: =('Store Total'!$C$4+'Store Total'!$C$5)*27/31 -> 444.19355
AT29: 28 | AU29: =SUM('1:28'!Q16)+SUM('1:28'!R16) -> 475 | AV29: =('Store Total'!$C$4+'Store Total'!$C$5)*28/31 -> 460.64516
AT30: 29 | AU30: =SUM('1:29'!Q16)+SUM('1:29'!R16) -> 492 | AV30: =('Store Total'!$C$4+'Store Total'!$C$5)*29/31 -> 477.09677
AT31: 30 | AU31: =SUM('1:30'!Q16)+SUM('1:30'!R16) -> 505 | AV31: =('Store Total'!$C$4+'Store Total'!$C$5)*30/31 -> 493.54839
AT32: 31 | AU32: =SUM('1:31'!Q16)+SUM('1:31'!R16) -> 524 | AV32: =('Store Total'!$C$4+'Store Total'!$C$5)*31/31 -> 510

Sheet Team Leaderboard
A1: Team Leaderboard — ranked by Acts + Pre
A2: MOCK DATA — generated for portfolio use. No real employees, customers, device identifiers, or store numbers appear in this file.
A3: Rank | B3: Mobile Expert | C3: Acts | D3: Pre | E3: Acts + Pre | F3: Acc $
A4: =RANK(E4,$E$4:$E$15) -> 8 | B4: =Setup!$A$4 -> Expert 01 | C4: =SUM('1:31'!Q4) -> 30 | D4: =SUM('1:31'!R4) -> 12 | E4: =C4+D4 -> 42 | F4: =SUM('1:31'!X4) -> 3596.91
A5: =RANK(E5,$E$4:$E$15) -> 2 | B5: =Setup!$A$5 -> Expert 02 | C5: =SUM('1:31'!Q5) -> 43 | D5: =SUM('1:31'!R5) -> 11 | E5: =C5+D5 -> 54 | F5: =SUM('1:31'!X5) -> 3011.88
A6: =RANK(E6,$E$4:$E$15) -> 5 | B6: =Setup!$A$6 -> Expert 03 | C6: =SUM('1:31'!Q6) -> 30 | D6: =SUM('1:31'!R6) -> 17 | E6: =C6+D6 -> 47 | F6: =SUM('1:31'!X6) -> 3435.23
A7: =RANK(E7,$E$4:$E$15) -> 9 | B7: =Setup!$A$7 -> Expert 04 | C7: =SUM('1:31'!Q7) -> 35 | D7: =SUM('1:31'!R7) -> 4 | E7: =C7+D7 -> 39 | F7: =SUM('1:31'!X7) -> 3112.85
A8: =RANK(E8,$E$4:$E$15) -> 10 | B8: =Setup!$A$8 -> Expert 05 | C8: =SUM('1:31'!Q8) -> 24 | D8: =SUM('1:31'!R8) -> 12 | E8: =C8+D8 -> 36 | F8: =SUM('1:31'!X8) -> 3203.83
A9: =RANK(E9,$E$4:$E$15) -> 3 | B9: =Setup!$A$9 -> Expert 06 | C9: =SUM('1:31'!Q9) -> 39 | D9: =SUM('1:31'!R9) -> 14 | E9: =C9+D9 -> 53 | F9: =SUM('1:31'!X9) -> 4028.5
A10: =RANK(E10,$E$4:$E$15) -> 11 | B10: =Setup!$A$10 -> Expert 07 | C10: =SUM('1:31'!Q10) -> 23 | D10: =SUM('1:31'!R10) -> 10 | E10: =C10+D10 -> 33 | F10: =SUM('1:31'!X10) -> 1969.02
A11: =RANK(E11,$E$4:$E$15) -> 7 | B11: =Setup!$A$11 -> Expert 08 | C11: =SUM('1:31'!Q11) -> 33 | D11: =SUM('1:31'!R11) -> 10 | E11: =C11+D11 -> 43 | F11: =SUM('1:31'!X11) -> 2772.13
A12: =RANK(E12,$E$4:$E$15) -> 12 | B12: =Setup!$A$12 -> Expert 09 | C12: =SUM('1:31'!Q12) -> 21 | D12: =SUM('1:31'!R12) -> 7 | E12: =C12+D12 -> 28 | F12: =SUM('1:31'!X12) -> 2526.05
A13: =RANK(E13,$E$4:$E$15) -> 6 | B13: =Setup!$A$13 -> Expert 10 | C13: =SUM('1:31'!Q13) -> 34 | D13: =SUM('1:31'!R13) -> 12 | E13: =C13+D13 -> 46 | F13: =SUM('1:31'!X13) -> 2870.48
A14: =RANK(E14,$E$4:$E$15) -> 4 | B14: =Setup!$A$14 -> Expert 11 | C14: =SUM('1:31'!Q14) -> 35 | D14: =SUM('1:31'!R14) -> 13 | E14: =C14+D14 -> 48 | F14: =SUM('1:31'!X14) -> 3904.91
A15: =RANK(E15,$E$4:$E$15) -> 1 | B15: =Setup!$A$15 -> Expert 12 | C15: =SUM('1:31'!Q15) -> 34 | D15: =SUM('1:31'!R15) -> 21 | E15: =C15+D15 -> 55 | F15: =SUM('1:31'!X15) -> 4266.92

Sheet Daily Trend
A1: Daily Trend — heatmap by day
A2: MOCK DATA — generated for portfolio use. No real employees, customers, device identifiers, or store numbers appear in this file.
A3: Day | B3: Acts | C3: Pre | D3: TFB | E3: BTS | F3: Hint | G3: VAF $ | H3: Devices | I3: Acc $
A4: 1 | B4: ='1'!Q16 -> 12 | C4: ='1'!R16 -> 6 | D4: ='1'!S16 -> 3 | E4: ='1'!T16 -> 4 | F4: ='1'!U16 -> 3 | G4: ='1'!V16 -> 319 | H4: ='1'!W16 -> 22 | I4: ='1'!X16 -> 1086.08
A5: 2 | B5: ='2'!Q16 -> 11 | C5: ='2'!R16 -> 5 | D5: ='2'!S16 -> 2 | E5: ='2'!T16 -> 1 | F5: ='2'!U16 -> 4 | G5: ='2'!V16 -> 248 | H5: ='2'!W16 -> 18 | I5: ='2'!X16 -> 1330.54
A6: 3 | B6: ='3'!Q16 -> 17 | C6: ='3'!R16 -> 6 | D6: ='3'!S16 -> 1 | E6: ='3'!T16 -> 0 | F6: ='3'!U16 -> 5 | G6: ='3'!V16 -> 273 | H6: ='3'!W16 -> 25 | I6: ='3'!X16 -> 1820.04
A7: 4 | B7: ='4'!Q16 -> 6 | C7: ='4'!R16 -> 4 | D7: ='4'!S16 -> 0 | E7: ='4'!T16 -> 1 | F7: ='4'!U16 -> 3 | G7: ='4'!V16 -> 225 | H7: ='4'!W16 -> 12 | I7: ='4'!X16 -> 816.73
A8: 5 | B8: ='5'!Q16 -> 24 | C8: ='5'!R16 -> 1 | D8: ='5'!S16 -> 0 | E8: ='5'!T16 -> 0 | F8: ='5'!U16 -> 2 | G8: ='5'!V16 -> 244 | H8: ='5'!W16 -> 26 | I8: ='5'!X16 -> 1902.31
A9: 6 | B9: ='6'!Q16 -> 8 | C9: ='6'!R16 -> 6 | D9: ='6'!S16 -> 0 | E9: ='6'!T16 -> 0 | F9: ='6'!U16 -> 3 | G9: ='6'!V16 -> 230 | H9: ='6'!W16 -> 16 | I9: ='6'!X16 -> 697.53
A10: 7 | B10: ='7'!Q16 -> 8 | C10: ='7'!R16 -> 1 | D10: ='7'!S16 -> 2 | E10: ='7'!T16 -> 6 | F10: ='7'!U16 -> 5 | G10: ='7'!V16 -> 165 | H10: ='7'!W16 -> 13 | I10: ='7'!X16 -> 784.43
A11: 8 | B11: ='8'!Q16 -> 16 | C11: ='8'!R16 -> 5 | D11: ='8'!S16 -> 1 | E11: ='8'!T16 -> 2 | F11: ='8'!U16 -> 5 | G11: ='8'!V16 -> 221 | H11: ='8'!W16 -> 22 | I11: ='8'!X16 -> 1660.33
A12: 9 | B12: ='9'!Q16 -> 13 | C12: ='9'!R16 -> 4 | D12: ='9'!S16 -> 2 | E12: ='9'!T16 -> 1 | F12: ='9'!U16 -> 2 | G12: ='9'!V16 -> 231 | H12: ='9'!W16 -> 20 | I12: ='9'!X16 -> 1250.13
A13: 10 | B13: ='10'!Q16 -> 12 | C13: ='10'!R16 -> 5 | D13: ='10'!S16 -> 0 | E13: ='10'!T16 -> 1 | F13: ='10'!U16 -> 1 | G13: ='10'!V16 -> 178 | H13: ='10'!W16 -> 21 | I13: ='10'!X16 -> 1735.11
A14: 11 | B14: ='11'!Q16 -> 9 | C14: ='11'!R16 -> 2 | D14: ='11'!S16 -> 0 | E14: ='11'!T16 -> 1 | F14: ='11'!U16 -> 2 | G14: ='11'!V16 -> 168 | H14: ='11'!W16 -> 15 | I14: ='11'!X16 -> 864.48
A15: 12 | B15: ='12'!Q16 -> 10 | C15: ='12'!R16 -> 8 | D15: ='12'!S16 -> 1 | E15: ='12'!T16 -> 0 | F15: ='12'!U16 -> 2 | G15: ='12'!V16 -> 202 | H15: ='12'!W16 -> 22 | I15: ='12'!X16 -> 734.84
A16: 13 | B16: ='13'!Q16 -> 21 | C16: ='13'!R16 -> 4 | D16: ='13'!S16 -> 3 | E16: ='13'!T16 -> 2 | F16: ='13'!U16 -> 1 | G16: ='13'!V16 -> 382 | H16: ='13'!W16 -> 29 | I16: ='13'!X16 -> 1089.65
A17: 14 | B17: ='14'!Q16 -> 16 | C17: ='14'!R16 -> 4 | D17: ='14'!S16 -> 2 | E17: ='14'!T16 -> 2 | F17: ='14'!U16 -> 2 | G17: ='14'!V16 -> 317 | H17: ='14'!W16 -> 26 | I17: ='14'!X16 -> 1811.69
A18: 15 | B18: ='15'!Q16 -> 10 | C18: ='15'!R16 -> 5 | D18: ='15'!S16 -> 2 | E18: ='15'!T16 -> 1 | F18: ='15'!U16 -> 2 | G18: ='15'!V16 -> 248 | H18: ='15'!W16 -> 22 | I18: ='15'!X16 -> 1503.79
A19: 16 | B19: ='16'!Q16 -> 17 | C19: ='16'!R16 -> 5 | D19: ='16'!S16 -> 1 | E19: ='16'!T16 -> 1 | F19: ='16'!U16 -> 3 | G19: ='16'!V16 -> 304 | H19: ='16'!W16 -> 27 | I19: ='16'!X16 -> 1458.04
A20: 17 | B20: ='17'!Q16 -> 9 | C20: ='17'!R16 -> 3 | D20: ='17'!S16 -> 3 | E20: ='17'!T16 -> 1 | F20: ='17'!U16 -> 4 | G20: ='17'!V16 -> 248 | H20: ='17'!W16 -> 19 | I20: ='17'!X16 -> 717.57
A21: 18 | B21: ='18'!Q16 -> 14 | C21: ='18'!R16 -> 10 | D21: ='18'!S16 -> 2 | E21: ='18'!T16 -> 1 | F21: ='18'!U16 -> 1 | G21: ='18'!V16 -> 238 | H21: ='18'!W16 -> 25 | I21: ='18'!X16 -> 1495.39
A22: 19 | B22: ='19'!Q16 -> 12 | C22: ='19'!R16 -> 4 | D22: ='19'!S16 -> 4 | E22: ='19'!T16 -> 0 | F22: ='19'!U16 -> 3 | G22: ='19'!V16 -> 450 | H22: ='19'!W16 -> 20 | I22: ='19'!X16 -> 1351.26
A23: 20 | B23: ='20'!Q16 -> 17 | C23: ='20'!R16 -> 5 | D23: ='20'!S16 -> 1 | E23: ='20'!T16 -> 0 | F23: ='20'!U16 -> 3 | G23: ='20'!V16 -> 354 | H23: ='20'!W16 -> 24 | I23: ='20'!X16 -> 1377.04
A24: 21 | B24: ='21'!Q16 -> 11 | C24: ='21'!R16 -> 6 | D24: ='21'!S16 -> 0 | E24: ='21'!T16 -> 1 | F24: ='21'!U16 -> 1 | G24: ='21'!V16 -> 263 | H24: ='21'!W16 -> 20 | I24: ='21'!X16 -> 1373.49
A25: 22 | B25: ='22'!Q16 -> 15 | C25: ='22'!R16 -> 6 | D25: ='22'!S16 -> 1 | E25: ='22'!T16 -> 2 | F25: ='22'!U16 -> 2 | G25: ='22'!V16 -> 265 | H25: ='22'!W16 -> 26 | I25: ='22'!X16 -> 2154.89
A26: 23 | B26: ='23'!Q16 -> 13 | C26: ='23'!R16 -> 1 | D26: ='23'!S16 -> 2 | E26: ='23'!T16 -> 4 | F26: ='23'!U16 -> 7 | G26: ='23'!V16 -> 268 | H26: ='23'!W16 -> 20 | I26: ='23'!X16 -> 1673.31
A27: 24 | B27: ='24'!Q16 -> 9 | C27: ='24'!R16 -> 6 | D27: ='24'!S16 -> 2 | E27: ='24'!T16 -> 1 | F27: ='24'!U16 -> 1 | G27: ='24'!V16 -> 193 | H27: ='24'!W16 -> 14 | I27: ='24'!X16 -> 487.68
A28: 25 | B28: ='25'!Q16 -> 8 | C28: ='25'!R16 -> 5 | D28: ='25'!S16 -> 2 | E28: ='25'!T16 -> 3 | F28: ='25'!U16 -> 2 | G28: ='25'!V16 -> 221 | H28: ='25'!W16 -> 17 | I28: ='25'!X16 -> 658.83
A29: 26 | B29: ='26'!Q16 -> 9 | C29: ='26'!R16 -> 5 | D29: ='26'!S16 -> 1 | E29: ='26'!T16 -> 0 | F29: ='26'!U16 -> 0 | G29: ='26'!V16 -> 137 | H29: ='26'!W16 -> 18 | I29: ='26'!X16 -> 868.06
A30: 27 | B30: ='27'!Q16 -> 5 | C30: ='27'!R16 -> 6 | D30: ='27'!S16 -> 1 | E30: ='27'!T16 -> 1 | F30: ='27'!U16 -> 2 | G30: ='27'!V16 -> 212 | H30: ='27'!W16 -> 18 | I30: ='27'!X16 -> 1041.57
A31: 28 | B31: ='28'!Q16 -> 14 | C31: ='28'!R16 -> 1 | D31: ='28'!S16 -> 1 | E31: ='28'!T16 -> 0 | F31: ='28'!U16 -> 1 | G31: ='28'!V16 -> 303 | H31: ='28'!W16 -> 22 | I31: ='28'!X16 -> 1539.67
A32: 29 | B32: ='29'!Q16 -> 12 | C32: ='29'!R16 -> 5 | D32: ='29'!S16 -> 0 | E32: ='29'!T16 -> 0 | F32: ='29'!U16 -> 3 | G32: ='29'!V16 -> 264 | H32: ='29'!W16 -> 19 | I32: ='29'!X16 -> 1176.17
A33: 30 | B33: ='30'!Q16 -> 8 | C33: ='30'!R16 -> 5 | D33: ='30'!S16 -> 1 | E33: ='30'!T16 -> 0 | F33: ='30'!U16 -> 1 | G33: ='30'!V16 -> 280 | H33: ='30'!W16 -> 20 | I33: ='30'!X16 -> 1506.37
A34: 31 | B34: ='31'!Q16 -> 15 | C34: ='31'!R16 -> 4 | D34: ='31'!S16 -> 1 | E34: ='31'!T16 -> 1 | F34: ='31'!U16 -> 0 | G34: ='31'!V16 -> 214 | H34: ='31'!W16 -> 17 | I34: ='31'!X16 -> 731.69

Sheet Store Total
A1: Store Total — month to date vs goal
A2: MOCK DATA — generated for portfolio use. No real employees, customers, device identifiers, or store numbers appear in this file.
A3: Metric | B3: Month Total | C3: Monthly Goal | D3: % to Goal | E3: vs Goal
A4: Acts | B4: =SUM('1:31'!Q16) -> 381 | C4: =Setup!$F$4 -> 365 | D4: =IFERROR(B4/C4,0) -> 1.0438356 | E4: =B4-C4 -> 16
A5: Pre | B5: =SUM('1:31'!R16) -> 143 | C5: =Setup!$F$5 -> 145 | D5: =IFERROR(B5/C5,0) -> 0.9862069 | E5: =B5-C5 -> -2
A6: TFB | B6: =SUM('1:31'!S16) -> 42 | C6: =Setup!$F$6 -> 40 | D6: =IFERROR(B6/C6,0) -> 1.05 | E6: =B6-C6 -> 2
A7: BTS | B7: =SUM('1:31'!T16) -> 38 | C7: =Setup!$F$7 -> 40 | D7: =IFERROR(B7/C7,0) -> 0.95 | E7: =B7-C7 -> -2
A8: Hint | B8: =SUM('1:31'!U16) -> 76 | C8: =Setup!$F$8 -> 75 | D8: =IFERROR(B8/C8,0) -> 1.0133333 | E8: =B8-C8 -> 1
A9: VAF $ | B9: =SUM('1:31'!V16) -> 7865 | C9: =Setup!$F$9 -> 7700 | D9: =IFERROR(B9/C9,0) -> 1.0214286 | E9: =B9-C9 -> 165
A10: Devices | B10: =SUM('1:31'!W16) -> 635 | C10: =Setup!$F$10 -> 600 | D10: =IFERROR(B10/C10,0) -> 1.0583333 | E10: =B10-C10 -> 35
A11: Acc $ | B11: =SUM('1:31'!X16) -> 38698.71 | C11: =Setup!$F$11 -> 39500 | D11: =IFERROR(B11/C11,0) -> 0.97971418 | E11: =B11-C11 -> -801.29

Sheet Setup
A1: Setup — edit these lists; every dropdown and roll-up follows them
A2: MOCK DATA — generated for portfolio use. No real employees, customers, device identifiers, or store numbers appear in this file.
A3: Mobile Experts | C3: Device Catalog | E3: Metric | F3: Monthly Goal
A4: Expert 01 | C4: iPhone 17 Pro Max | E4: Acts | F4: 365
A5: Expert 02 | C5: iPhone 17 Pro | E5: Pre | F5: 145
A6: Expert 03 | C6: iPhone 17 Air | E6: TFB | F6: 40
A7: Expert 04 | C7: iPhone 17 | E7: BTS | F7: 40
A8: Expert 05 | C8: iPad (11th Gen) | E8: Hint | F8: 75
A9: Expert 06 | C9: Apple Watch Series 11 | E9: VAF $ | F9: 7700
A10: Expert 07 | C10: Apple Watch SE | E10: Devices | F10: 600
A11: Expert 08 | C11: Apple Watch Ultra 3 | E11: Acc $ | F11: 39500
A12: Expert 09 | C12: Galaxy S26 Ultra
A13: Expert 10 | C13: Galaxy S26+
A14: Expert 11 | C14: Galaxy S26
A15: Expert 12 | C15: Galaxy Z Fold 7
C16: Galaxy Z Flip 7
C17: Galaxy A37
A18: Add or rename people in column A and devices in column C — the daily tabs pick the changes up automatically. Never type a device by hand; that is what broke the old sheet. | C18: Galaxy A17
C19: Galaxy Tab A11
C20: Galaxy Watch 8
C21: Pixel 10 Pro
C22: Pixel 10
C23: Pixel 10a
C24: moto g power
C25: 5G Home Internet Gateway
C26: 5G Hotspot
C27: SIM Only
C28: BYOD
C29: Accessory Only

Sheet 1
A1: Day 1 — Daily Entry
A2: MOCK DATA — generated for portfolio use. No real employees, customers, device identifiers, or store numbers appear in this file.
A3: ME | B3: SKU (mock) | C3: IMEI / SIM (mock) | D3: Device | E3: Acts | F3: Pre | G3: TFB | H3: BTS | I3: Hint | J3: VAF $ | K3: Devices | L3: Acc $ | M3: Complete | P3: Mobile Expert | Q3: Acts | R3: Pre | S3: TFB | T3: BTS | U3: Hint | V3: VAF $ | W3: Devices | X3: Acc $
A4: Expert 01 | B4: SKU-7148 | C4: MOCK-926629 | D4: moto g power | E4: 0 | F4: 1 | G4: 0 | H4: 0 | I4: 0 | J4: 24 | K4: 1 | L4: 176.07 | M4: Y | P4: =Setup!$A$4 -> Expert 01 | Q4: =SUMIF($A$4:$A$43,$P4,E$4:E$43) -> 0 | R4: =SUMIF($A$4:$A$43,$P4,F$4:F$43) -> 2 | S4: =SUMIF($A$4:$A$43,$P4,G$4:G$43) -> 0 | T4: =SUMIF($A$4:$A$43,$P4,H$4:H$43) -> 1 | U4: =SUMIF($A$4:$A$43,$P4,I$4:I$43) -> 1 | V4: =SUMIF($A$4:$A$43,$P4,J$4:J$43) -> 73 | W4: =SUMIF($A$4:$A$43,$P4,K$4:K$43) -> 4 | X4: =SUMIF($A$4:$A$43,$P4,L$4:L$43) -> 373.14
A5: Expert 12 | B5: SKU-4615 | C5: MOCK-140093 | D5: Galaxy Watch 8 | E5: 0 | F5: 1 | G5: 0 | H5: 0 | I5: 0 | J5: 33 | K5: 1 | L5: 102.47 | M5: Y | P5: =Setup!$A$5 -> Expert 02 | Q5: =SUMIF($A$4:$A$43,$P5,E$4:E$43) -> 3 | R5: =SUMIF($A$4:$A$43,$P5,F$4:F$43) -> 0 | S5: =SUMIF($A$4:$A$43,$P5,G$4:G$43) -> 0 | T5: =SUMIF($A$4:$A$43,$P5,H$4:H$43) -> 0 | U5: =SUMIF($A$4:$A$43,$P5,I$4:I$43) -> 0 | V5: =SUMIF($A$4:$A$43,$P5,J$4:J$43) -> 18 | W5: =SUMIF($A$4:$A$43,$P5,K$4:K$43) -> 4 | X5: =SUMIF($A$4:$A$43,$P5,L$4:L$43) -> 85.85
A6: Expert 04 | B6: SKU-2399 | C6: MOCK-837234 | D6: Apple Watch Ultra 3 | E6: 1 | F6: 0 | G6: 0 | H6: 0 | I6: 0 | J6: 0 | K6: 1 | L6: 0 | M6: Y | P6: =Setup!$A$6 -> Expert 03 | Q6: =SUMIF($A$4:$A$43,$P6,E$4:E$43) -> 1 | R6: =SUMIF($A$4:$A$43,$P6,F$4:F$43) -> 0 | S6: =SUMIF($A$4:$A$43,$P6,G$4:G$43) -> 0 | T6: =SUMIF($A$4:$A$43,$P6,H$4:H$43) -> 0 | U6: =SUMIF($A$4:$A$43,$P6,I$4:I$43) -> 0 | V6: =SUMIF($A$4:$A$43,$P6,J$4:J$43) -> 0 | W6: =SUMIF($A$4:$A$43,$P6,K$4:K$43) -> 1 | X6: =SUMIF($A$4:$A$43,$P6,L$4:L$43) -> 160.78
A7: Expert 12 | B7: SKU-6283 | C7: MOCK-307883 | D7: BYOD | E7: 0 | F7: 1 | G7: 1 | H7: 0 | I7: 0 | J7: 18 | K7: 0 | L7: 0 | M7: Y | P7: =Setup!$A$7 -> Expert 04 | Q7: =SUMIF($A$4:$A$43,$P7,E$4:E$43) -> 3 | R7: =SUMIF($A$4:$A$43,$P7,F$4:F$43) -> 0 | S7: =SUMIF($A$4:$A$43,$P7,G$4:G$43) -> 0 | T7: =SUMIF($A$4:$A$43,$P7,H$4:H$43) -> 1 | U7: =SUMIF($A$4:$A$43,$P7,I$4:I$43) -> 0 | V7: =SUMIF($A$4:$A$43,$P7,J$4:J$43) -> 34 | W7: =SUMIF($A$4:$A$43,$P7,K$4:K$43) -> 4 | X7: =SUMIF($A$4:$A$43,$P7,L$4:L$43) -> 58.48
A8: Expert 02 | B8: SKU-6239 | C8: MOCK-334994 | D8: Galaxy S26+ | E8: 1 | F8: 0 | G8: 0 | H8: 0 | I8: 0 | J8: 0 | K8: 1 | L8: 59.14 | M8: Y | P8: =Setup!$A$8 -> Expert 05 | Q8: =SUMIF($A$4:$A$43,$P8,E$4:E$43) -> 0 | R8: =SUMIF($A$4:$A$43,$P8,F$4:F$43) -> 0 | S8: =SUMIF($A$4:$A$43,$P8,G$4:G$43) -> 0 | T8: =SUMIF($A$4:$A$43,$P8,H$4:H$43) -> 0 | U8: =SUMIF($A$4:$A$43,$P8,I$4:I$43) -> 0 | V8: =SUMIF($A$4:$A$43,$P8,J$4:J$43) -> 0 | W8: =SUMIF($A$4:$A$43,$P8,K$4:K$43) -> 0 | X8: =SUMIF($A$4:$A$43,$P8,L$4:L$43) -> 0
A9: Expert 07 | B9: SKU-4410 | C9: MOCK-995961 | D9: Galaxy A17 | E9: 1 | F9: 0 | G9: 0 | H9: 0 | I9: 0 | J9: 16 | K9: 1 | L9: 17.02 | M9: Y | P9: =Setup!$A$9 -> Expert 06 | Q9: =SUMIF($A$4:$A$43,$P9,E$4:E$43) -> 0 | R9: =SUMIF($A$4:$A$43,$P9,F$4:F$43) -> 0 | S9: =SUMIF($A$4:$A$43,$P9,G$4:G$43) -> 0 | T9: =SUMIF($A$4:$A$43,$P9,H$4:H$43) -> 0 | U9: =SUMIF($A$4:$A$43,$P9,I$4:I$43) -> 0 | V9: =SUMIF($A$4:$A$43,$P9,J$4:J$43) -> 0 | W9: =SUMIF($A$4:$A$43,$P9,K$4:K$43) -> 0 | X9: =SUMIF($A$4:$A$43,$P9,L$4:L$43) -> 124.51
A10: Expert 02 | B10: SKU-4412 | C10: MOCK-648891 | D10: Pixel 10 | E10: 0 | F10: 0 | G10: 0 | H10: 0 | I10: 0 | J10: 0 | K10: 1 | L10: 0 | M10: Y | P10: =Setup!$A$10 -> Expert 07 | Q10: =SUMIF($A$4:$A$43,$P10,E$4:E$43) -> 1 | R10: =SUMIF($A$4:$A$43,$P10,F$4:F$43) -> 0 | S10: =SUMIF($A$4:$A$43,$P10,G$4:G$43) -> 0 | T10: =SUMIF($A$4:$A$43,$P10,H$4:H$43) -> 0 | U10: =SUMIF($A$4:$A$43,$P10,I$4:I$43) -> 0 | V10: =SUMIF($A$4:$A$43,$P10,J$4:J$43) -> 16 | W10: =SUMIF($A$4:$A$43,$P10,K$4:K$43) -> 1 | X10: =SUMIF($A$4:$A$43,$P10,L$4:L$43) -> 17.02
A11: Expert 04 | B11: SKU-7107 | C11: MOCK-483314 | D11: Pixel 10a | E11: 0 | F11: 0 | G11: 0 | H11: 0 | I11: 0 | J11: 16 | K11: 1 | L11: 0 | M11: Y | P11: =Setup!$A$11 -> Expert 08 | Q11: =SUMIF($A$4:$A$43,$P11,E$4:E$43) -> 1 | R11: =SUMIF($A$4:$A$43,$P11,F$4:F$43) -> 0 | S11: =SUMIF($A$4:$A$43,$P11,G$4:G$43) -> 1 | T11: =SUMIF($A$4:$A$43,$P11,H$4:H$43) -> 0 | U11: =SUMIF($A$4:$A$43,$P11,I$4:I$43) -> 0 | V11: =SUMIF($A$4:$A$43,$P11,J$4:J$43) -> 24 | W11: =SUMIF($A$4:$A$43,$P11,K$4:K$43) -> 1 | X11: =SUMIF($A$4:$A$43,$P11,L$4:L$43) -> 0
A12: Expert 06 | B12: SKU-7381 | C12: MOCK-967923 | D12: BYOD | E12: 0 | F12: 0 | G12: 0 | H12: 0 | I12: 0 | J12: 0 | K12: 0 | L12: 124.51 | M12: Y | P12: =Setup!$A$12 -> Expert 09 | Q12: =SUMIF($A$4:$A$43,$P12,E$4:E$43) -> 1 | R12: =SUMIF($A$4:$A$43,$P12,F$4:F$43) -> 0 | S12: =SUMIF($A$4:$A$43,$P12,G$4:G$43) -> 0 | T12: =SUMIF($A$4:$A$43,$P12,H$4:H$43) -> 0 | U12: =SUMIF($A$4:$A$43,$P12,I$4:I$43) -> 0 | V12: =SUMIF($A$4:$A$43,$P12,J$4:J$43) -> 24 | W12: =SUMIF($A$4:$A$43,$P12,K$4:K$43) -> 1 | X12: =SUMIF($A$4:$A$43,$P12,L$4:L$43) -> 0
A13: Expert 02 | B13: SKU-2226 | C13: MOCK-890465 | D13: Galaxy A17 | E13: 1 | F13: 0 | G13: 0 | H13: 0 | I13: 0 | J13: 0 | K13: 1 | L13: 0 | M13: Y | P13: =Setup!$A$13 -> Expert 10 | Q13: =SUMIF($A$4:$A$43,$P13,E$4:E$43) -> 1 | R13: =SUMIF($A$4:$A$43,$P13,F$4:F$43) -> 0 | S13: =SUMIF($A$4:$A$43,$P13,G$4:G$43) -> 0 | T13: =SUMIF($A$4:$A$43,$P13,H$4:H$43) -> 0 | U13: =SUMIF($A$4:$A$43,$P13,I$4:I$43) -> 0 | V13: =SUMIF($A$4:$A$43,$P13,J$4:J$43) -> 0 | W13: =SUMIF($A$4:$A$43,$P13,K$4:K$43) -> 1 | X13: =SUMIF($A$4:$A$43,$P13,L$4:L$43) -> 0
A14: Expert 11 | B14: SKU-2548 | C14: MOCK-738205 | D14: Apple Watch Ultra 3 | E14: 0 | F14: 1 | G14: 0 | H14: 0 | I14: 0 | J14: 33 | K14: 1 | L14: 38.33 | M14: Y | P14: =Setup!$A$14 -> Expert 11 | Q14: =SUMIF($A$4:$A$43,$P14,E$4:E$43) -> 0 | R14: =SUMIF($A$4:$A$43,$P14,F$4:F$43) -> 2 | S14: =SUMIF($A$4:$A$43,$P14,G$4:G$43) -> 1 | T14: =SUMIF($A$4:$A$43,$P14,H$4:H$43) -> 1 | U14: =SUMIF($A$4:$A$43,$P14,I$4:I$43) -> 1 | V14: =SUMIF($A$4:$A$43,$P14,J$4:J$43) -> 63 | W14: =SUMIF($A$4:$A$43,$P14,K$4:K$43) -> 3 | X14: =SUMIF($A$4:$A$43,$P14,L$4:L$43) -> 140.99
A15: Expert 02 | B15: SKU-1653 | C15: MOCK-206689 | D15: iPhone 17 | E15: 1 | F15: 0 | G15: 0 | H15: 0 | I15: 0 | J15: 18 | K15: 1 | L15: 26.71 | M15: Y | P15: =Setup!$A$15 -> Expert 12 | Q15: =SUMIF($A$4:$A$43,$P15,E$4:E$43) -> 1 | R15: =SUMIF($A$4:$A$43,$P15,F$4:F$43) -> 2 | S15: =SUMIF($A$4:$A$43,$P15,G$4:G$43) -> 1 | T15: =SUMIF($A$4:$A$43,$P15,H$4:H$43) -> 1 | U15: =SUMIF($A$4:$A$43,$P15,I$4:I$43) -> 1 | V15: =SUMIF($A$4:$A$43,$P15,J$4:J$43) -> 67 | W15: =SUMIF($A$4:$A$43,$P15,K$4:K$43) -> 2 | X15: =SUMIF($A$4:$A$43,$P15,L$4:L$43) -> 125.31
A16: Expert 01 | B16: SKU-7882 | C16: MOCK-373803 | D16: Galaxy Watch 8 | E16: 0 | F16: 0 | G16: 0 | H16: 0 | I16: 0 | J16: 0 | K16: 1 | L16: 165.58 | M16: N | P16: STORE TOTAL | Q16: =SUM(Q4:Q15) -> 12 | R16: =SUM(R4:R15) -> 6 | S16: =SUM(S4:S15) -> 3 | T16: =SUM(T4:T15) -> 4 | U16: =SUM(U4:U15) -> 3 | V16: =SUM(V4:V15) -> 319 | W16: =SUM(W4:W15) -> 22 | X16: =SUM(X4:X15) -> 1086.08
A17: Expert 01 | B17: SKU-7914 | C17: MOCK-801671 | D17: Galaxy S26+ | E17: 0 | F17: 1 | G17: 0 | H17: 1 | I17: 0 | J17: 16 | K17: 1 | L17: 0 | M17: Y
A18: Expert 11 | B18: SKU-8389 | C18: MOCK-108383 | D18: Galaxy S26+ | E18: 0 | F18: 0 | G18: 0 | H18: 0 | I18: 0 | J18: 15 | K18: 1 | L18: 102.66 | M18: Y
A19: Expert 03 | B19: SKU-1548 | C19: MOCK-401291 | D19: Galaxy S26 | E19: 1 | F19: 0 | G19: 0 | H19: 0 | I19: 0 | J19: 0 | K19: 1 | L19: 160.78 | M19: Y
A20: Expert 12 | B20: SKU-5729 | C20: MOCK-407822 | D20: 5G Home Internet Gateway | E20: 0 | F20: 0 | G20: 0 | H20: 0 | I20: 1 | J20: 0 | K20: 0 | L20: 0 | M20: Y
A21: Expert 10 | B21: SKU-4801 | C21: MOCK-937364 | D21: Galaxy Z Flip 7 | E21: 1 | F21: 0 | G21: 0 | H21: 0 | I21: 0 | J21: 0 | K21: 1 | L21: 0 | M21: Y
A22: Expert 04 | B22: SKU-8275 | C22: MOCK-627721 | D22: Apple Watch Series 11 | E22: 1 | F22: 0 | G22: 0 | H22: 1 | I22: 0 | J22: 18 | K22: 1 | L22: 58.48 | M22: Y
A23: Expert 11 | B23: SKU-7137 | C23: MOCK-580944 | D23: 5G Hotspot | E23: 0 | F23: 0 | G23: 1 | H23: 1 | I23: 1 | J23: 15 | K23: 0 | L23: 0 | M23: Y
A24: Expert 08 | B24: SKU-1658 | C24: MOCK-991136 | D24: Galaxy S26 Ultra | E24: 1 | F24: 0 | G24: 1 | H24: 0 | I24: 0 | J24: 24 | K24: 1 | L24: 0 | M24: Y
A25: Expert 09 | B25: SKU-8902 | C25: MOCK-221411 | D25: iPhone 17 Pro Max | E25: 1 | F25: 0 | G25: 0 | H25: 0 | I25: 0 | J25: 24 | K25: 1 | L25: 0 | M25: Y
A26: Expert 12 | B26: SKU-2453 | C26: MOCK-269140 | D26: Galaxy A17 | E26: 1 | F26: 0 | G26: 0 | H26: 1 | I26: 0 | J26: 16 | K26: 1 | L26: 22.84 | M26: Y
A27: Expert 01 | B27: SKU-2758 | C27: MOCK-572529 | D27: Galaxy A17 | E27: 0 | F27: 0 | G27: 0 | H27: 0 | I27: 0 | J27: 33 | K27: 1 | L27: 0 | M27: Y
A28: Expert 01 | B28: SKU-9094 | C28: MOCK-674744 | D28: 5G Hotspot | E28: 0 | F28: 0 | G28: 0 | H28: 0 | I28: 1 | J28: 0 | K28: 0 | L28: 31.49 | M28: Y
... A30: Expert 11 | B30: SKU-6346 | C30: MOCK-465247 | D30: Pixel 10a | E30: 0 | F30: 1 | G30: 0 | H30: 0 | I30: 0 | J30: 0 | K30: 1 | L30: 0 | M30: Y

Sheet 2
A1: Day 2 — Daily Entry
A2: MOCK DATA — generated for portfolio use. No real employees, customers, device identifiers, or store numbers appear in this file.
A3: ME | B3: SKU (mock) | C3: IMEI / SIM (mock) | D3: Device | E3: Acts | F3: Pre | G3: TFB | H3: BTS | I3: Hint | J3: VAF $ | K3: Devices | L3: Acc $ | M3: Complete | P3: Mobile Expert | Q3: Acts | R3: Pre | S3: TFB | T3: BTS | U3: Hint | V3: VAF $ | W3: Devices | X3: Acc $
A4: Expert 02 | B4: SKU-8476 | C4: MOCK-567258 | D4: iPad (11th Gen) | E4: 1 | F4: 0 | G4: 0 | H4: 0 | I4: 0 | J4: 0 | K4: 1 | L4: 104.31 | M4: Y | P4: =Setup!$A$4 -> Expert 01 | Q4: =SUMIF($A$4:$A$43,$P4,E$4:E$43) -> 1 | R4: =SUMIF($A$4:$A$43,$P4,F$4:F$43) -> 0 | S4: =SUMIF($A$4:$A$43,$P4,G$4:G$43) -> 0 | T4: =SUMIF($A$4:$A$43,$P4,H$4:H$43) -> 0 | U4: =SUMIF($A$4:$A$43,$P4,I$4:I$43) -> 0 | V4: =SUMIF($A$4:$A$43,$P4,J$4:J$43) -> 18 | W4: =SUMIF($A$4:$A$43,$P4,K$4:K$43) -> 2 | X4: =SUMIF($A$4:$A$43,$P4,L$4:L$43) -> 99.5
A5: Expert 02 | B5: SKU-9943 | C5: MOCK-815524 | D5: iPhone 17 Air | E5: 0 | F5: 0 | G5: 0 | H5: 0 | I5: 0 | J5: 15 | K5: 1 | L5: 0 | M5: Y | P5: =Setup!$A$5 -> Expert 02 | Q5: =SUMIF($A$4:$A$43,$P5,E$4:E$43) -> 3 | R5: =SUMIF($A$4:$A$43,$P5,F$4:F$43) -> 0 | S5: =SUMIF($A$4:$A$43,$P5,G$4:G$43) -> 1 | T5: =SUMIF($A$4:$A$43,$P5,H$4:H$43) -> 1 | U5: =SUMIF($A$4:$A$43,$P5,I$4:I$43) -> 0 | V5: =SUMIF($A$4:$A$43,$P5,J$4:J$43) -> 48 | W5: =SUMIF($A$4:$A$43,$P5,K$4:K$43) -> 4 | X5: =SUMIF($A$4:$A$43,$P5,L$4:L$43) -> 217.4
A6: Expert 06 | B6: SKU-4472 | C6: MOCK-836100 | D6: 5G Hotspot | E6: 0 | F6: 0 | G6: 0 | H6: 0 | I6: 1 | J6: 0 | K6: 0 | L6: 0 | M6: Y | P6: =Setup!$A$6 -> Expert 03 | Q6: =SUMIF($A$4:$A$43,$P6,E$4:E$43) -> 0 | R6: =SUMIF($A$4:$A$43,$P6,F$4:F$43) -> 0 | S6: =SUMIF($A$4:$A$43,$P6,G$4:G$43) -> 0 | T6: =SUMIF($A$4:$A$43,$P6,H$4:H$43) -> 0 | U6: =SUMIF($A$4:$A$43,$P6,I$4:I$43) -> 0 | V6: =SUMIF($A$4:$A$43,$P6,J$4:J$43) -> 0 | W6: =SUMIF($A$4:$A$43,$P6,K$4:K$43) -> 0 | X6: =SUMIF($A$4:$A$43,$P6,L$4:L$43) -> 0
A7: Expert 07 | B7: SKU-1114 | C7: MOCK-336279 | D7: Galaxy Z Flip 7 | E7: 0 | F7: 0 | G7: 0 | H7: 0 | I7: 0 | J7: 33 | K7: 1 | L7: 0 | M7: Y | P7: =Setup!$A$7 -> Expert 04 | Q7: =SUMIF($A$4:$A$43,$P7,E$4:E$43) -> 0 | R7: =SUMIF($A$4:$A$43,$P7,F$4:F$43) -> 0 | S7: =SUMIF($A$4:$A$43,$P7,G$4:G$43) -> 0 | T7: =SUMIF($A$4:$A$43,$P7,H$4:H$43) -> 0 | U7: =SUMIF($A$4:$A$43,$P7,I$4:I$43) -> 0 | V7: =SUMIF($A$4:$A$43,$P7,J$4:J$43) -> 0 | W7: =SUMIF($A$4:$A$43,$P7,K$4:K$43) -> 0 | X7: =SUMIF($A$4:$A$43,$P7,L$4:L$43) -> 0
A8: Expert 10 | B8: SKU-4933 | C8: MOCK-517548 | D8: Galaxy Tab A11 | E8: 1 | F8: 0 | G8: 0 | H8: 0 | I8: 0 | J8: 0 | K8: 1 | L8: 0 | M8: Y | P8: =Setup!$A$8 -> Expert 05 | Q8: =SUMIF($A$4:$A$43,$P8,E$4:E$43) -> 2 | R8: =SUMIF($A$4:$A$43,$P8,F$4:F$43) -> 3 | S8: =SUMIF($A$4:$A$43,$P8,G$4:G$43) -> 0 | T8: =SUMIF($A$4:$A$43,$P8,H$4:H$43) -> 0 | U8: =SUMIF($A$4:$A$43,$P8,I$4:I$43) -> 0 | V8: =SUMIF($A$4:$A$43,$P8,J$4:J$43) -> 57 | W8: =SUMIF($A$4:$A$43,$P8,K$4:K$43) -> 5 | X8: =SUMIF($A$4:$A$43,$P8,L$4:L$43) -> 381.37
A9: Expert 05 | B9: SKU-6153 | C9: MOCK-348615 | D9: Galaxy S26 Ultra | E9: 1 | F9: 0 | G9: 0 | H9: 0 | I9: 0 | J9: 24 | K9: 1 | L9: 115.27 | M9: Y | P9: =Setup!$A$9 -> Expert 06 | Q9: =SUMIF($A$4:$A$43,$P9,E$4:E$43) -> 0 | R9: =SUMIF($A$4:$A$43,$P9,F$4:F$43) -> 2 | S9: =SUMIF($A$4:$A$43,$P9,G$4:G$43) -> 0 | T9: =SUMIF($A$4:$A$43,$P9,H$4:H$43) -> 0 | U9: =SUMIF($A$4:$A$43,$P9,I$4:I$43) -> 2 | V9: =SUMIF($A$4:$A$43,$P9,J$4:J$43) -> 15 | W9: =SUMIF($A$4:$A$43,$P9,K$4:K$43) -> 1 | X9: =SUMIF($A$4:$A$43,$P9,L$4:L$43) -> 212.92
A10: Expert 01 | B10: SKU-8525 | C10: MOCK-961726 | D10: iPhone 17 Air | E10: 1 | F10: 0 | G10: 0 | H10: 0 | I10: 0 | J10: 18 | K10: 1 | L10: 99.5 | M10: Y | P10: =Setup!$A$10 -> Expert 07 | Q10: =SUMIF($A$4:$A$43,$P10,E$4:E$43) -> 0 | R10: =SUMIF($A$4:$A$43,$P10,F$4:F$43) -> 0 | S10: =SUMIF($A$4:$A$43,$P10,G$4:G$43) -> 0 | T10: =SUMIF($A$4:$A$43,$P10,H$4:H$43) -> 0 | U10: =SUMIF($A$4:$A$43,$P10,I$4:I$43) -> 0 | V10: =SUMIF($A$4:$A$43,$P10,J$4:J$43) -> 33 | W10: =SUMIF($A$4:$A$43,$P10,K$4:K$43) -> 1 | X10: =SUMIF($A$4:$A$43,$P10,L$4:L$43) -> 0
A11: Expert 11 | B11: SKU-9015 | C11: MOCK-426151 | D11: 5G Hotspot | E11: 0 | F11: 0 | G11: 1 | H11: 0 | I11: 1 | J11: 16 | K11: 0 | L11: 56.26 | M11: Y | P11: =Setup!$A$11 -> Expert 08 | Q11: =SUMIF($A$4:$A$43,$P11,E$4:E$43) -> 1 | R11: =SUMIF($A$4:$A$43,$P11,F$4:F$43) -> 0 | S11: =SUMIF($A$4:$A$43,$P11,G$4:G$43) -> 0 | T11: =SUMIF($A$4:$A$43,$P11,H$4:H$43) -> 0 | U11: =SUMIF($A$4:$A$43,$P11,I$4:I$43) -> 0 | V11: =SUMIF($A$4:$A$43,$P11,J$4:J$43) -> 31 | W11: =SUMIF($A$4:$A$43,$P11,K$4:K$43) -> 1 | X11: =SUMIF($A$4:$A$43,$P11,L$4:L$43) -> 94.91
A12: Expert 05 | B12: SKU-9886 | C12: MOCK-227133 | D12: iPhone 17 Pro Max | E12: 1 | F12: 0 | G12: 0 | H12: 0 | I12: 0 | J12: 0 | K12: 1 | L12: 96.5 | M12: Y | P12: =Setup!$A$12 -> Expert 09 | Q12: =SUMIF($A$4:$A$43,$P12,E$4:E$43) -> 0 | R12: =SUMIF($A$4:$A$43,$P12,F$4:F$43) -> 0 | S12: =SUMIF($A$4:$A$43,$P12,G$4:G$43) -> 0 | T12: =SUMIF($A$4:$A$43,$P12,H$4:H$43) -> 0 | U12: =SUMIF($A$4:$A$43,$P12,I$4:I$43) -> 0 | V12: =SUMIF($A$4:$A$43,$P12,J$4:J$43) -> 0 | W12: =SUMIF($A$4:$A$43,$P12,K$4:K$43) -> 0 | X12: =SUMIF($A$4:$A$43,$P12,L$4:L$43) -> 0
A13: Expert 05 | B13: SKU-6521 | C13: MOCK-613709 | D13: Galaxy A17 | E13: 0 | F13: 1 | G13: 0 | H13: 0 | I13: 0 | J13: 0 | K13: 1 | L13: 81.93 | M13: Y | P13: =Setup!$A$13 -> Expert 10 | Q13: =SUMIF($A$4:$A$43,$P13,E$4:E$43) -> 4 | R13: =SUMIF($A$4:$A$43,$P13,F$4:F$43) -> 0 | S13: =SUMIF($A$4:$A$43,$P13,G$4:G$43) -> 0 | T13: =SUMIF($A$4:$A$43,$P13,H$4:H$43) -> 0 | U13: =SUMIF($A$4:$A$43,$P13,I$4:I$43) -> 1 | V13: =SUMIF($A$4:$A$43,$P13,J$4:J$43) -> 30 | W13: =SUMIF($A$4:$A$43,$P13,K$4:K$43) -> 4 | X13: =SUMIF($A$4:$A$43,$P13,L$4:L$43) -> 268.18
A14: Expert 08 | B14: SKU-5464 | C14: MOCK-939388 | D14: SIM Only | E14: 1 | F14: 0 | G14: 0 | H14: 0 | I14: 0 | J14: 16 | K14: 0 | L14: 0 | M14: Y | P14: =Setup!$A$14 -> Expert 11 | Q14: =SUMIF($A$4:$A$43,$P14,E$4:E$43) -> 0 | R14: =SUMIF($A$4:$A$43,$P14,F$4:F$43) -> 0 | S14: =SUMIF($A$4:$A$43,$P14,G$4:G$43) -> 1 | T14: =SUMIF($A$4:$A$43,$P14,H$4:H$43) -> 0 | U14: =SUMIF($A$4:$A$43,$P14,I$4:I$43) -> 1 | V14: =SUMIF($A$4:$A$43,$P14,J$4:J$43) -> 16 | W14: =SUMIF($A$4:$A$43,$P14,K$4:K$43) -> 0 | X14: =SUMIF($A$4:$A$43,$P14,L$4:L$43) -> 56.26
A15: Expert 10 | B15: SKU-7076 | C15: MOCK-855141 | D15: 5G Hotspot | E15: 0 | F15: 0 | G15: 0 | H15: 0 | I15: 1 | J15: 0 | K15: 0 | L15: 177.44 | M15: Y | P15: =Setup!$A$15 -> Expert 12 | Q15: =SUMIF($A$4:$A$43,$P15,E$4:E$43) -> 0 | R15: =SUMIF($A$4:$A$43,$P15,F$4:F$43) -> 0 | S15: =SUMIF($A$4:$A$43,$P15,G$4:G$43) -> 0 | T15: =SUMIF($A$4:$A$43,$P15,H$4:H$43) -> 0 | U15: =SUMIF($A$4:$A$43,$P15,I$4:I$43) -> 0 | V15: =SUMIF($A$4:$A$43,$P15,J$4:J$43) -> 0 | W15: =SUMIF($A$4:$A$43,$P15,K$4:K$43) -> 0 | X15: =SUMIF($A$4:$A$43,$P15,L$4:L$43) -> 0
A16: Expert 06 | B16: SKU-1480 | C16: MOCK-755871 | D16: Galaxy S26+ | E16: 0 | F16: 1 | G16: 0 | H16: 0 | I16: 0 | J16: 15 | K16: 1 | L16: 167.85 | M16: Y | P16: STORE TOTAL | Q16: =SUM(Q4:Q15) -> 11 | R16: =SUM(R4:R15) -> 5 | S16: =SUM(S4:S15) -> 2 | T16: =SUM(T4:T15) -> 1 | U16: =SUM(U4:U15) -> 4 | V16: =SUM(V4:V15) -> 248 | W16: =SUM(W4:W15) -> 18 | X16: =SUM(X4:X15) -> 1330.54
A17: Expert 05 | B17: SKU-9121 | C17: MOCK-689871 | D17: Galaxy A37 | E17: 0 | F17: 1 | G17: 0 | H17: 0 | I17: 0 | J17: 33 | K17: 1 | L17: 87.67 | M17: Y
A18: Expert 02 | B18: SKU-5468 | C18: MOCK-488724 | D18: Galaxy A37 | E18: 1 | F18: 0 | G18: 1 | H18: 0 | I18: 0 | J18: 0 | K18: 1 | L18: 113.09 | M18: Y
A19: Expert 05 | B19: SKU-7337 | C19: MOCK-545522 | D19: Galaxy A17 | E19: 0 | F19: 1 | G19: 0 | H19: 0 | I19: 0 | J19: 0 | K19: 1 | L19: 0 | M19: Y
A20: Expert 10 | B20: SKU-9810 | C20: MOCK-187619 | D20: Galaxy S26+ | E20: 1 | F20: 0 | G20: 0 | H20: 0 | I20: 0 | J20: 15 | K20: 1 | L20: 90.74 | M20: Y
A21: Expert 01 | B21: SKU-7087 | C21: MOCK-546338 | D21: iPhone 17 Air | E21: 0 | F21: 0 | G21: 0 | H21: 0 | I21: 0 | J21: 0 | K21: 1 | L21: 0 | M21: N
A22: Expert 10 | B22: SKU-6585 | C22: MOCK-417604 | D22: Apple Watch SE | E22: 1 | F22: 0 | G22: 0 | H22: 0 | I22: 0 | J22: 0 | K22: 1 | L22: 0 | M22: Y
A23: Expert 10 | B23: SKU-8072 | C23: MOCK-705283 | D23: Galaxy S26 Ultra | E23: 1 | F23: 0 | G23: 0 | H23: 0 | I23: 0 | J23: 15 | K23: 1 | L23: 0 | M23: Y
A24: Expert 02 | B24: SKU-3152 | C24: MOCK-721608 | D24: Galaxy Z Fold 7 | E24: 1 | F24: 0 | G24: 0 | H24: 1 | I24: 0 | J24: 33 | K24: 1 | L24: 0 | M24: Y
A25: Expert 06 | B25: SKU-3733 | C25: MOCK-221851 | D25: 5G Home Internet Gateway | E25: 0 | F25: 1 | G25: 0 | H25: 0 | I25: 1 | J25: 0 | K25: 0 | L25: 45.07 | M25: Y
A26: Expert 08 | B26: SKU-1740 | C26: MOCK-511237 | D26: Galaxy S26+ | E26: 0 | F26: 0 | G26: 0 | H26: 0 | I26: 0 | J26: 15 | K26: 1 | L26: 94.91 | M26: Y

Sheet 3
A1: Day 3 — Daily Entry
A2: MOCK DATA — generated for portfolio use. No real employees, customers, device identifiers, or store numbers appear in this file.
A3: ME | B3: SKU (mock) | C3: IMEI / SIM (mock) | D3: Device | E3: Acts | F3: Pre | G3: TFB | H3: BTS | I3: Hint | J3: VAF $ | K3: Devices | L3: Acc $ | M3: Complete | P3: Mobile Expert | Q3: Acts | R3: Pre | S3: TFB | T3: BTS | U3: Hint | V3: VAF $ | W3: Devices | X3: Acc $
A4: Expert 06 | B4: SKU-6334 | C4: MOCK-190905 | D4: moto g power | E4: 1 | F4: 0 | G4: 0 | H4: 0 | I4: 0 | J4: 0 | K4: 1 | L4: 140.14 | M4: Y | P4: =Setup!$A$4 -> Expert 01 | Q4: =SUMIF($A$4:$A$43,$P4,E$4:E$43) -> 1 | R4: =SUMIF($A$4:$A$43,$P4,F$4:F$43) -> 0 | S4: =SUMIF($A$4:$A$43,$P4,G$4:G$43) -> 0 | T4: =SUMIF($A$4:$A$43,$P4,H$4:H$43) -> 0 | U4: =SUMIF($A$4:$A$43,$P4,I$4:I$43) -> 0 | V4: =SUMIF($A$4:$A$43,$P4,J$4:J$43) -> 0 | W4: =SUMIF($A$4:$A$43,$P4,K$4:K$43) -> 1 | X4: =SUMIF($A$4:$A$43,$P4,L$4:L$43) -> 8.62
A5: Expert 11 | B5: SKU-9300 | C5: MOCK-855774 | D5: Apple Watch SE | E5: 1 | F5: 0 | G5: 0 | H5: 0 | I5: 0 | J5: 0 | K5: 1 | L5: 74.81 | M5: Y | P5: =Setup!$A$5 -> Expert 02 | Q5: =SUMIF($A$4:$A$43,$P5,E$4:E$43) -> 3 | R5: =SUMIF($A$4:$A$43,$P5,F$4:F$43) -> 2 | S5: =SUMIF($A$4:$A$43,$P5,G$4:G$43) -> 0 | T5: =SUMIF($A$4:$A$43,$P5,H$4:H$43) -> 0 | U5: =SUMIF($A$4:$A$43,$P5,I$4:I$43) -> 1 | V5: =SUMIF($A$4:$A$43,$P5,J$4:J$43) -> 51 | W5: =SUMIF($A$4:$A$43,$P5,K$4:K$43) -> 3 | X5: =SUMIF($A$4:$A$43,$P5,L$4:L$43) -> 237.97
A6: Expert 02 | B6: SKU-4001 | C6: MOCK-913351 | D6: Apple Watch SE | E6: 1 | F6: 0 | G6: 0 | H6: 0 | I6: 0 | J6: 0 | K6: 1 | L6: 0 | M6: Y | P6: =Setup!$A$6 -> Expert 03 | Q6: =SUMIF($A$4:$A$43,$P6,E$4:E$43) -> 1 | R6: =SUMIF($A$4:$A$43,$P6,F$4:F$43) -> 0 | S6: =SUMIF($A$4:$A$43,$P6,G$4:G$43) -> 0 | T6: =SUMIF($A$4:$A$43,$P6,H$4:H$43) -> 0 | U6: =SUMIF($A$4:$A$43,$P6,I$4:I$43) -> 0 | V6: =SUMIF($A$4:$A$43,$P6,J$4:J$43) -> 16 | W6: =SUMIF($A$4:$A$43,$P6,K$4:K$43) -> 2 | X6: =SUMIF($A$4:$A$43,$P6,L$4:L$43) -> 265.54
A7: Expert 03 | B7: SKU-1690 | C7: MOCK-540725 | D7: Accessory Only | E7: 0 | F7: 0 | G7: 0 | H7: 0 | I7: 0 | J7: 0 | K7: 0 | L7: 94.02 | M7: Y | P7: =Setup!$A$7 -> Expert 04 | Q7: =SUMIF($A$4:$A$43,$P7,E$4:E$43) -> 2 | R7: =SUMIF($A$4:$A$43,$P7,F$4:F$43) -> 0 | S7: =SUMIF($A$4:$A$43,$P7,G$4:G$43) -> 1 | T7: =SUMIF($A$4:$A$43,$P7,H$4:H$43) -> 0 | U7: =SUMIF($A$4:$A$43,$P7,I$4:I$43) -> 1 | V7: =SUMIF($A$4:$A$43,$P7,J$4:J$43) -> 16 | W7: =SUMIF($A$4:$A$43,$P7,K$4:K$43) -> 2 | X7: =SUMIF($A$4:$A$43,$P7,L$4:L$43) -> 213.21
A8: Expert 11 | B8: SKU-4737 | C8: MOCK-909584 | D8: iPhone 17 Pro Max | E8: 1 | F8: 0 | G8: 0 | H8: 0 | I8: 0 | J8: 0 | K8: 1 | L8: 104.76 | M8: Y | P8: =Setup!$A$8 -> Expert 05 | Q8: =SUMIF($A$4:$A$43,$P8,E$4:E$43) -> 0 | R8: =SUMIF($A$4:$A$43,$P8,F$4:F$43) -> 0 | S8: =SUMIF($A$4:$A$43,$P8,G$4:G$43) -> 0 | T8: =SUMIF($A$4:$A$43,$P8,H$4:H$43) -> 0 | U8: =SUMIF($A$4:$A$43,$P8,I$4:I$43) -> 0 | V8: =SUMIF($A$4:$A$43,$P8,J$4:J$43) -> 0 | W8: =SUMIF($A$4:$A$43,$P8,K$4:K$43) -> 0 | X8: =SUMIF($A$4:$A$43,$P8,L$4:L$43) -> 0
A9: Expert 02 | B9: SKU-5582 | C9: MOCK-292542 | D9: BYOD | E9: 0 | F9: 1 | G9: 0 | H9: 0 | I9: 0 | J9: 0 | K9: 0 | L9: 52.34 | M9: Y | P9: =Setup!$A$9 -> Expert 06 | Q9: =SUMIF($A$4:$A$43,$P9,E$4:E$43) -> 1 | R9: =SUMIF($A$4:$A$43,$P9,F$4:F$43) -> 1 | S9: =SUMIF($A$4:$A$43,$P9,G$4:G$43) -> 0 | T9: =SUMIF($A$4:$A$43,$P9,H$4:H$43) -> 0 | U9: =SUMIF($A$4:$A$43,$P9,I$4:I$43) -> 0 | V9: =SUMIF($A$4:$A$43,$P9,J$4:J$43) -> 16 | W9: =SUMIF($A$4:$A$43,$P9,K$4:K$43) -> 4 | X9: =SUMIF($A$4:$A$43,$P9,L$4:L$43) -> 305.59
A10: Expert 06 | B10: SKU-1939 | C10: MOCK-340025 | D10: Apple Watch Series 11 | E10: 0 | F10: 0 | G10: 0 | H10: 0 | I10: 0 | J10: 16 | K10: 1 | L10: 0 | M10: Y | P10: =Setup!$A$10 -> Expert 07 | Q10: =SUMIF($A$4:$A$43,$P10,E$4:E$43) -> 0 | R10: =SUMIF($A$4:$A$43,$P10,F$4:F$43) -> 0 | S10: =SUMIF($A$4:$A$43,$P10,G$4:G$43) -> 0 | T10: =SUMIF($A$4:$A$43,$P10,H$4:H$43) -> 0 | U10: =SUMIF($A$4:$A$43,$P10,I$4:I$43) -> 1 | V10: =SUMIF($A$4:$A$43,$P10,J$4:J$43) -> 0 | W10: =SUMIF($A$4:$A$43,$P10,K$4:K$43) -> 0 | X10: =SUMIF($A$4:$A$43,$P10,L$4:L$43) -> 64.36
A11: Expert 03 | B11: SKU-9459 | C11: MOCK-319280 | D11: Galaxy S26+ | E11: 1 | F11: 0 | G11: 0 | H11: 0 | I11: 0 | J11: 16 | K11: 1 | L11: 95.8 | M11: Y | P11: =Setup!$A$11 -> Expert 08 | Q11: =SUMIF($A$4:$A$43,$P11,E$4:E$43) -> 0 | R11: =SUMIF($A$4:$A$43,$P11,F$4:F$43) -> 0 | S11: =SUMIF($A$4:$A$43,$P11,G$4:G$43) -> 0 | T11: =SUMIF($A$4:$A$43,$P11,H$4:H$43) -> 0 | U11: =SUMIF($A$4:$A$43,$P11,I$4:I$43) -> 1 | V11: =SUMIF($A$4:$A$43,$P11,J$4:J$43) -> 24 | W11: =SUMIF($A$4:$A$43,$P11,K$4:K$43) -> 0 | X11: =SUMIF($A$4:$A$43,$P11,L$4:L$43) -> 61.22
A12: Expert 10 | B12: SKU-7698 | C12: MOCK-680674 | D12: Pixel 10 | E12: 0 | F12: 1 | G12: 0 | H12: 0 | I12: 0 | J12: 15 | K12: 1 | L12: 19.59 | M12: Y | P12: =Setup!$A$12 -> Expert 09 | Q12: =SUMIF($A$4:$A$43,$P12,E$4:E$43) -> 2 | R12: =SUMIF($A$4:$A$43,$P12,F$4:F$43) -> 1 | S12: =SUMIF($A$4:$A$43,$P12,G$4:G$43) -> 0 | T12: =SUMIF($A$4:$A$43,$P12,H$4:H$43) -> 0 | U12: =SUMIF($A$4:$A$43,$P12,I$4:I$43) -> 0 | V12: =SUMIF($A$4:$A$43,$P12,J$4:J$43) -> 57 | W12: =SUMIF($A$4:$A$43,$P12,K$4:K$43) -> 4 | X12: =SUMIF($A$4:$A$43,$P12,L$4:L$43) -> 149.47
A13: Expert 12 | B13: SKU-4941 | C13: MOCK-721874 | D13: iPhone 17 | E13: 1 | F13: 0 | G13: 0 | H13: 0 | I13: 0 | J13: 15 | K13: 1 | L13: 22.2 | M13: Y | P13: =Setup!$A$13 -> Expert 10 | Q13: =SUMIF($A$4:$A$43,$P13,E$4:E$43) -> 2 | R13: =SUMIF($A$4:$A$43,$P13,F$4:F$43) -> 1 | S13: =SUMIF($A$4:$A$43,$P13,G$4:G$43) -> 0 | T13: =SUMIF($A$4:$A$43,$P13,H$4:H$43) -> 0 | U13: =SUMIF($A$4:$A$43,$P13,I$4:I$43) -> 0 | V13: =SUMIF($A$4:$A$43,$P13,J$4:J$43) -> 30 | W13: =SUMIF($A$4:$A$43,$P13,K$4:K$43) -> 3 | X13: =SUMIF($A$4:$A$43,$P13,L$4:L$43) -> 19.59
A14: Expert 01 | B14: SKU-6477 | C14: MOCK-147008 | D14: Apple Watch SE | E14: 1 | F14: 0 | G14: 0 | H14: 0 | I14: 0 | J14: 0 | K14: 1 | L14: 8.62 | M14: Y | P14: =Setup!$A$14 -> Expert 11 | Q14: =SUMIF($A$4:$A$43,$P14,E$4:E$43) -> 3 | R14: =SUMIF($A$4:$A$43,$P14,F$4:F$43) -> 0 | S14: =SUMIF($A$4:$A$43,$P14,G$4:G$43) -> 0 | T14: =SUMIF($A$4:$A$43,$P14,H$4:H$43) -> 0 | U14: =SUMIF($A$4:$A$43,$P14,I$4:I$43) -> 0 | V14: =SUMIF($A$4:$A$43,$P14,J$4:J$43) -> 0 | W14: =SUMIF($A$4:$A$43,$P14,K$4:K$43) -> 3 | X14: =SUMIF($A$4:$A$43,$P14,L$4:L$43) -> 262.43
A15: Expert 11 | B15: SKU-4763 | C15: MOCK-495313 | D15: Pixel 10 Pro | E15: 1 | F15: 0 | G15: 0 | H15: 0 | I15: 0 | J15: 0 | K15: 1 | L15: 82.86 | M15: Y | P15: =Setup!$A$15 -> Expert 12 | Q15: =SUMIF($A$4:$A$43,$P15,E$4:E$43) -> 2 | R15: =SUMIF($A$4:$A$43,$P15,F$4:F$43) -> 1 | S15: =SUMIF($A$4:$A$43,$P15,G$4:G$43) -> 0 | T15: =SUMIF($A$4:$A$43,$P15,H$4:H$43) -> 0 | U15: =SUMIF($A$4:$A$43,$P15,I$4:I$43) -> 1 | V15: =SUMIF($A$4:$A$43,$P15,J$4:J$43) -> 63 | W15: =SUMIF($A$4:$A$43,$P15,K$4:K$43) -> 3 | X15: =SUMIF($A$4:$A$43,$P15,L$4:L$43) -> 232.04
A16: Expert 09 | B16: SKU-8639 | C16: MOCK-688758 | D16: Pixel 10 Pro | E16: 1 | F16: 0 | G16: 0 | H16: 0 | I16: 0 | J16: 0 | K16: 1 | L16: 64.14 | M16: Y | P16: STORE TOTAL | Q16: =SUM(Q4:Q15) -> 17 | R16: =SUM(R4:R15) -> 6 | S16: =SUM(S4:S15) -> 1 | T16: =SUM(T4:T15) -> 0 | U16: =SUM(U4:U15) -> 5 | V16: =SUM(V4:V15) -> 273 | W16: =SUM(W4:W15) -> 25 | X16: =SUM(X4:X15) -> 1820.04
A17: Expert 03 | B17: SKU-9658 | C17: MOCK-654697 | D17: Pixel 10 | E17: 0 | F17: 0 | G17: 0 | H17: 0 | I17: 0 | J17: 0 | K17: 1 | L17: 75.72 | M17: Y
A18: Expert 06 | B18: SKU-5840 | C18: MOCK-845574 | D18: Galaxy A17 | E18: 0 | F18: 0 | G18: 0 | H18: 0 | I18: 0 | J18: 0 | K18: 1 | L18: 86.05 | M18: Y
A19: Expert 02 | B19: SKU-5814 | C19: MOCK-253978 | D19: SIM Only | E19: 1 | F19: 0 | G19: 0 | H19: 0 | I19: 0 | J19: 0 | K19: 0 | L19: 105.95 | M19: Y
A20: Expert 04 | B20: SKU-8515 | C20: MOCK-190537 | D20: Galaxy S26 Ultra | E20: 1 | F20: 0 | G20: 1 | H20: 0 | I20: 0 | J20: 0 | K20: 1 | L20: 169.19 | M20: Y
A21: Expert 02 | B21: SKU-5844 | C21: MOCK-441927 | D21: iPhone 17 Pro | E21: 0 | F21: 1 | G21: 0 | H21: 0 | I21: 0 | J21: 18 | K21: 1 | L21: 0 | M21: Y
A22: Expert 10 | B22: SKU-3274 | C22: MOCK-189141 | D22: Pixel 10a | E22: 1 | F22: 0 | G22: 0 | H22: 0 | I22: 0 | J22: 0 | K22: 1 | L22: 0 | M22: Y
A23: Expert 10 | B23: SKU-6425 | C23: MOCK-230120 | D23: Apple Watch Ultra 3 | E23: 1 | F23: 0 | G23: 0 | H23: 0 | I23: 0 | J23: 15 | K23: 1 | L23: 0 | M23: Y
A24: Expert 12 | B24: SKU-1951 | C24: MOCK-642811 | D24: Galaxy Z Flip 7 | E24: 0 | F24: 1 | G24: 0 | H24: 0 | I24: 0 | J24: 33 | K24: 1 | L24: 173.12 | M24: Y
A25: Expert 07 | B25: SKU-7669 | C25: MOCK-288926 | D25: 5G Home Internet Gateway | E25: 0 | F25: 0 | G25: 0 | H25: 0 | I25: 1 | J25: 0 | K25: 0 | L25: 64.36 | M25: Y
A26: Expert 12 | B26: SKU-2963 | C26: MOCK-263588 | D26: Galaxy Tab A11 | E26: 1 | F26: 0 | G26: 0 | H26: 0 | I26: 0 | J26: 15 | K26: 1 | L26: 3.4 | M26: Y
A27: Expert 09 | B27: SKU-1457 | C27: MOCK-112471 | D27: moto g power | E27: 0 | F27: 0 | G27: 0 | H27: 0 | I27: 0 | J27: 24 | K27: 1 | L27: 0 | M27: Y
A28: Expert 12 | B28: SKU-1855 | C28: MOCK-178975 | D28: 5G Hotspot | E28: 0 | F28: 0 | G28: 0 | H28: 0 | I28: 1 | J28: 0 | K28: 0 | L28: 33.32 | M28: Y
... A36: Expert 04 | B36: SKU-8788 | C36: MOCK-195947 | D36: 5G Hotspot | E36: 0 | F36: 0 | G36: 0 | H36: 0 | I36: 1 | J36: 0 | K36: 0 | L36: 0 | M36: N

Sheet 4
A1: Day 4 — Daily Entry
A2: MOCK DATA — generated for portfolio use. No real employees, customers, device identifiers, or store numbers appear in this file.
A3: ME | B3: SKU (mock) | C3: IMEI / SIM (mock) | D3: Device | E3: Acts | F3: Pre | G3: TFB | H3: BTS | I3: Hint | J3: VAF $ | K3: Devices | L3: Acc $ | M3: Complete | P3: Mobile Expert | Q3: Acts | R3: Pre | S3: TFB | T3: BTS | U3: Hint | V3: VAF $ | W3: Devices | X3: Acc $
A4: Expert 03 | B4: SKU-7997 | C4: MOCK-542213 | D4: Accessory Only | E4: 0 | F4: 0 | G4: 0 | H4: 0 | I4: 0 | J4: 0 | K4: 0 | L4: 97.47 | M4: Y | P4: =Setup!$A$4 -> Expert 01 | Q4: =SUMIF($A$4:$A$43,$P4,E$4:E$43) -> 0 | R4: =SUMIF($A$4:$A$43,$P4,F$4:F$43) -> 0 | S4: =SUMIF($A$4:$A$43,$P4,G$4:G$43) -> 0 | T4: =SUMIF($A$4:$A$43,$P4,H$4:H$43) -> 0 | U4: =SUMIF($A$4:$A$43,$P4,I$4:I$43) -> 0 | V4: =SUMIF($A$4:$A$43,$P4,J$4:J$43) -> 15 | W4: =SUMIF($A$4:$A$43,$P4,K$4:K$43) -> 1 | X4: =SUMIF($A$4:$A$43,$P4,L$4:L$43) -> 0
A5: Expert 12 | B5: SKU-2843 | C5: MOCK-875939 | D5: Galaxy A37 | E5: 0 | F5: 1 | G5: 0 | H5: 0 | I5: 0 | J5: 0 | K5: 1 | L5: 0 | M5: Y | P5: =Setup!$A$5 -> Expert 02 | Q5: =SUMIF($A$4:$A$43,$P5,E$4:E$43) -> 0 | R5: =SUMIF($A$4:$A$43,$P5,F$4:F$43) -> 0 | S5: =SUMIF($A$4:$A$43,$P5,G$4:G$43) -> 0 | T5: =SUMIF($A$4:$A$43,$P5,H$4:H$43) -> 0 | U5: =SUMIF($A$4:$A$43,$P5,I$4:I$43) -> 1 | V5: =SUMIF($A$4:$A$43,$P5,J$4:J$43) -> 0 | W5: =SUMIF($A$4:$A$43,$P5,K$4:K$43) -> 0 | X5: =SUMIF($A$4:$A$43,$P5,L$4:L$43) -> 0
A6: Expert 07 | B6: SKU-2989 | C6: MOCK-767236 | D6: BYOD | E6: 0 | F6: 0 | G6: 0 | H6: 0 | I6: 0 | J6: 16 | K6: 0 | L6: 0 | M6: Y | P6: =Setup!$A$6 -> Expert 03 | Q6: =SUMIF($A$4:$A$43,$P6,E$4:E$43) -> 0 | R6: =SUMIF($A$4:$A$43,$P6,F$4:F$43) -> 1 | S6: =SUMIF($A$4:$A$43,$P6,G$4:G$43) -> 0 | T6: =SUMIF($A$4:$A$43,$P6,H$4:H$43) -> 0 | U6: =SUMIF($A$4:$A$43,$P6,I$4:I$43) -> 1 | V6: =SUMIF($A$4:$A$43,$P6,J$4:J$43) -> 18 | W6: =SUMIF($A$4:$A$43,$P6,K$4:K$43) -> 1 | X6: =SUMIF($A$4:$A$43,$P6,L$4:L$43) -> 309.26
A7: Expert 10 | B7: SKU-6223 | C7: MOCK-773163 | D7: 5G Home Internet Gateway | E7: 0 | F7: 0 | G7: 0 | H7: 0 | I7: 1 | J7: 33 | K7: 0 | L7: 163.98 | M7: Y | P7: =Setup!$A$7 -> Expert 04 | Q7: =SUMIF($A$4:$A$43,$P7,E$4:E$43) -> 0 | R7: =SUMIF($A$4:$A$43,$P7,F$4:F$43) -> 0 | S7: =SUMIF($A$4:$A$43,$P7,G$4:G$43) -> 0 | T7: =SUMIF($A$4:$A$43,$P7,H$4:H$43) -> 0 | U7: =SUMIF($A$4:$A$43,$P7,I$4:I$43) -> 0 | V7: =SUMIF($A$4:$A$43,$P7,J$4:J$43) -> 0 | W7: =SUMIF($A$4:$A$43,$P7,K$4:K$43) -> 1 | X7: =SUMIF($A$4:$A$43,$P7,L$4:L$43) -> 0
A8: Expert 10 | B8: SKU-5413 | C8: MOCK-724730 | D8: BYOD | E8: 0 | F8: 1 | G8: 0 | H8: 0 | I8: 0 | J8: 0 | K8: 0 | L8: 0 | M8: Y | P8: =Setup!$A$8 -> Expert 05 | Q8: =SUMIF($A$4:$A$43,$P8,E$4:E$43) -> 0 | R8: =SUMIF($A$4:$A$43,$P8,F$4:F$43) -> 0 | S8: =SUMIF($A$4:$A$43,$P8,G$4:G$43) -> 0 | T8: =SUMIF($A$4:$A$43,$P8,H$4:H$43) -> 0 | U8: =SUMIF($A$4:$A$43,$P8,I$4:I$43) -> 0 | V8: =SUMIF($A$4:$A$43,$P8,J$4:J$43) -> 0 | W8: =SUMIF($A$4:$A$43,$P8,K$4:K$43) -> 0 | X8: =SUMIF($A$4:$A$43,$P8,L$4:L$43) -> 0
A9: Expert 12 | B9: SKU-5223 | C9: MOCK-989714 | D9: SIM Only | E9: 1 | F9: 0 | G9: 0 | H9: 0 | I9: 0 | J9: 0 | K9: 0 | L9: 146.65 | M9: Y | P9: =Setup!$A$9 -> Expert 06 | Q9: =SUMIF($A$4:$A$43,$P9,E$4:E$43) -> 0 | R9: =SUMIF($A$4:$A$43,$P9,F$4:F$43) -> 0 | S9: =SUMIF($A$4:$A$43,$P9,G$4:G$43) -> 0 | T9: =SUMIF($A$4:$A$43,$P9,H$4:H$43) -> 0 | U9: =SUMIF($A$4:$A$43,$P9,I$4:I$43) -> 0 | V9: =SUMIF($A$4:$A$43,$P9,J$4:J$43) -> 0 | W9: =SUMIF($A$4:$A$43,$P9,K$4:K$43) -> 0 | X9: =SUMIF($A$4:$A$43,$P9,L$4:L$43) -> 0
A10: Expert 08 | B10: SKU-6431 | C10: MOCK-518283 | D10: iPad (11th Gen) | E10: 1 | F10: 0 | G10: 0 | H10: 0 | I10: 0 | J10: 24 | K10: 1 | L10: 37.23 | M10: Y | P10: =Setup!$A$10 -> Expert 07 | Q10: =SUMIF($A$4:$A$43,$P10,E$4:E$43) -> 0 | R10: =SUMIF($A$4:$A$43,$P10,F$4:F$43) -> 0 | S10: =SUMIF($A$4:$A$43,$P10,G$4:G$43) -> 0 | T10: =SUMIF($A$4:$A$43,$P10,H$4:H$43) -> 0 | U10: =SUMIF($A$4:$A$43,$P10,I$4:I$43) -> 0 | V10: =SUMIF($A$4:$A$43,$P10,J$4:J$43) -> 16 | W10: =SUMIF($A$4:$A$43,$P10,K$4:K$43) -> 0 | X10: =SUMIF($A$4:$A$43,$P10,L$4:L$43) -> 0
A11: Expert 03 | B11: SKU-1495 | C11: MOCK-454601 | D11: 5G Hotspot | E11: 0 | F11: 0 | G11: 0 | H11: 0 | I11: 1 | J11: 18 | K11: 0 | L11: 91.2 | M11: Y | P11: =Setup!$A$11 -> Expert 08 | Q11: =SUMIF($A$4:$A$43,$P11,E$4:E$43) -> 1 | R11: =SUMIF($A$4:$A$43,$P11,F$4:F$43) -> 0 | S11: =SUMIF($A$4:$A$43,$P11,G$4:G$43) -> 0 | T11: =SUMIF($A$4:$A$43,$P11,H$4:H$43) -> 0 | U11: =SUMIF($A$4:$A$43,$P11,I$4:I$43) -> 0 | V11: =SUMIF($A$4:$A$43,$P11,J$4:J$43) -> 64 | W11: =SUMIF($A$4:$A$43,$P11,K$4:K$43) -> 2 | X11: =SUMIF($A$4:$A$43,$P11,L$4:L$43) -> 84.34
A12: Expert 10 | B12: SKU-6977 | C12: MOCK-136053 | D12: moto g power | E12: 1 | F12: 0 | G12: 0 | H12: 0 | I12: 0 | J12: 16 | K12: 1 | L12: 0 | M12: Y | P12: =Setup!$A$12 -> Expert 09 | Q12: =SUMIF($A$4:$A$43,$P12,E$4:E$43) -> 0 | R12: =SUMIF($A$4:$A$43,$P12,F$4:F$43) -> 0 | S12: =SUMIF($A$4:$A$43,$P12,G$4:G$43) -> 0 | T12: =SUMIF($A$4:$A$43,$P12,H$4:H$43) -> 0 | U12: =SUMIF($A$4:$A$43,$P12,I$4:I$43) -> 0 | V12: =SUMIF($A$4:$A$43,$P12,J$4:J$43) -> 0 | W12: =SUMIF($A$4:$A$43,$P12,K$4:K$43) -> 0 | X12: =SUMIF($A$4:$A$43,$P12,L$4:L$43) -> 0
A13: Expert 01 | B13: SKU-2731 | C13: MOCK-550403 | D13: iPad (11th Gen) | E13: 0 | F13: 0 | G13: 0 | H13: 0 | I13: 0 | J13: 15 | K13: 1 | L13: 0 | M13: Y | P13: =Setup!$A$13 -> Expert 10 | Q13: =SUMIF($A$4:$A$43,$P13,E$4:E$43) -> 2 | R13: =SUMIF($A$4:$A$43,$P13,F$4:F$43) -> 1 | S13: =SUMIF($A$4:$A$43,$P13,G$4:G$43) -> 0 | T13: =SUMIF($A$4:$A$43,$P13,H$4:H$43) -> 1 | U13: =SUMIF($A$4:$A$43,$P13,I$4:I$43) -> 1 | V13: =SUMIF($A$4:$A$43,$P13,J$4:J$43) -> 88 | W13: =SUMIF($A$4:$A$43,$P13,K$4:K$43) -> 4 | X13: =SUMIF($A$4:$A$43,$P13,L$4:L$43) -> 186.9
A14: Expert 10 | B14: SKU-9577 | C14: MOCK-420304 | D14: Galaxy S26 Ultra | E14: 0 | F14: 0 | G14: 0 | H14: 0 | I14: 0 | J14: 15 | K14: 1 | L14: 0 | M14: N | P14: =Setup!$A$14 -> Expert 11 | Q14: =SUMIF($A$4:$A$43,$P14,E$4:E$43) -> 1 | R14: =SUMIF($A$4:$A$43,$P14,F$4:F$43) -> 0 | S14: =SUMIF($A$4:$A$43,$P14,G$4:G$43) -> 0 | T14: =SUMIF($A$4:$A$43,$P14,H$4:H$43) -> 0 | U14: =SUMIF($A$4:$A$43,$P14,I$4:I$43) -> 0 | V14: =SUMIF($A$4:$A$43,$P14,J$4:J$43) -> 0 | W14: =SUMIF($A$4:$A$43,$P14,K$4:K$43) -> 1 | X14: =SUMIF($A$4:$A$43,$P14,L$4:L$43) -> 0
A15: Expert 10 | B15: SKU-6465 | C15: MOCK-412828 | D15: Apple Watch Series 11 | E15: 1 | F15: 0 | G15: 0 | H15: 0 | I15: 0 | J15: 24 | K15: 1 | L15: 22.92 | M15: Y | P15: =Setup!$A$15 -> Expert 12 | Q15: =SUMIF($A$4:$A$43,$P15,E$4:E$43) -> 2 | R15: =SUMIF($A$4:$A$43,$P15,F$4:F$43) -> 2 | S15: =SUMIF($A$4:$A$43,$P15,G$4:G$43) -> 0 | T15: =SUMIF($A$4:$A$43,$P15,H$4:H$43) -> 0 | U15: =SUMIF($A$4:$A$43,$P15,I$4:I$43) -> 0 | V15: =SUMIF($A$4:$A$43,$P15,J$4:J$43) -> 24 | W15: =SUMIF($A$4:$A$43,$P15,K$4:K$43) -> 2 | X15: =SUMIF($A$4:$A$43,$P15,L$4:L$43) -> 236.23
A16: Expert 10 | B16: SKU-2269 | C16: MOCK-546434 | D16: Galaxy Watch 8 | E16: 0 | F16: 0 | G16: 0 | H16: 1 | I16: 0 | J16: 0 | K16: 1 | L16: 0 | M16: Y | P16: STORE TOTAL | Q16: =SUM(Q4:Q15) -> 6 | R16: =SUM(R4:R15) -> 4 | S16: =SUM(S4:S15) -> 0 | T16: =SUM(T4:T15) -> 1 | U16: =SUM(U4:U15) -> 3 | V16: =SUM(V4:V15) -> 225 | W16: =SUM(W4:W15) -> 12 | X16: =SUM(X4:X15) -> 816.73
A17: Expert 08 | B17: SKU-8197 | C17: MOCK-368140 | D17: Pixel 10 Pro | E17: 0 | F17: 0 | G17: 0 | H17: 0 | I17: 0 | J17: 24 | K17: 1 | L17: 47.11 | M17: Y
A18: Expert 08 | B18: SKU-4050 | C18: MOCK-805968 | D18: BYOD | E18: 0 | F18: 0 | G18: 0 | H18: 0 | I18: 0 | J18: 0 | K18: 0 | L18: 0 | M18: Y
A19: Expert 03 | B19: SKU-5003 | C19: MOCK-292005 | D19: Apple Watch Ultra 3 | E19: 0 | F19: 1 | G19: 0 | H19: 0 | I19: 0 | J19: 0 | K19: 1 | L19: 120.59 | M19: Y
A20: Expert 11 | B20: SKU-9139 | C20: MOCK-557336 | D20: iPhone 17 Air | E20: 1 | F20: 0 | G20: 0 | H20: 0 | I20: 0 | J20: 0 | K20: 1 | L20: 0 | M20: Y
A21: Expert 12 | B21: SKU-5178 | C21: MOCK-692118 | D21: Pixel 10 | E21: 1 | F21: 0 | G21: 0 | H21: 0 | I21: 0 | J21: 0 | K21: 1 | L21: 0 | M21: Y
A22: Expert 12 | B22: SKU-3402 | C22: MOCK-169926 | D22: Accessory Only | E22: 0 | F22: 1 | G22: 0 | H22: 0 | I22: 0 | J22: 24 | K22: 0 | L22: 89.58 | M22: Y
A23: Expert 08 | B23: SKU-1432 | C23: MOCK-920688 | D23: BYOD | E23: 0 | F23: 0 | G23: 0 | H23: 0 | I23: 0 | J23: 16 | K23: 0 | L23: 0 | M23: Y
A24: Expert 02 | B24: SKU-3322 | C24: MOCK-357866 | D24: 5G Hotspot | E24: 0 | F24: 0 | G24: 0 | H24: 0 | I24: 1 | J24: 0 | K24: 0 | L24: 0 | M24: Y
A25: Expert 04 | B25: SKU-4156 | C25: MOCK-871515 | D25: Galaxy Watch 8 | E25: 0 | F25: 0 | G25: 0 | H25: 0 | I25: 0 | J25: 0 | K25: 1 | L25: 0 | M25: Y

Sheet 5
A1: Day 5 — Daily Entry
A2: MOCK DATA — generated for portfolio use. No real employees, customers, device identifiers, or store numbers appear in this file.
A3: ME | B3: SKU (mock) | C3: IMEI / SIM (mock) | D3: Device | E3: Acts | F3: Pre | G3: TFB | H3: BTS | I3: Hint | J3: VAF $ | K3: Devices | L3: Acc $ | M3: Complete | P3: Mobile Expert | Q3: Acts | R3: Pre | S3: TFB | T3: BTS | U3: Hint | V3: VAF $ | W3: Devices | X3: Acc $
A4: Expert 07 | B4: SKU-5192 | C4: MOCK-825363 | D4: iPhone 17 | E4: 0 | F4: 0 | G4: 0 | H4: 0 | I4: 0 | J4: 0 | K4: 1 | L4: 148.8 | M4: Y | P4: =Setup!$A$4 -> Expert 01 | Q4: =SUMIF($A$4:$A$43,$P4,E$4:E$43) -> 2 | R4: =SUMIF($A$4:$A$43,$P4,F$4:F$43) -> 0 | S4: =SUMIF($A$4:$A$43,$P4,G$4:G$43) -> 0 | T4: =SUMIF($A$4:$A$43,$P4,H$4:H$43) -> 0 | U4: =SUMIF($A$4:$A$43,$P4,I$4:I$43) -> 0 | V4: =SUMIF($A$4:$A$43,$P4,J$4:J$43) -> 15 | W4: =SUMIF($A$4:$A$43,$P4,K$4:K$43) -> 2 | X4: =SUMIF($A$4:$A$43,$P4,L$4:L$43) -> 217.28
A5: Expert 02 | B5: SKU-6618 | C5: MOCK-419260 | D5: Pixel 10 Pro | E5: 1 | F5: 0 | G5: 0 | H5: 0 | I5: 0 | J5: 0 | K5: 1 | L5: 0 | M5: Y | P5: =Setup!$A$5 -> Expert 02 | Q5: =SUMIF($A$4:$A$43,$P5,E$4:E$43) -> 6 | R5: =SUMIF($A$4:$A$43,$P5,F$4:F$43) -> 0 | S5: =SUMIF($A$4:$A$43,$P5,G$4:G$43) -> 0 | T5: =SUMIF($A$4:$A$43,$P5,H$4:H$43) -> 0 | U5: =SUMIF($A$4:$A$43,$P5,I$4:I$43) -> 0 | V5: =SUMIF($A$4:$A$43,$P5,J$4:J$43) -> 0 | W5: =SUMIF($A$4:$A$43,$P5,K$4:K$43) -> 6 | X5: =SUMIF($A$4:$A$43,$P5,L$4:L$43) -> 285.13
A6: Expert 01 | B6: SKU-1470 | C6: MOCK-608404 | D6: Pixel 10a | E6: 1 | F6: 0 | G6: 0 | H6: 0 | I6: 0 | J6: 15 | K6: 1 | L6: 141.63 | M6: N | P6: =Setup!$A$6 -> Expert 03 | Q6: =SUMIF($A$4:$A$43,$P6,E$4:E$43) -> 1 | R6: =SUMIF($A$4:$A$43,$P6,F$4:F$43) -> 0 | S6: =SUMIF($A$4:$A$43,$P6,G$4:G$43) -> 0 | T6: =SUMIF($A$4:$A$43,$P6,H$4:H$43) -> 0 | U6: =SUMIF($A$4:$A$43,$P6,I$4:I$43) -> 0 | V6: =SUMIF($A$4:$A$43,$P6,J$4:J$43) -> 0 | W6: =SUMIF($A$4:$A$43,$P6,K$4:K$43) -> 1 | X6: =SUMIF($A$4:$A$43,$P6,L$4:L$43) -> 0
A7: Expert 08 | B7: SKU-5844 | C7: MOCK-287347 | D7: Pixel 10 | E7: 1 | F7: 0 | G7: 0 | H7: 0 | I7: 0 | J7: 33 | K7: 1 | L7: 36.85 | M7: Y | P7: =Setup!$A$7 -> Expert 04 | Q7: =SUMIF($A$4:$A$43,$P7,E$4:E$43) -> 3 | R7: =SUMIF($A$4:$A$43,$P7,F$4:F$43) -> 0 | S7: =SUMIF($A$4:$A$43,$P7,G$4:G$43) -> 0 | T7: =SUMIF($A$4:$A$43,$P7,H$4:H$43) -> 0 | U7: =SUMIF($A$4:$A$43,$P7,I$4:I$43) -> 0 | V7: =SUMIF($A$4:$A$43,$P7,J$4:J$43) -> 15 | W7: =SUMIF($A$4:$A$43,$P7,K$4:K$43) -> 3 | X7: =SUMIF($A$4:$A$43,$P7,L$4:L$43) -> 230.02
A8: Expert 04 | B8: SKU-3837 | C8: MOCK-763495 | D8: Pixel 10a | E8: 1 | F8: 0 | G8: 0 | H8: 0 | I8: 0 | J8: 0 | K8: 1 | L8: 0 | M8: Y | P8: =Setup!$A$8 -> Expert 05 | Q8: =SUMIF($A$4:$A$43,$P8,E$4:E$43) -> 2 | R8: =SUMIF($A$4:$A$43,$P8,F$4:F$43) -> 0 | S8: =SUMIF($A$4:$A$43,$P8,G$4:G$43) -> 0 | T8: =SUMIF($A$4:$A$43,$P8,H$4:H$43) -> 0 | U8: =SUMIF($A$4:$A$43,$P8,I$4:I$43) -> 0 | V8: =SUMIF($A$4:$A$43,$P8,J$4:J$43) -> 33 | W8: =SUMIF($A$4:$A$43,$P8,K$4:K$43) -> 2 | X8: =SUMIF($A$4:$A$43,$P8,L$4:L$43) -> 197.43
A9: Expert 04 | B9: SKU-6449 | C9: MOCK-668456 | D9: iPhone 17 Pro | E9: 1 | F9: 0 | G9: 0 | H9: 0 | I9: 0 | J9: 15 | K9: 1 | L9: 0 | M9: Y | P9: =Setup!$A$9 -> Expert 06 | Q9: =SUMIF($A$4:$A$43,$P9,E$4:E$43) -> 0 | R9: =SUMIF($A$4:$A$43,$P9,F$4:F$43) -> 0 | S9: =SUMIF($A$4:$A$43,$P9,G$4:G$43) -> 0 | T9: =SUMIF($A$4:$A$43,$P9,H$4:H$43) -> 0 | U9: =SUMIF($A$4:$A$43,$P9,I$4:I$43) -> 0 | V9: =SUMIF($A$4:$A$43,$P9,J$4:J$43) -> 0 | W9: =SUMIF($A$4:$A$43,$P9,K$4:K$43) -> 0 | X9: =SUMIF($A$4:$A$43,$P9,L$4:L$43) -> 0
A10: Expert 12 | B10: SKU-5922 | C10: MOCK-883713 | D10: Galaxy A17 | E10: 1 | F10: 0 | G10: 0 | H10: 0 | I10: 0 | J10: 0 | K10: 1 | L10: 179.67 | M10: Y | P10: =Setup!$A$10 -> Expert 07 | Q10: =SUMIF($A$4:$A$43,$P10,E$4:E$43) -> 3 | R10: =SUMIF($A$4:$A$43,$P10,F$4:F$43) -> 0 | S10: =SUMIF($A$4:$A$43,$P10,G$4:G$43) -> 0 | T10: =SUMIF($A$4:$A$43,$P10,H$4:H$43) -> 0 | U10: =SUMIF($A$4:$A$43,$P10,I$4:I$43) -> 0 | V10: =SUMIF($A$4:$A$43,$P10,J$4:J$43) -> 33 | W10: =SUMIF($A$4:$A$43,$P10,K$4:K$43) -> 4 | X10: =SUMIF($A$4:$A$43,$P10,L$4:L$43) -> 361.63
A11: Expert 10 | B11: SKU-8861 | C11: MOCK-256642 | D11: Pixel 10a | E11: 1 | F11: 0 | G11: 0 | H11: 0 | I11: 0 | J11: 18 | K11: 1 | L11: 0 | M11: Y | P11: =Setup!$A$11 -> Expert 08 | Q11: =SUMIF($A$4:$A$43,$P11,E$4:E$43) -> 2 | R11: =SUMIF($A$4:$A$43,$P11,F$4:F$43) -> 0 | S11: =SUMIF($A$4:$A$43,$P11,G$4:G$43) -> 0 | T11: =SUMIF($A$4:$A$43,$P11,H$4:H$43) -> 0 | U11: =SUMIF($A$4:$A$43,$P11,I$4:I$43) -> 0 | V11: =SUMIF($A$4:$A$43,$P11,J$4:J$43) -> 51 | W11: =SUMIF($A$4:$A$43,$P11,K$4:K$43) -> 3 | X11: =SUMIF($A$4:$A$43,$P11,L$4:L$43) -> 36.85
A12: Expert 02 | B12: SKU-3305 | C12: MOCK-545413 | D12: Galaxy Z Flip 7 | E12: 1 | F12: 0 | G12: 0 | H12: 0 | I12: 0 | J12: 0 | K12: 1 | L12: 15.5 | M12: Y | P12: =Setup!$A$12 -> Expert 09 | Q12: =SUMIF($A$4:$A$43,$P12,E$4:E$43) -> 0 | R12: =SUMIF($A$4:$A$43,$P12,F$4:F$43) -> 0 | S12: =SUMIF($A$4:$A$43,$P12,G$4:G$43) -> 0 | T12: =SUMIF($A$4:$A$43,$P12,H$4:H$43) -> 0 | U12: =SUMIF($A$4:$A$43,$P12,I$4:I$43) -> 0 | V12: =SUMIF($A$4:$A$43,$P12,J$4:J$43) -> 0 | W12: =SUMIF($A$4:$A$43,$P12,K$4:K$43) -> 0 | X12: =SUMIF($A$4:$A$43,$P12,L$4:L$43) -> 0
A13: Expert 02 | B13: SKU-6705 | C13: MOCK-228623 | D13: Apple Watch SE | E13: 1 | F13: 0 | G13: 0 | H13: 0 | I13: 0 | J13: 0 | K13: 1 | L13: 117.18 | M13: Y | P13: =Setup!$A$13 -> Expert 10 | Q13: =SUMIF($A$4:$A$43,$P13,E$4:E$43) -> 2 | R13: =SUMIF($A$4:$A$43,$P13,F$4:F$43) -> 0 | S13: =SUMIF($A$4:$A$43,$P13,G$4:G$43) -> 0 | T13: =SUMIF($A$4:$A$43,$P13,H$4:H$43) -> 0 | U13: =SUMIF($A$4:$A$43,$P13,I$4:I$43) -> 1 | V13: =SUMIF($A$4:$A$43,$P13,J$4:J$43) -> 67 | W13: =SUMIF($A$4:$A$43,$P13,K$4:K$43) -> 2 | X13: =SUMIF($A$4:$A$43,$P13,L$4:L$43) -> 196.9
A14: Expert 10 | B14: SKU-4821 | C14: MOCK-617463 | D14: 5G Hotspot | E14: 0 | F14: 0 | G14: 0 | H14: 0 | I14: 1 | J14: 33 | K14: 0 | L14: 66.63 | M14: Y | P14: =Setup!$A$14 -> Expert 11 | Q14: =SUMIF($A$4:$A$43,$P14,E$4:E$43) -> 2 | R14: =SUMIF($A$4:$A$43,$P14,F$4:F$43) -> 0 | S14: =SUMIF($A$4:$A$43,$P14,G$4:G$43) -> 0 | T14: =SUMIF($A$4:$A$43,$P14,H$4:H$43) -> 0 | U14: =SUMIF($A$4:$A$43,$P14,I$4:I$43) -> 0 | V14: =SUMIF($A$4:$A$43,$P14,J$4:J$43) -> 15 | W14: =SUMIF($A$4:$A$43,$P14,K$4:K$43) -> 2 | X14: =SUMIF($A$4:$A$43,$P14,L$4:L$43) -> 104.2
A15: Expert 02 | B15: SKU-5053 | C15: MOCK-849664 | D15: iPhone 17 Pro Max | E15: 1 | F15: 0 | G15: 0 | H15: 0 | I15: 0 | J15: 0 | K15: 1 | L15: 64.8 | M15: Y | P15: =Setup!$A$15 -> Expert 12 | Q15: =SUMIF($A$4:$A$43,$P15,E$4:E$43) -> 1 | R15: =SUMIF($A$4:$A$43,$P15,F$4:F$43) -> 1 | S15: =SUMIF($A$4:$A$43,$P15,G$4:G$43) -> 0 | T15: =SUMIF($A$4:$A$43,$P15,H$4:H$43) -> 0 | U15: =SUMIF($A$4:$A$43,$P15,I$4:I$43) -> 1 | V15: =SUMIF($A$4:$A$43,$P15,J$4:J$43) -> 15 | W15: =SUMIF($A$4:$A$43,$P15,K$4:K$43) -> 1 | X15: =SUMIF($A$4:$A$43,$P15,L$4:L$43) -> 272.87
A16: Expert 12 | B16: SKU-2130 | C16: MOCK-855319 | D16: 5G Hotspot | E16: 0 | F16: 1 | G16: 0 | H16: 0 | I16: 1 | J16: 15 | K16: 0 | L16: 93.2 | M16: Y | P16: STORE TOTAL | Q16: =SUM(Q4:Q15) -> 24 | R16: =SUM(R4:R15) -> 1 | S16: =SUM(S4:S15) -> 0 | T16: =SUM(T4:T15) -> 0 | U16: =SUM(U4:U15) -> 2 | V16: =SUM(V4:V15) -> 244 | W16: =SUM(W4:W15) -> 26 | X16: =SUM(X4:X15) -> 1902.31
A17: Expert 05 | B17: SKU-9273 | C17: MOCK-384450 | D17: iPad (11th Gen) | E17: 1 | F17: 0 | G17: 0 | H17: 0 | I17: 0 | J17: 0 | K17: 1 | L17: 69.74 | M17: Y
A18: Expert 01 | B18: SKU-6541 | C18: MOCK-703468 | D18: Galaxy Z Flip 7 | E18: 1 | F18: 0 | G18: 0 | H18: 0 | I18: 0 | J18: 0 | K18: 1 | L18: 75.65 | M18: Y
A19: Expert 03 | B19: SKU-1466 | C19: MOCK-645754 | D19: Galaxy S26+ | E19: 1 | F19: 0 | G19: 0 | H19: 0 | I19: 0 | J19: 0 | K19: 1 | L19: 0 | M19: Y
A20: Expert 10 | B20: SKU-2729 | C20: MOCK-171163 | D20: Pixel 10 | E20: 1 | F20: 0 | G20: 0 | H20: 0 | I20: 0 | J20: 16 | K20: 1 | L20: 130.27 | M20: Y
A21: Expert 11 | B21: SKU-5792 | C21: MOCK-266360 | D21: Galaxy Tab A11 | E21: 1 | F21: 0 | G21: 0 | H21: 0 | I21: 0 | J21: 0 | K21: 1 | L21: 0 | M21: Y
A22: Expert 11 | B22: SKU-6949 | C22: MOCK-775907 | D22: Galaxy A37 | E22: 1 | F22: 0 | G22: 0 | H22: 0 | I22: 0 | J22: 15 | K22: 1 | L22: 104.2 | M22: Y
A23: Expert 07 | B23: SKU-1581 | C23: MOCK-170636 | D23: Galaxy Z Flip 7 | E23: 1 | F23: 0 | G23: 0 | H23: 0 | I23: 0 | J23: 18 | K23: 1 | L23: 0 | M23: Y
A24: Expert 08 | B24: SKU-8473 | C24: MOCK-669629 | D24: Galaxy S26+ | E24: 0 | F24: 0 | G24: 0 | H24: 0 | I24: 0 | J24: 18 | K24: 1 | L24: 0 | M24: N
A25: Expert 05 | B25: SKU-7326 | C25: MOCK-892523 | D25: Pixel 10a | E25: 1 | F25: 0 | G25: 0 | H25: 0 | I25: 0 | J25: 33 | K25: 1 | L25: 127.69 | M25: Y
A26: Expert 02 | B26: SKU-3743 | C26: MOCK-414364 | D26: Galaxy S26 | E26: 1 | F26: 0 | G26: 0 | H26: 0 | I26: 0 | J26: 0 | K26: 1 | L26: 87.65 | M26: Y
A27: Expert 02 | B27: SKU-3285 | C27: MOCK-161369 | D27: Pixel 10a | E27: 1 | F27: 0 | G27: 0 | H27: 0 | I27: 0 | J27: 0 | K27: 1 | L27: 0 | M27: Y
A28: Expert 04 | B28: SKU-2800 | C28: MOCK-549958 | D28: Galaxy S26 | E28: 1 | F28: 0 | G28: 0 | H28: 0 | I28: 0 | J28: 0 | K28: 1 | L28: 79.27 | M28: Y
... A32: Expert 07 | B32: SKU-7256 | C32: MOCK-391680 | D32: iPhone 17 | E32: 1 | F32: 0 | G32: 0 | H32: 0 | I32: 0 | J32: 15 | K32: 1 | L32: 120.96 | M32: Y

Sheet 6
A1: Day 6 — Daily Entry
A2: MOCK DATA — generated for portfolio use. No real employees, customers, device identifiers, or store numbers appear in this file.
A3: ME | B3: SKU (mock) | C3: IMEI / SIM (mock) | D3: Device | E3: Acts | F3: Pre | G3: TFB | H3: BTS | I3: Hint | J3: VAF $ | K3: Devices | L3: Acc $ | M3: Complete | P3: Mobile Expert | Q3: Acts | R3: Pre | S3: TFB | T3: BTS | U3: Hint | V3: VAF $ | W3: Devices | X3: Acc $
A4: Expert 08 | B4: SKU-8307 | C4: MOCK-773530 | D4: 5G Home Internet Gateway | E4: 0 | F4: 0 | G4: 0 | H4: 0 | I4: 1 | J4: 18 | K4: 0 | L4: 102.61 | M4: Y | P4: =Setup!$A$4 -> Expert 01 | Q4: =SUMIF($A$4:$A$43,$P4,E$4:E$43) -> 0 | R4: =SUMIF($A$4:$A$43,$P4,F$4:F$43) -> 0 | S4: =SUMIF($A$4:$A$43,$P4,G$4:G$43) -> 0 | T4: =SUMIF($A$4:$A$43,$P4,H$4:H$43) -> 0 | U4: =SUMIF($A$4:$A$43,$P4,I$4:I$43) -> 0 | V4: =SUMIF($A$4:$A$43,$P4,J$4:J$43) -> 0 | W4: =SUMIF($A$4:$A$43,$P4,K$4:K$43) -> 0 | X4: =SUMIF($A$4:$A$43,$P4,L$4:L$43) -> 0
A5: Expert 04 | B5: SKU-4457 | C5: MOCK-230918 | D5: Galaxy A37 | E5: 0 | F5: 0 | G5: 0 | H5: 0 | I5: 0 | J5: 0 | K5: 1 | L5: 0 | M5: Y | P5: =Setup!$A$5 -> Expert 02 | Q5: =SUMIF($A$4:$A$43,$P5,E$4:E$43) -> 3 | R5: =SUMIF($A$4:$A$43,$P5,F$4:F$43) -> 1 | S5: =SUMIF($A$4:$A$43,$P5,G$4:G$43) -> 0 | T5: =SUMIF($A$4:$A$43,$P5,H$4:H$43) -> 0 | U5: =SUMIF($A$4:$A$43,$P5,I$4:I$43) -> 0 | V5: =SUMIF($A$4:$A$43,$P5,J$4:J$43) -> 48 | W5: =SUMIF($A$4:$A$43,$P5,K$4:K$43) -> 3 | X5: =SUMIF($A$4:$A$43,$P5,L$4:L$43) -> 118.57
A6: Expert 09 | B6: SKU-8866 | C6: MOCK-512852 | D6: iPad (11th Gen) | E6: 1 | F6: 0 | G6: 0 | H6: 0 | I6: 0 | J6: 24 | K6: 1 | L6: 15.74 | M6: Y | P6: =Setup!$A$6 -> Expert 03 | Q6: =SUMIF($A$4:$A$43,$P6,E$4:E$43) -> 0 | R6: =SUMIF($A$4:$A$43,$P6,F$4:F$43) -> 2 | S6: =SUMIF($A$4:$A$43,$P6,G$4:G$43) -> 0 | T6: =SUMIF($A$4:$A$43,$P6,H$4:H$43) -> 0 | U6: =SUMIF($A$4:$A$43,$P6,I$4:I$43) -> 0 | V6: =SUMIF($A$4:$A$43,$P6,J$4:J$43) -> 16 | W6: =SUMIF($A$4:$A$43,$P6,K$4:K$43) -> 2 | X6: =SUMIF($A$4:$A$43,$P6,L$4:L$43) -> 152.59
A7: Expert 10 | B7: SKU-8118 | C7: MOCK-937130 | D7: Apple Watch SE | E7: 0 | F7: 1 | G7: 0 | H7: 0 | I7: 0 | J7: 0 | K7: 1 | L7: 0 | M7: Y | P7: =Setup!$A$7 -> Expert 04 | Q7: =SUMIF($A$4:$A$43,$P7,E$4:E$43) -> 0 | R7: =SUMIF($A$4:$A$43,$P7,F$4:F$43) -> 0 | S7: =SUMIF($A$4:$A$43,$P7,G$4:G$43) -> 0 | T7: =SUMIF($A$4:$A$43,$P7,H$4:H$43) -> 0 | U7: =SUMIF($A$4:$A$43,$P7,I$4:I$43) -> 0 | V7: =SUMIF($A$4:$A$43,$P7,J$4:J$43) -> 0 | W7: =SUMIF($A$4:$A$43,$P7,K$4:K$43) -> 1 | X7: =SUMIF($A$4:$A$43,$P7,L$4:L$43) -> 0
A8: Expert 03 | B8: SKU-6582 | C8: MOCK-245127 | D8: Pixel 10a | E8: 0 | F8: 1 | G8: 0 | H8: 0 | I8: 0 | J8: 16 | K8: 1 | L8: 152.59 | M8: Y | P8: =Setup!$A$8 -> Expert 05 | Q8: =SUMIF($A$4:$A$43,$P8,E$4:E$43) -> 0 | R8: =SUMIF($A$4:$A$43,$P8,F$4:F$43) -> 0 | S8: =SUMIF($A$4:$A$43,$P8,G$4:G$43) -> 0 | T8: =SUMIF($A$4:$A$43,$P8,H$4:H$43) -> 0 | U8: =SUMIF($A$4:$A$43,$P8,I$4:I$43) -> 0 | V8: =SUMIF($A$4:$A$43,$P8,J$4:J$43) -> 0 | W8: =SUMIF($A$4:$A$43,$P8,K$4:K$43) -> 0 | X8: =SUMIF($A$4:$A$43,$P8,L$4:L$43) -> 0
A9: Expert 07 | B9: SKU-2997 | C9: MOCK-915416 | D9: Apple Watch Ultra 3 | E9: 1 | F9: 0 | G9: 0 | H9: 0 | I9: 0 | J9: 24 | K9: 1 | L9: 81.9 | M9: Y | P9: =Setup!$A$9 -> Expert 06 | Q9: =SUMIF($A$4:$A$43,$P9,E$4:E$43) -> 0 | R9: =SUMIF($A$4:$A$43,$P9,F$4:F$43) -> 0 | S9: =SUMIF($A$4:$A$43,$P9,G$4:G$43) -> 0 | T9: =SUMIF($A$4:$A$43,$P9,H$4:H$43) -> 0 | U9: =SUMIF($A$4:$A$43,$P9,I$4:I$43) -> 0 | V9: =SUMIF($A$4:$A$43,$P9,J$4:J$43) -> 0 | W9: =SUMIF($A$4:$A$43,$P9,K$4:K$43) -> 0 | X9: =SUMIF($A$4:$A$43,$P9,L$4:L$43) -> 0
A10: Expert 08 | B10: SKU-2407 | C10: MOCK-224461 | D10: 5G Home Internet Gateway | E10: 0 | F10: 0 | G10: 0 | H10: 0 | I10: 1 | J10: 33 | K10: 0 | L10: 123.76 | M10: Y | P10: =Setup!$A$10 -> Expert 07 | Q10: =SUMIF($A$4:$A$43,$P10,E$4:E$43) -> 1 | R10: =SUMIF($A$4:$A$43,$P10,F$4:F$43) -> 0 | S10: =SUMIF($A$4:$A$43,$P10,G$4:G$43) -> 0 | T10: =SUMIF($A$4:$A$43,$P10,H$4:H$43) -> 0 | U10: =SUMIF($A$4:$A$43,$P10,I$4:I$43) -> 0 | V10: =SUMIF($A$4:$A$43,$P10,J$4:J$43) -> 24 | W10: =SUMIF($A$4:$A$43,$P10,K$4:K$43) -> 1 | X10: =SUMIF($A$4:$A$43,$P10,L$4:L$43) -> 81.9
A11: Expert 10 | B11: SKU-1487 | C11: MOCK-814869 | D11: Galaxy A37 | E11: 0 | F11: 1 | G11: 0 | H11: 0 | I11: 0 | J11: 0 | K11: 1 | L11: 0 | M11: N | P11: =Setup!$A$11 -> Expert 08 | Q11: =SUMIF($A$4:$A$43,$P11,E$4:E$43) -> 0 | R11: =SUMIF($A$4:$A$43,$P11,F$4:F$43) -> 0 | S11: =SUMIF($A$4:$A$43,$P11,G$4:G$43) -> 0 | T11: =SUMIF($A$4:$A$43,$P11,H$4:H$43) -> 0 | U11: =SUMIF($A$4:$A$43,$P11,I$4:I$43) -> 2 | V11: =SUMIF($A$4:$A$43,$P11,J$4:J$43) -> 51 | W11: =SUMIF($A$4:$A$43,$P11,K$4:K$43) -> 1 | X11: =SUMIF($A$4:$A$43,$P11,L$4:L$43) -> 239.57
A12: Expert 11 | B12: SKU-4286 | C12: MOCK-526607 | D12: iPhone 17 | E12: 1 | F12: 0 | G12: 0 | H12: 0 | I12: 0 | J12: 33 | K12: 1 | L12: 0 | M12: Y | P12: =Setup!$A$12 -> Expert 09 | Q12: =SUMIF($A$4:$A$43,$P12,E$4:E$43) -> 1 | R12: =SUMIF($A$4:$A$43,$P12,F$4:F$43) -> 1 | S12: =SUMIF($A$4:$A$43,$P12,G$4:G$43) -> 0 | T12: =SUMIF($A$4:$A$43,$P12,H$4:H$43) -> 0 | U12: =SUMIF($A$4:$A$43,$P12,I$4:I$43) -> 1 | V12: =SUMIF($A$4:$A$43,$P12,J$4:J$43) -> 40 | W12: =SUMIF($A$4:$A$43,$P12,K$4:K$43) -> 2 | X12: =SUMIF($A$4:$A$43,$P12,L$4:L$43) -> 15.74
A13: Expert 02 | B13: SKU-3446 | C13: MOCK-321808 | D13: Galaxy S26 Ultra | E13: 0 | F13: 1 | G13: 0 | H13: 0 | I13: 0 | J13: 0 | K13: 1 | L13: 0 | M13: Y | P13: =Setup!$A$13 -> Expert 10 | Q13: =SUMIF($A$4:$A$43,$P13,E$4:E$43) -> 1 | R13: =SUMIF($A$4:$A$43,$P13,F$4:F$43) -> 2 | S13: =SUMIF($A$4:$A$43,$P13,G$4:G$43) -> 0 | T13: =SUMIF($A$4:$A$43,$P13,H$4:H$43) -> 0 | U13: =SUMIF($A$4:$A$43,$P13,I$4:I$43) -> 0 | V13: =SUMIF($A$4:$A$43,$P13,J$4:J$43) -> 18 | W13: =SUMIF($A$4:$A$43,$P13,K$4:K$43) -> 3 | X13: =SUMIF($A$4:$A$43,$P13,L$4:L$43) -> 70.93
A14: Expert 09 | B14: SKU-6517 | C14: MOCK-725355 | D14: iPhone 17 | E14: 0 | F14: 1 | G14: 0 | H14: 0 | I14: 0 | J14: 16 | K14: 1 | L14: 0 | M14: Y | P14: =Setup!$A$14 -> Expert 11 | Q14: =SUMIF($A$4:$A$43,$P14,E$4:E$43) -> 2 | R14: =SUMIF($A$4:$A$43,$P14,F$4:F$43) -> 0 | S14: =SUMIF($A$4:$A$43,$P14,G$4:G$43) -> 0 | T14: =SUMIF($A$4:$A$43,$P14,H$4:H$43) -> 0 | U14: =SUMIF($A$4:$A$43,$P14,I$4:I$43) -> 0 | V14: =SUMIF($A$4:$A$43,$P14,J$4:J$43) -> 33 | W14: =SUMIF($A$4:$A$43,$P14,K$4:K$43) -> 2 | X14: =SUMIF($A$4:$A$43,$P14,L$4:L$43) -> 18.23
A15: Expert 10 | B15: SKU-9971 | C15: MOCK-803931 | D15: Galaxy S26 Ultra | E15: 1 | F15: 0 | G15: 0 | H15: 0 | I15: 0 | J15: 18 | K15: 1 | L15: 70.93 | M15: Y | P15: =Setup!$A$15 -> Expert 12 | Q15: =SUMIF($A$4:$A$43,$P15,E$4:E$43) -> 0 | R15: =SUMIF($A$4:$A$43,$P15,F$4:F$43) -> 0 | S15: =SUMIF($A$4:$A$43,$P15,G$4:G$43) -> 0 | T15: =SUMIF($A$4:$A$43,$P15,H$4:H$43) -> 0 | U15: =SUMIF($A$4:$A$43,$P15,I$4:I$43) -> 0 | V15: =SUMIF($A$4:$A$43,$P15,J$4:J$43) -> 0 | W15: =SUMIF($A$4:$A$43,$P15,K$4:K$43) -> 1 | X15: =SUMIF($A$4:$A$43,$P15,L$4:L$43) -> 0
A16: Expert 02 | B16: SKU-7450 | C16: MOCK-364903 | D16: Pixel 10a | E16: 1 | F16: 0 | G16: 0 | H16: 0 | I16: 0 | J16: 33 | K16: 1 | L16: 0 | M16: Y | P16: STORE TOTAL | Q16: =SUM(Q4:Q15) -> 8 | R16: =SUM(R4:R15) -> 6 | S16: =SUM(S4:S15) -> 0 | T16: =SUM(T4:T15) -> 0 | U16: =SUM(U4:U15) -> 3 | V16: =SUM(V4:V15) -> 230 | W16: =SUM(W4:W15) -> 16 | X16: =SUM(X4:X15) -> 697.53
A17: Expert 11 | B17: SKU-6042 | C17: MOCK-114482 | D17: iPhone 17 Air | E17: 1 | F17: 0 | G17: 0 | H17: 0 | I17: 0 | J17: 0 | K17: 1 | L17: 18.23 | M17: Y
A18: Expert 03 | B18: SKU-4373 | C18: MOCK-584332 | D18: Pixel 10 | E18: 0 | F18: 1 | G18: 0 | H18: 0 | I18: 0 | J18: 0 | K18: 1 | L18: 0 | M18: Y
A19: Expert 09 | B19: SKU-4730 | C19: MOCK-212367 | D19: 5G Home Internet Gateway | E19: 0 | F19: 0 | G19: 0 | H19: 0 | I19: 1 | J19: 0 | K19: 0 | L19: 0 | M19: Y
A20: Expert 02 | B20: SKU-9666 | C20: MOCK-319010 | D20: Galaxy Z Fold 7 | E20: 1 | F20: 0 | G20: 0 | H20: 0 | I20: 0 | J20: 0 | K20: 1 | L20: 118.57 | M20: Y
A21: Expert 12 | B21: SKU-8256 | C21: MOCK-915792 | D21: Galaxy S26+ | E21: 0 | F21: 0 | G21: 0 | H21: 0 | I21: 0 | J21: 0 | K21: 1 | L21: 0 | M21: Y
A22: Expert 02 | B22: SKU-7809 | C22: MOCK-962315 | D22: SIM Only | E22: 1 | F22: 0 | G22: 0 | H22: 0 | I22: 0 | J22: 15 | K22: 0 | L22: 0 | M22: Y
A23: Expert 08 | B23: SKU-4789 | C23: MOCK-587120 | D23: Apple Watch Ultra 3 | E23: 0 | F23: 0 | G23: 0 | H23: 0 | I23: 0 | J23: 0 | K23: 1 | L23: 13.2 | M23: Y

Sheet 7
A1: Day 7 — Daily Entry
A2: MOCK DATA — generated for portfolio use. No real employees, customers, device identifiers, or store numbers appear in this file.
A3: ME | B3: SKU (mock) | C3: IMEI / SIM (mock) | D3: Device | E3: Acts | F3: Pre | G3: TFB | H3: BTS | I3: Hint | J3: VAF $ | K3: Devices | L3: Acc $ | M3: Complete | P3: Mobile Expert | Q3: Acts | R3: Pre | S3: TFB | T3: BTS | U3: Hint | V3: VAF $ | W3: Devices | X3: Acc $
A4: Expert 02 | B4: SKU-8616 | C4: MOCK-309717 | D4: Accessory Only | E4: 0 | F4: 0 | G4: 0 | H4: 1 | I4: 0 | J4: 0 | K4: 0 | L4: 0 | M4: Y | P4: =Setup!$A$4 -> Expert 01 | Q4: =SUMIF($A$4:$A$43,$P4,E$4:E$43) -> 0 | R4: =SUMIF($A$4:$A$43,$P4,F$4:F$43) -> 0 | S4: =SUMIF($A$4:$A$43,$P4,G$4:G$43) -> 0 | T4: =SUMIF($A$4:$A$43,$P4,H$4:H$43) -> 0 | U4: =SUMIF($A$4:$A$43,$P4,I$4:I$43) -> 0 | V4: =SUMIF($A$4:$A$43,$P4,J$4:J$43) -> 18 | W4: =SUMIF($A$4:$A$43,$P4,K$4:K$43) -> 1 | X4: =SUMIF($A$4:$A$43,$P4,L$4:L$43) -> 162.57
A5: Expert 02 | B5: SKU-5526 | C5: MOCK-138189 | D5: iPhone 17 | E5: 1 | F5: 0 | G5: 0 | H5: 0 | I5: 0 | J5: 24 | K5: 1 | L5: 0 | M5: Y | P5: =Setup!$A$5 -> Expert 02 | Q5: =SUMIF($A$4:$A$43,$P5,E$4:E$43) -> 3 | R5: =SUMIF($A$4:$A$43,$P5,F$4:F$43) -> 0 | S5: =SUMIF($A$4:$A$43,$P5,G$4:G$43) -> 0 | T5: =SUMIF($A$4:$A$43,$P5,H$4:H$43) -> 1 | U5: =SUMIF($A$4:$A$43,$P5,I$4:I$43) -> 0 | V5: =SUMIF($A$4:$A$43,$P5,J$4:J$43) -> 75 | W5: =SUMIF($A$4:$A$43,$P5,K$4:K$43) -> 3 | X5: =SUMIF($A$4:$A$43,$P5,L$4:L$43) -> 117.26
A6: Expert 05 | B6: SKU-2922 | C6: MOCK-678161 | D6: Galaxy Z Fold 7 | E6: 0 | F6: 0 | G6: 0 | H6: 1 | I6: 0 | J6: 0 | K6: 1 | L6: 0 | M6: Y | P6: =Setup!$A$6 -> Expert 03 | Q6: =SUMIF($A$4:$A$43,$P6,E$4:E$43) -> 1 | R6: =SUMIF($A$4:$A$43,$P6,F$4:F$43) -> 0 | S6: =SUMIF($A$4:$A$43,$P6,G$4:G$43) -> 0 | T6: =SUMIF($A$4:$A$43,$P6,H$4:H$43) -> 0 | U6: =SUMIF($A$4:$A$43,$P6,I$4:I$43) -> 0 | V6: =SUMIF($A$4:$A$43,$P6,J$4:J$43) -> 0 | W6: =SUMIF($A$4:$A$43,$P6,K$4:K$43) -> 1 | X6: =SUMIF($A$4:$A$43,$P6,L$4:L$43) -> 35.82
A7: Expert 04 | B7: SKU-3481 | C7: MOCK-890534 | D7: Galaxy Z Fold 7 | E7: 1 | F7: 0 | G7: 1 | H7: 0 | I7: 0 | J7: 0 | K7: 1 | L7: 0 | M7: Y | P7: =Setup!$A$7 -> Expert 04 | Q7: =SUMIF($A$4:$A$43,$P7,E$4:E$43) -> 1 | R7: =SUMIF($A$4:$A$43,$P7,F$4:F$43) -> 0 | S7: =SUMIF($A$4:$A$43,$P7,G$4:G$43) -> 1 | T7: =SUMIF($A$4:$A$43,$P7,H$4:H$43) -> 0 | U7: =SUMIF($A$4:$A$43,$P7,I$4:I$43) -> 0 | V7: =SUMIF($A$4:$A$43,$P7,J$4:J$43) -> 0 | W7: =SUMIF($A$4:$A$43,$P7,K$4:K$43) -> 1 | X7: =SUMIF($A$4:$A$43,$P7,L$4:L$43) -> 0
A8: Expert 05 | B8: SKU-2931 | C8: MOCK-468228 | D8: 5G Hotspot | E8: 0 | F8: 0 | G8: 0 | H8: 0 | I8: 1 | J8: 0 | K8: 0 | L8: 33.13 | M8: Y | P8: =Setup!$A$8 -> Expert 05 | Q8: =SUMIF($A$4:$A$43,$P8,E$4:E$43) -> 0 | R8: =SUMIF($A$4:$A$43,$P8,F$4:F$43) -> 0 | S8: =SUMIF($A$4:$A$43,$P8,G$4:G$43) -> 0 | T8: =SUMIF($A$4:$A$43,$P8,H$4:H$43) -> 1 | U8: =SUMIF($A$4:$A$43,$P8,I$4:I$43) -> 1 | V8: =SUMIF($A$4:$A$43,$P8,J$4:J$43) -> 0 | W8: =SUMIF($A$4:$A$43,$P8,K$4:K$43) -> 1 | X8: =SUMIF($A$4:$A$43,$P8,L$4:L$43) -> 33.13
A9: Expert 02 | B9: SKU-9540 | C9: MOCK-136224 | D9: BYOD | E9: 0 | F9: 0 | G9: 0 | H9: 0 | I9: 0 | J9: 18 | K9: 0 | L9: 0.88 | M9: Y | P9: =Setup!$A$9 -> Expert 06 | Q9: =SUMIF($A$4:$A$43,$P9,E$4:E$43) -> 1 | R9: =SUMIF($A$4:$A$43,$P9,F$4:F$43) -> 1 | S9: =SUMIF($A$4:$A$43,$P9,G$4:G$43) -> 0 | T9: =SUMIF($A$4:$A$43,$P9,H$4:H$43) -> 1 | U9: =SUMIF($A$4:$A$43,$P9,I$4:I$43) -> 1 | V9: =SUMIF($A$4:$A$43,$P9,J$4:J$43) -> 0 | W9: =SUMIF($A$4:$A$43,$P9,K$4:K$43) -> 2 | X9: =SUMIF($A$4:$A$43,$P9,L$4:L$43) -> 46.26
A10: Expert 11 | B10: SKU-9703 | C10: MOCK-778043 | D10: Galaxy S26 Ultra | E10: 0 | F10: 0 | G10: 0 | H10: 0 | I10: 0 | J10: 0 | K10: 1 | L10: 0 | M10: N | P10: =Setup!$A$10 -> Expert 07 | Q10: =SUMIF($A$4:$A$43,$P10,E$4:E$43) -> 0 | R10: =SUMIF($A$4:$A$43,$P10,F$4:F$43) -> 0 | S10: =SUMIF($A$4:$A$43,$P10,G$4:G$43) -> 0 | T10: =SUMIF($A$4:$A$43,$P10,H$4:H$43) -> 1 | U10: =SUMIF($A$4:$A$43,$P10,I$4:I$43) -> 1 | V10: =SUMIF($A$4:$A$43,$P10,J$4:J$43) -> 0 | W10: =SUMIF($A$4:$A$43,$P10,K$4:K$43) -> 0 | X10: =SUMIF($A$4:$A$43,$P10,L$4:L$43) -> 144.3
A11: Expert 06 | B11: SKU-7419 | C11: MOCK-495328 | D11: Galaxy A17 | E11: 1 | F11: 0 | G11: 0 | H11: 0 | I11: 0 | J11: 0 | K11: 1 | L11: 0 | M11: Y | P11: =Setup!$A$11 -> Expert 08 | Q11: =SUMIF($A$4:$A$43,$P11,E$4:E$43) -> 0 | R11: =SUMIF($A$4:$A$43,$P11,F$4:F$43) -> 0 | S11: =SUMIF($A$4:$A$43,$P11,G$4:G$43) -> 0 | T11: =SUMIF($A$4:$A$43,$P11,H$4:H$43) -> 0 | U11: =SUMIF($A$4:$A$43,$P11,I$4:I$43) -> 0 | V11: =SUMIF($A$4:$A$43,$P11,J$4:J$43) -> 0 | W11: =SUMIF($A$4:$A$43,$P11,K$4:K$43) -> 0 | X11: =SUMIF($A$4:$A$43,$P11,L$4:L$43) -> 0
A12: Expert 01 | B12: SKU-8154 | C12: MOCK-294401 | D12: moto g power | E12: 0 | F12: 0 | G12: 0 | H12: 0 | I12: 0 | J12: 0 | K12: 1 | L12: 0 | M12: Y | P12: =Setup!$A$12 -> Expert 09 | Q12: =SUMIF($A$4:$A$43,$P12,E$4:E$43) -> 1 | R12: =SUMIF($A$4:$A$43,$P12,F$4:F$43) -> 0 | S12: =SUMIF($A$4:$A$43,$P12,G$4:G$43) -> 0 | T12: =SUMIF($A$4:$A$43,$P12,H$4:H$43) -> 1 | U12: =SUMIF($A$4:$A$43,$P12,I$4:I$43) -> 0 | V12: =SUMIF($A$4:$A$43,$P12,J$4:J$43) -> 33 | W12: =SUMIF($A$4:$A$43,$P12,K$4:K$43) -> 1 | X12: =SUMIF($A$4:$A$43,$P12,L$4:L$43) -> 112.33
A13: Expert 02 | B13: SKU-3780 | C13: MOCK-519496 | D13: Galaxy S26 Ultra | E13: 1 | F13: 0 | G13: 0 | H13: 0 | I13: 0 | J13: 33 | K13: 1 | L13: 20.01 | M13: Y | P13: =Setup!$A$13 -> Expert 10 | Q13: =SUMIF($A$4:$A$43,$P13,E$4:E$43) -> 0 | R13: =SUMIF($A$4:$A$43,$P13,F$4:F$43) -> 0 | S13: =SUMIF($A$4:$A$43,$P13,G$4:G$43) -> 1 | T13: =SUMIF($A$4:$A$43,$P13,H$4:H$43) -> 1 | U13: =SUMIF($A$4:$A$43,$P13,I$4:I$43) -> 1 | V13: =SUMIF($A$4:$A$43,$P13,J$4:J$43) -> 0 | W13: =SUMIF($A$4:$A$43,$P13,K$4:K$43) -> 0 | X13: =SUMIF($A$4:$A$43,$P13,L$4:L$43) -> 72.57
A14: Expert 03 | B14: SKU-5518 | C14: MOCK-688067 | D14: Galaxy Z Fold 7 | E14: 1 | F14: 0 | G14: 0 | H14: 0 | I14: 0 | J14: 0 | K14: 1 | L14: 35.82 | M14: Y | P14: =Setup!$A$14 -> Expert 11 | Q14: =SUMIF($A$4:$A$43,$P14,E$4:E$43) -> 1 | R14: =SUMIF($A$4:$A$43,$P14,F$4:F$43) -> 0 | S14: =SUMIF($A$4:$A$43,$P14,G$4:G$43) -> 0 | T14: =SUMIF($A$4:$A$43,$P14,H$4:H$43) -> 0 | U14: =SUMIF($A$4:$A$43,$P14,I$4:I$43) -> 0 | V14: =SUMIF($A$4:$A$43,$P14,J$4:J$43) -> 0 | W14: =SUMIF($A$4:$A$43,$P14,K$4:K$43) -> 2 | X14: =SUMIF($A$4:$A$43,$P14,L$4:L$43) -> 0
A15: Expert 06 | B15: SKU-5229 | C15: MOCK-547768 | D15: iPhone 17 Pro | E15: 0 | F15: 0 | G15: 0 | H15: 0 | I15: 0 | J15: 0 | K15: 1 | L15: 46.26 | M15: Y | P15: =Setup!$A$15 -> Expert 12 | Q15: =SUMIF($A$4:$A$43,$P15,E$4:E$43) -> 0 | R15: =SUMIF($A$4:$A$43,$P15,F$4:F$43) -> 0 | S15: =SUMIF($A$4:$A$43,$P15,G$4:G$43) -> 0 | T15: =SUMIF($A$4:$A$43,$P15,H$4:H$43) -> 0 | U15: =SUMIF($A$4:$A$43,$P15,I$4:I$43) -> 1 | V15: =SUMIF($A$4:$A$43,$P15,J$4:J$43) -> 39 | W15: =SUMIF($A$4:$A$43,$P15,K$4:K$43) -> 1 | X15: =SUMIF($A$4:$A$43,$P15,L$4:L$43) -> 60.19
A16: Expert 02 | B16: SKU-4884 | C16: MOCK-416737 | D16: Pixel 10a | E16: 1 | F16: 0 | G16: 0 | H16: 0 | I16: 0 | J16: 0 | K16: 1 | L16: 96.37 | M16: Y | P16: STORE TOTAL | Q16: =SUM(Q4:Q15) -> 8 | R16: =SUM(R4:R15) -> 1 | S16: =SUM(S4:S15) -> 2 | T16: =SUM(T4:T15) -> 6 | U16: =SUM(U4:U15) -> 5 | V16: =SUM(V4:V15) -> 165 | W16: =SUM(W4:W15) -> 13 | X16: =SUM(X4:X15) -> 784.43
A17: Expert 06 | B17: SKU-2254 | C17: MOCK-677531 | D17: 5G Hotspot | E17: 0 | F17: 1 | G17: 0 | H17: 1 | I17: 1 | J17: 0 | K17: 0 | L17: 0 | M17: Y
A18: Expert 12 | B18: SKU-2688 | C18: MOCK-668930 | D18: 5G Hotspot | E18: 0 | F18: 0 | G18: 0 | H18: 0 | I18: 1 | J18: 15 | K18: 0 | L18: 60.19 | M18: Y
A19: Expert 07 | B19: SKU-9527 | C19: MOCK-377565 | D19: 5G Hotspot | E19: 0 | F19: 0 | G19: 0 | H19: 1 | I19: 1 | J19: 0 | K19: 0 | L19: 144.3 | M19: Y
A20: Expert 09 | B20: SKU-7151 | C20: MOCK-997227 | D20: iPhone 17 | E20: 1 | F20: 0 | G20: 0 | H20: 1 | I20: 0 | J20: 33 | K20: 1 | L20: 112.33 | M20: Y
A21: Expert 10 | B21: SKU-7816 | C21: MOCK-112064 | D21: 5G Home Internet Gateway | E21: 0 | F21: 0 | G21: 1 | H21: 1 | I21: 1 | J21: 0 | K21: 0 | L21: 72.57 | M21: Y
A22: Expert 11 | B22: SKU-3189 | C22: MOCK-908598 | D22: moto g power | E22: 1 | F22: 0 | G22: 0 | H22: 0 | I22: 0 | J22: 0 | K22: 1 | L22: 0 | M22: N
A23: Expert 01 | B23: SKU-6444 | C23: MOCK-458826 | D23: Accessory Only | E23: 0 | F23: 0 | G23: 0 | H23: 0 | I23: 0 | J23: 18 | K23: 0 | L23: 162.57 | M23: Y
A24: Expert 12 | B24: SKU-7538 | C24: MOCK-791590 | D24: iPhone 17 Pro | E24: 0 | F24: 0 | G24: 0 | H24: 0 | I24: 0 | J24: 24 | K24: 1 | L24: 0 | M24: Y

Sheet 8
A1: Day 8 — Daily Entry
A2: MOCK DATA — generated for portfolio use. No real employees, customers, device identifiers, or store numbers appear in this file.
A3: ME | B3: SKU (mock) | C3: IMEI / SIM (mock) | D3: Device | E3: Acts | F3: Pre | G3: TFB | H3: BTS | I3: Hint | J3: VAF $ | K3: Devices | L3: Acc $ | M3: Complete | P3: Mobile Expert | Q3: Acts | R3: Pre | S3: TFB | T3: BTS | U3: Hint | V3: VAF $ | W3: Devices | X3: Acc $
A4: Expert 10 | B4: SKU-2593 | C4: MOCK-723160 | D4: Apple Watch SE | E4: 1 | F4: 0 | G4: 0 | H4: 1 | I4: 0 | J4: 0 | K4: 1 | L4: 0 | M4: Y | P4: =Setup!$A$4 -> Expert 01 | Q4: =SUMIF($A$4:$A$43,$P4,E$4:E$43) -> 3 | R4: =SUMIF($A$4:$A$43,$P4,F$4:F$43) -> 1 | S4: =SUMIF($A$4:$A$43,$P4,G$4:G$43) -> 0 | T4: =SUMIF($A$4:$A$43,$P4,H$4:H$43) -> 1 | U4: =SUMIF($A$4:$A$43,$P4,I$4:I$43) -> 0 | V4: =SUMIF($A$4:$A$43,$P4,J$4:J$43) -> 36 | W4: =SUMIF($A$4:$A$43,$P4,K$4:K$43) -> 3 | X4: =SUMIF($A$4:$A$43,$P4,L$4:L$43) -> 317.83
A5: Expert 11 | B5: SKU-9676 | C5: MOCK-408004 | D5: Galaxy Watch 8 | E5: 0 | F5: 0 | G5: 0 | H5: 0 | I5: 0 | J5: 33 | K5: 1 | L5: 170.07 | M5: Y | P5: =Setup!$A$5 -> Expert 02 | Q5: =SUMIF($A$4:$A$43,$P5,E$4:E$43) -> 0 | R5: =SUMIF($A$4:$A$43,$P5,F$4:F$43) -> 0 | S5: =SUMIF($A$4:$A$43,$P5,G$4:G$43) -> 0 | T5: =SUMIF($A$4:$A$43,$P5,H$4:H$43) -> 0 | U5: =SUMIF($A$4:$A$43,$P5,I$4:I$43) -> 0 | V5: =SUMIF($A$4:$A$43,$P5,J$4:J$43) -> 0 | W5: =SUMIF($A$4:$A$43,$P5,K$4:K$43) -> 0 | X5: =SUMIF($A$4:$A$43,$P5,L$4:L$43) -> 0
A6: Expert 03 | B6: SKU-6830 | C6: MOCK-525584 | D6: 5G Home Internet Gateway | E6: 0 | F6: 1 | G6: 0 | H6: 0 | I6: 1 | J6: 0 | K6: 0 | L6: 126.32 | M6: Y | P6: =Setup!$A$6 -> Expert 03 | Q6: =SUMIF($A$4:$A$43,$P6,E$4:E$43) -> 1 | R6: =SUMIF($A$4:$A$43,$P6,F$4:F$43) -> 1 | S6: =SUMIF($A$4:$A$43,$P6,G$4:G$43) -> 0 | T6: =SUMIF($A$4:$A$43,$P6,H$4:H$43) -> 0 | U6: =SUMIF($A$4:$A$43,$P6,I$4:I$43) -> 1 | V6: =SUMIF($A$4:$A$43,$P6,J$4:J$43) -> 24 | W6: =SUMIF($A$4:$A$43,$P6,K$4:K$43) -> 1 | X6: =SUMIF($A$4:$A$43,$P6,L$4:L$43) -> 284.64
A7: Expert 08 | B7: SKU-4111 | C7: MOCK-704058 | D7: Apple Watch Ultra 3 | E7: 1 | F7: 0 | G7: 0 | H7: 0 | I7: 0 | J7: 0 | K7: 1 | L7: 0 | M7: Y | P7: =Setup!$A$7 -> Expert 04 | Q7: =SUMIF($A$4:$A$43,$P7,E$4:E$43) -> 2 | R7: =SUMIF($A$4:$A$43,$P7,F$4:F$43) -> 0 | S7: =SUMIF($A$4:$A$43,$P7,G$4:G$43) -> 0 | T7: =SUMIF($A$4:$A$43,$P7,H$4:H$43) -> 0 | U7: =SUMIF($A$4:$A$43,$P7,I$4:I$43) -> 0 | V7: =SUMIF($A$4:$A$43,$P7,J$4:J$43) -> 0 | W7: =SUMIF($A$4:$A$43,$P7,K$4:K$43) -> 2 | X7: =SUMIF($A$4:$A$43,$P7,L$4:L$43) -> 119.72
A8: Expert 05 | B8: SKU-3797 | C8: MOCK-568385 | D8: Galaxy Z Flip 7 | E8: 1 | F8: 0 | G8: 0 | H8: 0 | I8: 0 | J8: 0 | K8: 1 | L8: 0 | M8: Y | P8: =Setup!$A$8 -> Expert 05 | Q8: =SUMIF($A$4:$A$43,$P8,E$4:E$43) -> 2 | R8: =SUMIF($A$4:$A$43,$P8,F$4:F$43) -> 0 | S8: =SUMIF($A$4:$A$43,$P8,G$4:G$43) -> 0 | T8: =SUMIF($A$4:$A$43,$P8,H$4:H$43) -> 0 | U8: =SUMIF($A$4:$A$43,$P8,I$4:I$43) -> 1 | V8: =SUMIF($A$4:$A$43,$P8,J$4:J$43) -> 15 | W8: =SUMIF($A$4:$A$43,$P8,K$4:K$43) -> 2 | X8: =SUMIF($A$4:$A$43,$P8,L$4:L$43) -> 144.89
A9: Expert 10 | B9: SKU-9726 | C9: MOCK-459563 | D9: BYOD | E9: 0 | F9: 0 | G9: 0 | H9: 0 | I9: 0 | J9: 16 | K9: 0 | L9: 14.23 | M9: Y | P9: =Setup!$A$9 -> Expert 06 | Q9: =SUMIF($A$4:$A$43,$P9,E$4:E$43) -> 3 | R9: =SUMIF($A$4:$A$43,$P9,F$4:F$43) -> 0 | S9: =SUMIF($A$4:$A$43,$P9,G$4:G$43) -> 0 | T9: =SUMIF($A$4:$A$43,$P9,H$4:H$43) -> 0 | U9: =SUMIF($A$4:$A$43,$P9,I$4:I$43) -> 0 | V9: =SUMIF($A$4:$A$43,$P9,J$4:J$43) -> 15 | W9: =SUMIF($A$4:$A$43,$P9,K$4:K$43) -> 2 | X9: =SUMIF($A$4:$A$43,$P9,L$4:L$43) -> 51.61
A10: Expert 04 | B10: SKU-3789 | C10: MOCK-181820 | D10: Apple Watch Ultra 3 | E10: 1 | F10: 0 | G10: 0 | H10: 0 | I10: 0 | J10: 0 | K10: 1 | L10: 107.95 | M10: Y | P10: =Setup!$A$10 -> Expert 07 | Q10: =SUMIF($A$4:$A$43,$P10,E$4:E$43) -> 0 | R10: =SUMIF($A$4:$A$43,$P10,F$4:F$43) -> 0 | S10: =SUMIF($A$4:$A$43,$P10,G$4:G$43) -> 0 | T10: =SUMIF($A$4:$A$43,$P10,H$4:H$43) -> 0 | U10: =SUMIF($A$4:$A$43,$P10,I$4:I$43) -> 1 | V10: =SUMIF($A$4:$A$43,$P10,J$4:J$43) -> 0 | W10: =SUMIF($A$4:$A$43,$P10,K$4:K$43) -> 0 | X10: =SUMIF($A$4:$A$43,$P10,L$4:L$43) -> 0
A11: Expert 09 | B11: SKU-9344 | C11: MOCK-213570 | D11: Galaxy Z Flip 7 | E11: 0 | F11: 0 | G11: 0 | H11: 0 | I11: 0 | J11: 0 | K11: 1 | L11: 0 | M11: Y | P11: =Setup!$A$11 -> Expert 08 | Q11: =SUMIF($A$4:$A$43,$P11,E$4:E$43) -> 2 | R11: =SUMIF($A$4:$A$43,$P11,F$4:F$43) -> 2 | S11: =SUMIF($A$4:$A$43,$P11,G$4:G$43) -> 1 | T11: =SUMIF($A$4:$A$43,$P11,H$4:H$43) -> 0 | U11: =SUMIF($A$4:$A$43,$P11,I$4:I$43) -> 0 | V11: =SUMIF($A$4:$A$43,$P11,J$4:J$43) -> 18 | W11: =SUMIF($A$4:$A$43,$P11,K$4:K$43) -> 5 | X11: =SUMIF($A$4:$A$43,$P11,L$4:L$43) -> 67.69
A12: Expert 03 | B12: SKU-4899 | C12: MOCK-488877 | D12: Galaxy Tab A11 | E12: 1 | F12: 0 | G12: 0 | H12: 0 | I12: 0 | J12: 24 | K12: 1 | L12: 158.32 | M12: Y | P12: =Setup!$A$12 -> Expert 09 | Q12: =SUMIF($A$4:$A$43,$P12,E$4:E$43) -> 1 | R12: =SUMIF($A$4:$A$43,$P12,F$4:F$43) -> 0 | S12: =SUMIF($A$4:$A$43,$P12,G$4:G$43) -> 0 | T12: =SUMIF($A$4:$A$43,$P12,H$4:H$43) -> 0 | U12: =SUMIF($A$4:$A$43,$P12,I$4:I$43) -> 0 | V12: =SUMIF($A$4:$A$43,$P12,J$4:J$43) -> 0 | W12: =SUMIF($A$4:$A$43,$P12,K$4:K$43) -> 2 | X12: =SUMIF($A$4:$A$43,$P12,L$4:L$43) -> 76.5
A13: Expert 08 | B13: SKU-5075 | C13: MOCK-924019 | D13: Galaxy S26 | E13: 1 | F13: 0 | G13: 0 | H13: 0 | I13: 0 | J13: 0 | K13: 1 | L13: 0 | M13: Y | P13: =Setup!$A$13 -> Expert 10 | Q13: =SUMIF($A$4:$A$43,$P13,E$4:E$43) -> 1 | R13: =SUMIF($A$4:$A$43,$P13,F$4:F$43) -> 1 | S13: =SUMIF($A$4:$A$43,$P13,G$4:G$43) -> 0 | T13: =SUMIF($A$4:$A$43,$P13,H$4:H$43) -> 1 | U13: =SUMIF($A$4:$A$43,$P13,I$4:I$43) -> 0 | V13: =SUMIF($A$4:$A$43,$P13,J$4:J$43) -> 16 | W13: =SUMIF($A$4:$A$43,$P13,K$4:K$43) -> 2 | X13: =SUMIF($A$4:$A$43,$P13,L$4:L$43) -> 14.23
A14: Expert 10 | B14: SKU-5714 | C14: MOCK-405788 | D14: Galaxy Z Flip 7 | E14: 0 | F14: 1 | G14: 0 | H14: 0 | I14: 0 | J14: 0 | K14: 1 | L14: 0 | M14: Y | P14: =Setup!$A$14 -> Expert 11 | Q14: =SUMIF($A$4:$A$43,$P14,E$4:E$43) -> 1 | R14: =SUMIF($A$4:$A$43,$P14,F$4:F$43) -> 0 | S14: =SUMIF($A$4:$A$43,$P14,G$4:G$43) -> 0 | T14: =SUMIF($A$4:$A$43,$P14,H$4:H$43) -> 0 | U14: =SUMIF($A$4:$A$43,$P14,I$4:I$43) -> 0 | V14: =SUMIF($A$4:$A$43,$P14,J$4:J$43) -> 33 | W14: =SUMIF($A$4:$A$43,$P14,K$4:K$43) -> 2 | X14: =SUMIF($A$4:$A$43,$P14,L$4:L$43) -> 284.38
A15: Expert 12 | B15: SKU-3914 | C15: MOCK-319660 | D15: iPhone 17 Air | E15: 0 | F15: 0 | G15: 0 | H15: 0 | I15: 0 | J15: 24 | K15: 1 | L15: 122.51 | M15: Y | P15: =Setup!$A$15 -> Expert 12 | Q15: =SUMIF($A$4:$A$43,$P15,E$4:E$43) -> 0 | R15: =SUMIF($A$4:$A$43,$P15,F$4:F$43) -> 0 | S15: =SUMIF($A$4:$A$43,$P15,G$4:G$43) -> 0 | T15: =SUMIF($A$4:$A$43,$P15,H$4:H$43) -> 0 | U15: =SUMIF($A$4:$A$43,$P15,I$4:I$43) -> 2 | V15: =SUMIF($A$4:$A$43,$P15,J$4:J$43) -> 64 | W15: =SUMIF($A$4:$A$43,$P15,K$4:K$43) -> 1 | X15: =SUMIF($A$4:$A$43,$P15,L$4:L$43) -> 298.84
A16: Expert 01 | B16: SKU-4561 | C16: MOCK-541793 | D16: SIM Only | E16: 1 | F16: 0 | G16: 0 | H16: 0 | I16: 0 | J16: 0 | K16: 0 | L16: 0 | M16: Y | P16: STORE TOTAL | Q16: =SUM(Q4:Q15) -> 16 | R16: =SUM(R4:R15) -> 5 | S16: =SUM(S4:S15) -> 1 | T16: =SUM(T4:T15) -> 2 | U16: =SUM(U4:U15) -> 5 | V16: =SUM(V4:V15) -> 221 | W16: =SUM(W4:W15) -> 22 | X16: =SUM(X4:X15) -> 1660.33
A17: Expert 08 | B17: SKU-9881 | C17: MOCK-655517 | D17: Galaxy A17 | E17: 0 | F17: 1 | G17: 1 | H17: 0 | I17: 0 | J17: 0 | K17: 1 | L17: 0 | M17: Y
A18: Expert 12 | B18: SKU-8385 | C18: MOCK-495753 | D18: 5G Home Internet Gateway | E18: 0 | F18: 0 | G18: 0 | H18: 0 | I18: 1 | J18: 24 | K18: 0 | L18: 176.33 | M18: Y
A19: Expert 01 | B19: SKU-5286 | C19: MOCK-615190 | D19: Pixel 10 | E19: 1 | F19: 0 | G19: 0 | H19: 1 | I19: 0 | J19: 0 | K19: 1 | L19: 73.55 | M19: Y
A20: Expert 09 | B20: SKU-4421 | C20: MOCK-658156 | D20: Pixel 10 | E20: 1 | F20: 0 | G20: 0 | H20: 0 | I20: 0 | J20: 0 | K20: 1 | L20: 76.5 | M20: Y
A21: Expert 05 | B21: SKU-5425 | C21: MOCK-329934 | D21: Galaxy A37 | E21: 1 | F21: 0 | G21: 0 | H21: 0 | I21: 0 | J21: 15 | K21: 1 | L21: 144.89 | M21: Y
A22: Expert 08 | B22: SKU-8811 | C22: MOCK-952435 | D22: iPhone 17 Air | E22: 0 | F22: 0 | G22: 0 | H22: 0 | I22: 0 | J22: 0 | K22: 1 | L22: 1.38 | M22: Y
A23: Expert 06 | B23: SKU-3213 | C23: MOCK-804224 | D23: SIM Only | E23: 1 | F23: 0 | G23: 0 | H23: 0 | I23: 0 | J23: 0 | K23: 0 | L23: 0 | M23: Y
A24: Expert 07 | B24: SKU-3438 | C24: MOCK-645391 | D24: 5G Home Internet Gateway | E24: 0 | F24: 0 | G24: 0 | H24: 0 | I24: 1 | J24: 0 | K24: 0 | L24: 0 | M24: Y
A25: Expert 05 | B25: SKU-1436 | C25: MOCK-181905 | D25: 5G Hotspot | E25: 0 | F25: 0 | G25: 0 | H25: 0 | I25: 1 | J25: 0 | K25: 0 | L25: 0 | M25: Y
A26: Expert 06 | B26: SKU-5770 | C26: MOCK-668216 | D26: Galaxy S26 | E26: 1 | F26: 0 | G26: 0 | H26: 0 | I26: 0 | J26: 0 | K26: 1 | L26: 0 | M26: Y
A27: Expert 01 | B27: SKU-5841 | C27: MOCK-972453 | D27: Galaxy Tab A11 | E27: 0 | F27: 1 | G27: 0 | H27: 0 | I27: 0 | J27: 18 | K27: 1 | L27: 146.52 | M27: N
A28: Expert 04 | B28: SKU-3234 | C28: MOCK-242290 | D28: BYOD | E28: 0 | F28: 0 | G28: 0 | H28: 0 | I28: 0 | J28: 0 | K28: 0 | L28: 11.77 | M28: Y
... A34: Expert 11 | B34: SKU-1262 | C34: MOCK-260182 | D34: Pixel 10 Pro | E34: 1 | F34: 0 | G34: 0 | H34: 0 | I34: 0 | J34: 0 | K34: 1 | L34: 114.31 | M34: Y

Sheet 9
A1: Day 9 — Daily Entry
A2: MOCK DATA — generated for portfolio use. No real employees, customers, device identifiers, or store numbers appear in this file.
A3: ME | B3: SKU (mock) | C3: IMEI / SIM (mock) | D3: Device | E3: Acts | F3: Pre | G3: TFB | H3: BTS | I3: Hint | J3: VAF $ | K3: Devices | L3: Acc $ | M3: Complete | P3: Mobile Expert | Q3: Acts | R3: Pre | S3: TFB | T3: BTS | U3: Hint | V3: VAF $ | W3: Devices | X3: Acc $
A4: Expert 01 | B4: SKU-5242 | C4: MOCK-216911 | D4: iPhone 17 Pro | E4: 1 | F4: 0 | G4: 0 | H4: 0 | I4: 0 | J4: 33 | K4: 1 | L4: 119.89 | M4: N | P4: =Setup!$A$4 -> Expert 01 | Q4: =SUMIF($A$4:$A$43,$P4,E$4:E$43) -> 2 | R4: =SUMIF($A$4:$A$43,$P4,F$4:F$43) -> 0 | S4: =SUMIF($A$4:$A$43,$P4,G$4:G$43) -> 0 | T4: =SUMIF($A$4:$A$43,$P4,H$4:H$43) -> 0 | U4: =SUMIF($A$4:$A$43,$P4,I$4:I$43) -> 0 | V4: =SUMIF($A$4:$A$43,$P4,J$4:J$43) -> 66 | W4: =SUMIF($A$4:$A$43,$P4,K$4:K$43) -> 3 | X4: =SUMIF($A$4:$A$43,$P4,L$4:L$43) -> 133.5
A5: Expert 01 | B5: SKU-8197 | C5: MOCK-579849 | D5: Galaxy Tab A11 | E5: 0 | F5: 0 | G5: 0 | H5: 0 | I5: 0 | J5: 33 | K5: 1 | L5: 13.61 | M5: Y | P5: =Setup!$A$5 -> Expert 02 | Q5: =SUMIF($A$4:$A$43,$P5,E$4:E$43) -> 1 | R5: =SUMIF($A$4:$A$43,$P5,F$4:F$43) -> 1 | S5: =SUMIF($A$4:$A$43,$P5,G$4:G$43) -> 0 | T5: =SUMIF($A$4:$A$43,$P5,H$4:H$43) -> 0 | U5: =SUMIF($A$4:$A$43,$P5,I$4:I$43) -> 0 | V5: =SUMIF($A$4:$A$43,$P5,J$4:J$43) -> 15 | W5: =SUMIF($A$4:$A$43,$P5,K$4:K$43) -> 2 | X5: =SUMIF($A$4:$A$43,$P5,L$4:L$43) -> 197.6
A6: Expert 02 | B6: SKU-9618 | C6: MOCK-594489 | D6: SIM Only | E6: 1 | F6: 0 | G6: 0 | H6: 0 | I6: 0 | J6: 0 | K6: 0 | L6: 172.49 | M6: Y | P6: =Setup!$A$6 -> Expert 03 | Q6: =SUMIF($A$4:$A$43,$P6,E$4:E$43) -> 2 | R6: =SUMIF($A$4:$A$43,$P6,F$4:F$43) -> 0 | S6: =SUMIF($A$4:$A$43,$P6,G$4:G$43) -> 0 | T6: =SUMIF($A$4:$A$43,$P6,H$4:H$43) -> 0 | U6: =SUMIF($A$4:$A$43,$P6,I$4:I$43) -> 0 | V6: =SUMIF($A$4:$A$43,$P6,J$4:J$43) -> 15 | W6: =SUMIF($A$4:$A$43,$P6,K$4:K$43) -> 2 | X6: =SUMIF($A$4:$A$43,$P6,L$4:L$43) -> 153.06
A7: Expert 07 | B7: SKU-4188 | C7: MOCK-697372 | D7: Galaxy Z Flip 7 | E7: 0 | F7: 0 | G7: 0 | H7: 0 | I7: 0 | J7: 0 | K7: 1 | L7: 0 | M7: Y | P7: =Setup!$A$7 -> Expert 04 | Q7: =SUMIF($A$4:$A$43,$P7,E$4:E$43) -> 2 | R7: =SUMIF($A$4:$A$43,$P7,F$4:F$43) -> 0 | S7: =SUMIF($A$4:$A$43,$P7,G$4:G$43) -> 0 | T7: =SUMIF($A$4:$A$43,$P7,H$4:H$43) -> 0 | U7: =SUMIF($A$4:$A$43,$P7,I$4:I$43) -> 0 | V7: =SUMIF($A$4:$A$43,$P7,J$4:J$43) -> 36 | W7: =SUMIF($A$4:$A$43,$P7,K$4:K$43) -> 3 | X7: =SUMIF($A$4:$A$43,$P7,L$4:L$43) -> 232.87
A8: Expert 02 | B8: SKU-3063 | C8: MOCK-156888 | D8: iPhone 17 | E8: 0 | F8: 1 | G8: 0 | H8: 0 | I8: 0 | J8: 0 | K8: 1 | L8: 24.89 | M8: Y | P8: =Setup!$A$8 -> Expert 05 | Q8: =SUMIF($A$4:$A$43,$P8,E$4:E$43) -> 0 | R8: =SUMIF($A$4:$A$43,$P8,F$4:F$43) -> 0 | S8: =SUMIF($A$4:$A$43,$P8,G$4:G$43) -> 0 | T8: =SUMIF($A$4:$A$43,$P8,H$4:H$43) -> 0 | U8: =SUMIF($A$4:$A$43,$P8,I$4:I$43) -> 0 | V8: =SUMIF($A$4:$A$43,$P8,J$4:J$43) -> 0 | W8: =SUMIF($A$4:$A$43,$P8,K$4:K$43) -> 0 | X8: =SUMIF($A$4:$A$43,$P8,L$4:L$43) -> 0
A9: Expert 03 | B9: SKU-9829 | C9: MOCK-711920 | D9: Apple Watch SE | E9: 1 | F9: 0 | G9: 0 | H9: 0 | I9: 0 | J9: 0 | K9: 1 | L9: 41.85 | M9: Y | P9: =Setup!$A$9 -> Expert 06 | Q9: =SUMIF($A$4:$A$43,$P9,E$4:E$43) -> 3 | R9: =SUMIF($A$4:$A$43,$P9,F$4:F$43) -> 2 | S9: =SUMIF($A$4:$A$43,$P9,G$4:G$43) -> 1 | T9: =SUMIF($A$4:$A$43,$P9,H$4:H$43) -> 0 | U9: =SUMIF($A$4:$A$43,$P9,I$4:I$43) -> 2 | V9: =SUMIF($A$4:$A$43,$P9,J$4:J$43) -> 36 | W9: =SUMIF($A$4:$A$43,$P9,K$4:K$43) -> 4 | X9: =SUMIF($A$4:$A$43,$P9,L$4:L$43) -> 249.06
A10: Expert 04 | B10: SKU-7941 | C10: MOCK-592235 | D10: Apple Watch Series 11 | E10: 1 | F10: 0 | G10: 0 | H10: 0 | I10: 0 | J10: 0 | K10: 1 | L10: 0 | M10: Y | P10: =Setup!$A$10 -> Expert 07 | Q10: =SUMIF($A$4:$A$43,$P10,E$4:E$43) -> 1 | R10: =SUMIF($A$4:$A$43,$P10,F$4:F$43) -> 0 | S10: =SUMIF($A$4:$A$43,$P10,G$4:G$43) -> 0 | T10: =SUMIF($A$4:$A$43,$P10,H$4:H$43) -> 0 | U10: =SUMIF($A$4:$A$43,$P10,I$4:I$43) -> 0 | V10: =SUMIF($A$4:$A$43,$P10,J$4:J$43) -> 0 | W10: =SUMIF($A$4:$A$43,$P10,K$4:K$43) -> 2 | X10: =SUMIF($A$4:$A$43,$P10,L$4:L$43) -> 0
A11: Expert 06 | B11: SKU-3184 | C11: MOCK-507334 | D11: Galaxy Tab A11 | E11: 1 | F11: 0 | G11: 0 | H11: 0 | I11: 0 | J11: 0 | K11: 1 | L11: 70.79 | M11: Y | P11: =Setup!$A$11 -> Expert 08 | Q11: =SUMIF($A$4:$A$43,$P11,E$4:E$43) -> 0 | R11: =SUMIF($A$4:$A$43,$P11,F$4:F$43) -> 0 | S11: =SUMIF($A$4:$A$43,$P11,G$4:G$43) -> 0 | T11: =SUMIF($A$4:$A$43,$P11,H$4:H$43) -> 0 | U11: =SUMIF($A$4:$A$43,$P11,I$4:I$43) -> 0 | V11: =SUMIF($A$4:$A$43,$P11,J$4:J$43) -> 0 | W11: =SUMIF($A$4:$A$43,$P11,K$4:K$43) -> 0 | X11: =SUMIF($A$4:$A$43,$P11,L$4:L$43) -> 0
A12: Expert 06 | B12: SKU-5346 | C12: MOCK-474395 | D12: 5G Hotspot | E12: 0 | F12: 1 | G12: 0 | H12: 0 | I12: 1 | J12: 0 | K12: 0 | L12: 0 | M12: Y | P12: =Setup!$A$12 -> Expert 09 | Q12: =SUMIF($A$4:$A$43,$P12,E$4:E$43) -> 0 | R12: =SUMIF($A$4:$A$43,$P12,F$4:F$43) -> 0 | S12: =SUMIF($A$4:$A$43,$P12,G$4:G$43) -> 0 | T12: =SUMIF($A$4:$A$43,$P12,H$4:H$43) -> 0 | U12: =SUMIF($A$4:$A$43,$P12,I$4:I$43) -> 0 | V12: =SUMIF($A$4:$A$43,$P12,J$4:J$43) -> 0 | W12: =SUMIF($A$4:$A$43,$P12,K$4:K$43) -> 0 | X12: =SUMIF($A$4:$A$43,$P12,L$4:L$43) -> 0
A13: Expert 03 | B13: SKU-7146 | C13: MOCK-353711 | D13: Galaxy A17 | E13: 1 | F13: 0 | G13: 0 | H13: 0 | I13: 0 | J13: 15 | K13: 1 | L13: 111.21 | M13: Y | P13: =Setup!$A$13 -> Expert 10 | Q13: =SUMIF($A$4:$A$43,$P13,E$4:E$43) -> 0 | R13: =SUMIF($A$4:$A$43,$P13,F$4:F$43) -> 0 | S13: =SUMIF($A$4:$A$43,$P13,G$4:G$43) -> 0 | T13: =SUMIF($A$4:$A$43,$P13,H$4:H$43) -> 0 | U13: =SUMIF($A$4:$A$43,$P13,I$4:I$43) -> 0 | V13: =SUMIF($A$4:$A$43,$P13,J$4:J$43) -> 0 | W13: =SUMIF($A$4:$A$43,$P13,K$4:K$43) -> 0 | X13: =SUMIF($A$4:$A$43,$P13,L$4:L$43) -> 0
A14: Expert 07 | B14: SKU-6019 | C14: MOCK-868650 | D14: Galaxy Tab A11 | E14: 1 | F14: 0 | G14: 0 | H14: 0 | I14: 0 | J14: 0 | K14: 1 | L14: 0 | M14: Y | P14: =Setup!$A$14 -> Expert 11 | Q14: =SUMIF($A$4:$A$43,$P14,E$4:E$43) -> 0 | R14: =SUMIF($A$4:$A$43,$P14,F$4:F$43) -> 1 | S14: =SUMIF($A$4:$A$43,$P14,G$4:G$43) -> 0 | T14: =SUMIF($A$4:$A$43,$P14,H$4:H$43) -> 1 | U14: =SUMIF($A$4:$A$43,$P14,I$4:I$43) -> 0 | V14: =SUMIF($A$4:$A$43,$P14,J$4:J$43) -> 24 | W14: =SUMIF($A$4:$A$43,$P14,K$4:K$43) -> 2 | X14: =SUMIF($A$4:$A$43,$P14,L$4:L$43) -> 239.75
A15: Expert 11 | B15: SKU-7807 | C15: MOCK-151977 | D15: Galaxy S26 Ultra | E15: 0 | F15: 0 | G15: 0 | H15: 1 | I15: 0 | J15: 0 | K15: 1 | L15: 106.33 | M15: Y | P15: =Setup!$A$15 -> Expert 12 | Q15: =SUMIF($A$4:$A$43,$P15,E$4:E$43) -> 2 | R15: =SUMIF($A$4:$A$43,$P15,F$4:F$43) -> 0 | S15: =SUMIF($A$4:$A$43,$P15,G$4:G$43) -> 1 | T15: =SUMIF($A$4:$A$43,$P15,H$4:H$43) -> 0 | U15: =SUMIF($A$4:$A$43,$P15,I$4:I$43) -> 0 | V15: =SUMIF($A$4:$A$43,$P15,J$4:J$43) -> 39 | W15: =SUMIF($A$4:$A$43,$P15,K$4:K$43) -> 2 | X15: =SUMIF($A$4:$A$43,$P15,L$4:L$43) -> 44.29
A16: Expert 01 | B16: SKU-4626 | C16: MOCK-824613 | D16: moto g power | E16: 1 | F16: 0 | G16: 0 | H16: 0 | I16: 0 | J16: 0 | K16: 1 | L16: 0 | M16: Y | P16: STORE TOTAL | Q16: =SUM(Q4:Q15) -> 13 | R16: =SUM(R4:R15) -> 4 | S16: =SUM(S4:S15) -> 2 | T16: =SUM(T4:T15) -> 1 | U16: =SUM(U4:U15) -> 2 | V16: =SUM(V4:V15) -> 231 | W16: =SUM(W4:W15) -> 20 | X16: =SUM(X4:X15) -> 1250.13
A17: Expert 12 | B17: SKU-1798 | C17: MOCK-516741 | D17: Galaxy S26+ | E17: 1 | F17: 0 | G17: 0 | H17: 0 | I17: 0 | J17: 15 | K17: 1 | L17: 44.29 | M17: Y
A18: Expert 12 | B18: SKU-1421 | C18: MOCK-682386 | D18: Apple Watch Series 11 | E18: 1 | F18: 0 | G18: 1 | H18: 0 | I18: 0 | J18: 24 | K18: 1 | L18: 0 | M18: Y
A19: Expert 06 | B19: SKU-4344 | C19: MOCK-910795 | D19: 5G Hotspot | E19: 0 | F19: 0 | G19: 1 | H19: 0 | I19: 1 | J19: 18 | K19: 0 | L19: 0 | M19: Y
A20: Expert 06 | B20: SKU-1624 | C20: MOCK-459022 | D20: Pixel 10 Pro | E20: 0 | F20: 1 | G20: 0 | H20: 0 | I20: 0 | J20: 0 | K20: 1 | L20: 22.65 | M20: N
A21: Expert 06 | B21: SKU-8481 | C21: MOCK-995537 | D21: Galaxy Tab A11 | E21: 1 | F21: 0 | G21: 0 | H21: 0 | I21: 0 | J21: 0 | K21: 1 | L21: 155.62 | M21: Y
A22: Expert 02 | B22: SKU-5711 | C22: MOCK-306995 | D22: Galaxy S26 | E22: 0 | F22: 0 | G22: 0 | H22: 0 | I22: 0 | J22: 15 | K22: 1 | L22: 0.22 | M22: N
A23: Expert 04 | B23: SKU-7504 | C23: MOCK-812302 | D23: Galaxy Z Flip 7 | E23: 0 | F23: 0 | G23: 0 | H23: 0 | I23: 0 | J23: 18 | K23: 1 | L23: 95.6 | M23: Y
A24: Expert 06 | B24: SKU-8034 | C24: MOCK-829642 | D24: Galaxy S26 Ultra | E24: 1 | F24: 0 | G24: 0 | H24: 0 | I24: 0 | J24: 18 | K24: 1 | L24: 0 | M24: Y
A25: Expert 11 | B25: SKU-7113 | C25: MOCK-937731 | D25: Pixel 10 | E25: 0 | F25: 1 | G25: 0 | H25: 0 | I25: 0 | J25: 24 | K25: 1 | L25: 133.42 | M25: Y
A26: Expert 04 | B26: SKU-4515 | C26: MOCK-134227 | D26: Apple Watch Series 11 | E26: 1 | F26: 0 | G26: 0 | H26: 0 | I26: 0 | J26: 18 | K26: 1 | L26: 137.27 | M26: Y

Sheet 10
A1: Day 10 — Daily Entry
A2: MOCK DATA — generated for portfolio use. No real employees, customers, device identifiers, or store numbers appear in this file.
A3: ME | B3: SKU (mock) | C3: IMEI / SIM (mock) | D3: Device | E3: Acts | F3: Pre | G3: TFB | H3: BTS | I3: Hint | J3: VAF $ | K3: Devices | L3: Acc $ | M3: Complete | P3: Mobile Expert | Q3: Acts | R3: Pre | S3: TFB | T3: BTS | U3: Hint | V3: VAF $ | W3: Devices | X3: Acc $
A4: Expert 11 | B4: SKU-4122 | C4: MOCK-411807 | D4: BYOD | E4: 0 | F4: 0 | G4: 0 | H4: 0 | I4: 0 | J4: 0 | K4: 0 | L4: 59.04 | M4: Y | P4: =Setup!$A$4 -> Expert 01 | Q4: =SUMIF($A$4:$A$43,$P4,E$4:E$43) -> 2 | R4: =SUMIF($A$4:$A$43,$P4,F$4:F$43) -> 1 | S4: =SUMIF($A$4:$A$43,$P4,G$4:G$43) -> 0 | T4: =SUMIF($A$4:$A$43,$P4,H$4:H$43) -> 0 | U4: =SUMIF($A$4:$A$43,$P4,I$4:I$43) -> 0 | V4: =SUMIF($A$4:$A$43,$P4,J$4:J$43) -> 24 | W4: =SUMIF($A$4:$A$43,$P4,K$4:K$43) -> 4 | X4: =SUMIF($A$4:$A$43,$P4,L$4:L$43) -> 276.94
A5: Expert 08 | B5: SKU-4891 | C5: MOCK-362754 | D5: Galaxy Z Flip 7 | E5: 1 | F5: 0 | G5: 0 | H5: 0 | I5: 0 | J5: 24 | K5: 1 | L5: 174.45 | M5: Y | P5: =Setup!$A$5 -> Expert 02 | Q5: =SUMIF($A$4:$A$43,$P5,E$4:E$43) -> 1 | R5: =SUMIF($A$4:$A$43,$P5,F$4:F$43) -> 1 | S5: =SUMIF($A$4:$A$43,$P5,G$4:G$43) -> 0 | T5: =SUMIF($A$4:$A$43,$P5,H$4:H$43) -> 0 | U5: =SUMIF($A$4:$A$43,$P5,I$4:I$43) -> 0 | V5: =SUMIF($A$4:$A$43,$P5,J$4:J$43) -> 0 | W5: =SUMIF($A$4:$A$43,$P5,K$4:K$43) -> 2 | X5: =SUMIF($A$4:$A$43,$P5,L$4:L$43) -> 264.33
A6: Expert 01 | B6: SKU-5913 | C6: MOCK-787703 | D6: iPhone 17 Air | E6: 1 | F6: 0 | G6: 0 | H6: 0 | I6: 0 | J6: 0 | K6: 1 | L6: 73.69 | M6: Y | P6: =Setup!$A$6 -> Expert 03 | Q6: =SUMIF($A$4:$A$43,$P6,E$4:E$43) -> 1 | R6: =SUMIF($A$4:$A$43,$P6,F$4:F$43) -> 1 | S6: =SUMIF($A$4:$A$43,$P6,G$4:G$43) -> 0 | T6: =SUMIF($A$4:$A$43,$P6,H$4:H$43) -> 0 | U6: =SUMIF($A$4:$A$43,$P6,I$4:I$43) -> 0 | V6: =SUMIF($A$4:$A$43,$P6,J$4:J$43) -> 0 | W6: =SUMIF($A$4:$A$43,$P6,K$4:K$43) -> 2 | X6: =SUMIF($A$4:$A$43,$P6,L$4:L$43) -> 157.58
A7: Expert 07 | B7: SKU-9068 | C7: MOCK-797678 | D7: iPad (11th Gen) | E7: 1 | F7: 0 | G7: 0 | H7: 1 | I7: 0 | J7: 0 | K7: 1 | L7: 0 | M7: Y | P7: =Setup!$A$7 -> Expert 04 | Q7: =SUMIF($A$4:$A$43,$P7,E$4:E$43) -> 1 | R7: =SUMIF($A$4:$A$43,$P7,F$4:F$43) -> 0 | S7: =SUMIF($A$4:$A$43,$P7,G$4:G$43) -> 0 | T7: =SUMIF($A$4:$A$43,$P7,H$4:H$43) -> 0 | U7: =SUMIF($A$4:$A$43,$P7,I$4:I$43) -> 0 | V7: =SUMIF($A$4:$A$43,$P7,J$4:J$43) -> 0 | W7: =SUMIF($A$4:$A$43,$P7,K$4:K$43) -> 1 | X7: =SUMIF($A$4:$A$43,$P7,L$4:L$43) -> 52.47
A8: Expert 03 | B8: SKU-8115 | C8: MOCK-878087 | D8: Pixel 10 Pro | E8: 1 | F8: 0 | G8: 0 | H8: 0 | I8: 0 | J8: 0 | K8: 1 | L8: 60.16 | M8: Y | P8: =Setup!$A$8 -> Expert 05 | Q8: =SUMIF($A$4:$A$43,$P8,E$4:E$43) -> 1 | R8: =SUMIF($A$4:$A$43,$P8,F$4:F$43) -> 0 | S8: =SUMIF($A$4:$A$43,$P8,G$4:G$43) -> 0 | T8: =SUMIF($A$4:$A$43,$P8,H$4:H$43) -> 0 | U8: =SUMIF($A$4:$A$43,$P8,I$4:I$43) -> 0 | V8: =SUMIF($A$4:$A$43,$P8,J$4:J$43) -> 15 | W8: =SUMIF($A$4:$A$43,$P8,K$4:K$43) -> 1 | X8: =SUMIF($A$4:$A$43,$P8,L$4:L$43) -> 308.8
A9: Expert 09 | B9: SKU-1753 | C9: MOCK-791692 | D9: BYOD | E9: 0 | F9: 1 | G9: 0 | H9: 0 | I9: 0 | J9: 0 | K9: 0 | L9: 0 | M9: Y | P9: =Setup!$A$9 -> Expert 06 | Q9: =SUMIF($A$4:$A$43,$P9,E$4:E$43) -> 2 | R9: =SUMIF($A$4:$A$43,$P9,F$4:F$43) -> 0 | S9: =SUMIF($A$4:$A$43,$P9,G$4:G$43) -> 0 | T9: =SUMIF($A$4:$A$43,$P9,H$4:H$43) -> 0 | U9: =SUMIF($A$4:$A$43,$P9,I$4:I$43) -> 0 | V9: =SUMIF($A$4:$A$43,$P9,J$4:J$43) -> 66 | W9: =SUMIF($A$4:$A$43,$P9,K$4:K$43) -> 3 | X9: =SUMIF($A$4:$A$43,$P9,L$4:L$43) -> 2.37
A10: Expert 01 | B10: SKU-1194 | C10: MOCK-599482 | D10: Galaxy Watch 8 | E10: 1 | F10: 0 | G10: 0 | H10: 0 | I10: 0 | J10: 24 | K10: 1 | L10: 103.4 | M10: Y | P10: =Setup!$A$10 -> Expert 07 | Q10: =SUMIF($A$4:$A$43,$P10,E$4:E$43) -> 1 | R10: =SUMIF($A$4:$A$43,$P10,F$4:F$43) -> 1 | S10: =SUMIF($A$4:$A$43,$P10,G$4:G$43) -> 0 | T10: =SUMIF($A$4:$A$43,$P10,H$4:H$43) -> 1 | U10: =SUMIF($A$4:$A$43,$P10,I$4:I$43) -> 0 | V10: =SUMIF($A$4:$A$43,$P10,J$4:J$43) -> 33 | W10: =SUMIF($A$4:$A$43,$P10,K$4:K$43) -> 2 | X10: =SUMIF($A$4:$A$43,$P10,L$4:L$43) -> 95.38
A11: Expert 03 | B11: SKU-4137 | C11: MOCK-396007 | D11: Galaxy Watch 8 | E11: 0 | F11: 1 | G11: 0 | H11: 0 | I11: 0 | J11: 0 | K11: 1 | L11: 97.42 | M11: N | P11: =Setup!$A$11 -> Expert 08 | Q11: =SUMIF($A$4:$A$43,$P11,E$4:E$43) -> 2 | R11: =SUMIF($A$4:$A$43,$P11,F$4:F$43) -> 0 | S11: =SUMIF($A$4:$A$43,$P11,G$4:G$43) -> 0 | T11: =SUMIF($A$4:$A$43,$P11,H$4:H$43) -> 0 | U11: =SUMIF($A$4:$A$43,$P11,I$4:I$43) -> 1 | V11: =SUMIF($A$4:$A$43,$P11,J$4:J$43) -> 24 | W11: =SUMIF($A$4:$A$43,$P11,K$4:K$43) -> 2 | X11: =SUMIF($A$4:$A$43,$P11,L$4:L$43) -> 174.45
A12: Expert 01 | B12: SKU-7981 | C12: MOCK-377898 | D12: iPhone 17 Pro Max | E12: 0 | F12: 1 | G12: 0 | H12: 0 | I12: 0 | J12: 0 | K12: 1 | L12: 99.85 | M12: Y | P12: =Setup!$A$12 -> Expert 09 | Q12: =SUMIF($A$4:$A$43,$P12,E$4:E$43) -> 1 | R12: =SUMIF($A$4:$A$43,$P12,F$4:F$43) -> 1 | S12: =SUMIF($A$4:$A$43,$P12,G$4:G$43) -> 0 | T12: =SUMIF($A$4:$A$43,$P12,H$4:H$43) -> 0 | U12: =SUMIF($A$4:$A$43,$P12,I$4:I$43) -> 0 | V12: =SUMIF($A$4:$A$43,$P12,J$4:J$43) -> 0 | W12: =SUMIF($A$4:$A$43,$P12,K$4:K$43) -> 2 | X12: =SUMIF($A$4:$A$43,$P12,L$4:L$43) -> 190.66
A13: Expert 09 | B13: SKU-9052 | C13: MOCK-412607 | D13: Apple Watch Series 11 | E13: 0 | F13: 0 | G13: 0 | H13: 0 | I13: 0 | J13: 0 | K13: 1 | L13: 126.39 | M13: Y | P13: =Setup!$A$13 -> Expert 10 | Q13: =SUMIF($A$4:$A$43,$P13,E$4:E$43) -> 0 | R13: =SUMIF($A$4:$A$43,$P13,F$4:F$43) -> 0 | S13: =SUMIF($A$4:$A$43,$P13,G$4:G$43) -> 0 | T13: =SUMIF($A$4:$A$43,$P13,H$4:H$43) -> 0 | U13: =SUMIF($A$4:$A$43,$P13,I$4:I$43) -> 0 | V13: =SUMIF($A$4:$A$43,$P13,J$4:J$43) -> 16 | W13: =SUMIF($A$4:$A$43,$P13,K$4:K$43) -> 1 | X13: =SUMIF($A$4:$A$43,$P13,L$4:L$43) -> 153.09
A14: Expert 06 | B14: SKU-3844 | C14: MOCK-202119 | D14: Galaxy A17 | E14: 1 | F14: 0 | G14: 0 | H14: 0 | I14: 0 | J14: 33 | K14: 1 | L14: 2.37 | M14: Y | P14: =Setup!$A$14 -> Expert 11 | Q14: =SUMIF($A$4:$A$43,$P14,E$4:E$43) -> 0 | R14: =SUMIF($A$4:$A$43,$P14,F$4:F$43) -> 0 | S14: =SUMIF($A$4:$A$43,$P14,G$4:G$43) -> 0 | T14: =SUMIF($A$4:$A$43,$P14,H$4:H$43) -> 0 | U14: =SUMIF($A$4:$A$43,$P14,I$4:I$43) -> 0 | V14: =SUMIF($A$4:$A$43,$P14,J$4:J$43) -> 0 | W14: =SUMIF($A$4:$A$43,$P14,K$4:K$43) -> 1 | X14: =SUMIF($A$4:$A$43,$P14,L$4:L$43) -> 59.04
A15: Expert 01 | B15: SKU-2958 | C15: MOCK-504628 | D15: iPhone 17 Pro | E15: 0 | F15: 0 | G15: 0 | H15: 0 | I15: 0 | J15: 0 | K15: 1 | L15: 0 | M15: Y | P15: =Setup!$A$15 -> Expert 12 | Q15: =SUMIF($A$4:$A$43,$P15,E$4:E$43) -> 0 | R15: =SUMIF($A$4:$A$43,$P15,F$4:F$43) -> 0 | S15: =SUMIF($A$4:$A$43,$P15,G$4:G$43) -> 0 | T15: =SUMIF($A$4:$A$43,$P15,H$4:H$43) -> 0 | U15: =SUMIF($A$4:$A$43,$P15,I$4:I$43) -> 0 | V15: =SUMIF($A$4:$A$43,$P15,J$4:J$43) -> 0 | W15: =SUMIF($A$4:$A$43,$P15,K$4:K$43) -> 0 | X15: =SUMIF($A$4:$A$43,$P15,L$4:L$43) -> 0
A16: Expert 02 | B16: SKU-9478 | C16: MOCK-661435 | D16: moto g power | E16: 1 | F16: 0 | G16: 0 | H16: 0 | I16: 0 | J16: 0 | K16: 1 | L16: 102.58 | M16: N | P16: STORE TOTAL | Q16: =SUM(Q4:Q15) -> 12 | R16: =SUM(R4:R15) -> 5 | S16: =SUM(S4:S15) -> 0 | T16: =SUM(T4:T15) -> 1 | U16: =SUM(U4:U15) -> 1 | V16: =SUM(V4:V15) -> 178 | W16: =SUM(W4:W15) -> 21 | X16: =SUM(X4:X15) -> 1735.11
A17: Expert 11 | B17: SKU-9003 | C17: MOCK-340738 | D17: Galaxy A17 | E17: 0 | F17: 0 | G17: 0 | H17: 0 | I17: 0 | J17: 0 | K17: 1 | L17: 0 | M17: Y
A18: Expert 09 | B18: SKU-8469 | C18: MOCK-893167 | D18: iPhone 17 Pro | E18: 1 | F18: 0 | G18: 0 | H18: 0 | I18: 0 | J18: 0 | K18: 1 | L18: 64.27 | M18: Y
A19: Expert 06 | B19: SKU-7787 | C19: MOCK-283049 | D19: iPhone 17 | E19: 1 | F19: 0 | G19: 0 | H19: 0 | I19: 0 | J19: 0 | K19: 1 | L19: 0 | M19: Y
A20: Expert 05 | B20: SKU-2624 | C20: MOCK-565029 | D20: Accessory Only | E20: 0 | F20: 0 | G20: 0 | H20: 0 | I20: 0 | J20: 15 | K20: 0 | L20: 157.72 | M20: Y
A21: Expert 05 | B21: SKU-4400 | C21: MOCK-121509 | D21: iPhone 17 Pro Max | E21: 1 | F21: 0 | G21: 0 | H21: 0 | I21: 0 | J21: 0 | K21: 1 | L21: 151.08 | M21: Y
A22: Expert 10 | B22: SKU-2636 | C22: MOCK-625223 | D22: Pixel 10a | E22: 0 | F22: 0 | G22: 0 | H22: 0 | I22: 0 | J22: 16 | K22: 1 | L22: 153.09 | M22: Y
A23: Expert 06 | B23: SKU-1453 | C23: MOCK-764871 | D23: Galaxy Tab A11 | E23: 0 | F23: 0 | G23: 0 | H23: 0 | I23: 0 | J23: 33 | K23: 1 | L23: 0 | M23: Y
A24: Expert 08 | B24: SKU-4563 | C24: MOCK-785584 | D24: 5G Home Internet Gateway | E24: 0 | F24: 0 | G24: 0 | H24: 0 | I24: 1 | J24: 0 | K24: 0 | L24: 0 | M24: Y
A25: Expert 02 | B25: SKU-4036 | C25: MOCK-874220 | D25: Galaxy S26 | E25: 0 | F25: 1 | G25: 0 | H25: 0 | I25: 0 | J25: 0 | K25: 1 | L25: 161.75 | M25: Y
A26: Expert 08 | B26: SKU-8758 | C26: MOCK-490244 | D26: Apple Watch Series 11 | E26: 1 | F26: 0 | G26: 0 | H26: 0 | I26: 0 | J26: 0 | K26: 1 | L26: 0 | M26: Y
A27: Expert 04 | B27: SKU-7365 | C27: MOCK-941355 | D27: Galaxy Z Fold 7 | E27: 1 | F27: 0 | G27: 0 | H27: 0 | I27: 0 | J27: 0 | K27: 1 | L27: 52.47 | M27: Y
A28: Expert 07 | B28: SKU-7876 | C28: MOCK-659681 | D28: Pixel 10a | E28: 0 | F28: 1 | G28: 0 | H28: 0 | I28: 0 | J28: 33 | K28: 1 | L28: 95.38 | M28: Y

Sheet 11
A1: Day 11 — Daily Entry
A2: MOCK DATA — generated for portfolio use. No real employees, customers, device identifiers, or store numbers appear in this file.
A3: ME | B3: SKU (mock) | C3: IMEI / SIM (mock) | D3: Device | E3: Acts | F3: Pre | G3: TFB | H3: BTS | I3: Hint | J3: VAF $ | K3: Devices | L3: Acc $ | M3: Complete | P3: Mobile Expert | Q3: Acts | R3: Pre | S3: TFB | T3: BTS | U3: Hint | V3: VAF $ | W3: Devices | X3: Acc $
A4: Expert 06 | B4: SKU-4001 | C4: MOCK-452953 | D4: iPhone 17 Pro Max | E4: 0 | F4: 0 | G4: 0 | H4: 0 | I4: 0 | J4: 0 | K4: 1 | L4: 0 | M4: Y | P4: =Setup!$A$4 -> Expert 01 | Q4: =SUMIF($A$4:$A$43,$P4,E$4:E$43) -> 1 | R4: =SUMIF($A$4:$A$43,$P4,F$4:F$43) -> 0 | S4: =SUMIF($A$4:$A$43,$P4,G$4:G$43) -> 0 | T4: =SUMIF($A$4:$A$43,$P4,H$4:H$43) -> 0 | U4: =SUMIF($A$4:$A$43,$P4,I$4:I$43) -> 0 | V4: =SUMIF($A$4:$A$43,$P4,J$4:J$43) -> 15 | W4: =SUMIF($A$4:$A$43,$P4,K$4:K$43) -> 1 | X4: =SUMIF($A$4:$A$43,$P4,L$4:L$43) -> 3.66
A5: Expert 06 | B5: SKU-3533 | C5: MOCK-976231 | D5: Galaxy S26 Ultra | E5: 1 | F5: 0 | G5: 0 | H5: 0 | I5: 0 | J5: 15 | K5: 1 | L5: 66.3 | M5: Y | P5: =Setup!$A$5 -> Expert 02 | Q5: =SUMIF($A$4:$A$43,$P5,E$4:E$43) -> 2 | R5: =SUMIF($A$4:$A$43,$P5,F$4:F$43) -> 0 | S5: =SUMIF($A$4:$A$43,$P5,G$4:G$43) -> 0 | T5: =SUMIF($A$4:$A$43,$P5,H$4:H$43) -> 0 | U5: =SUMIF($A$4:$A$43,$P5,I$4:I$43) -> 0 | V5: =SUMIF($A$4:$A$43,$P5,J$4:J$43) -> 33 | W5: =SUMIF($A$4:$A$43,$P5,K$4:K$43) -> 2 | X5: =SUMIF($A$4:$A$43,$P5,L$4:L$43) -> 7.49
A6: Expert 02 | B6: SKU-9749 | C6: MOCK-973425 | D6: Galaxy S26+ | E6: 1 | F6: 0 | G6: 0 | H6: 0 | I6: 0 | J6: 0 | K6: 1 | L6: 0 | M6: N | P6: =Setup!$A$6 -> Expert 03 | Q6: =SUMIF($A$4:$A$43,$P6,E$4:E$43) -> 1 | R6: =SUMIF($A$4:$A$43,$P6,F$4:F$43) -> 0 | S6: =SUMIF($A$4:$A$43,$P6,G$4:G$43) -> 0 | T6: =SUMIF($A$4:$A$43,$P6,H$4:H$43) -> 0 | U6: =SUMIF($A$4:$A$43,$P6,I$4:I$43) -> 0 | V6: =SUMIF($A$4:$A$43,$P6,J$4:J$43) -> 0 | W6: =SUMIF($A$4:$A$43,$P6,K$4:K$43) -> 1 | X6: =SUMIF($A$4:$A$43,$P6,L$4:L$43) -> 0
A7: Expert 05 | B7: SKU-8929 | C7: MOCK-339169 | D7: iPad (11th Gen) | E7: 1 | F7: 0 | G7: 0 | H7: 0 | I7: 0 | J7: 15 | K7: 1 | L7: 43.01 | M7: Y | P7: =Setup!$A$7 -> Expert 04 | Q7: =SUMIF($A$4:$A$43,$P7,E$4:E$43) -> 0 | R7: =SUMIF($A$4:$A$43,$P7,F$4:F$43) -> 0 | S7: =SUMIF($A$4:$A$43,$P7,G$4:G$43) -> 0 | T7: =SUMIF($A$4:$A$43,$P7,H$4:H$43) -> 0 | U7: =SUMIF($A$4:$A$43,$P7,I$4:I$43) -> 0 | V7: =SUMIF($A$4:$A$43,$P7,J$4:J$43) -> 0 | W7: =SUMIF($A$4:$A$43,$P7,K$4:K$43) -> 0 | X7: =SUMIF($A$4:$A$43,$P7,L$4:L$43) -> 0
A8: Expert 11 | B8: SKU-5812 | C8: MOCK-609198 | D8: Galaxy Watch 8 | E8: 0 | F8: 1 | G8: 0 | H8: 1 | I8: 0 | J8: 0 | K8: 1 | L8: 20.85 | M8: Y | P8: =Setup!$A$8 -> Expert 05 | Q8: =SUMIF($A$4:$A$43,$P8,E$4:E$43) -> 1 | R8: =SUMIF($A$4:$A$43,$P8,F$4:F$43) -> 0 | S8: =SUMIF($A$4:$A$43,$P8,G$4:G$43) -> 0 | T8: =SUMIF($A$4:$A$43,$P8,H$4:H$43) -> 0 | U8: =SUMIF($A$4:$A$43,$P8,I$4:I$43) -> 0 | V8: =SUMIF($A$4:$A$43,$P8,J$4:J$43) -> 15 | W8: =SUMIF($A$4:$A$43,$P8,K$4:K$43) -> 1 | X8: =SUMIF($A$4:$A$43,$P8,L$4:L$43) -> 43.01
A9: Expert 10 | B9: SKU-4534 | C9: MOCK-922631 | D9: 5G Home Internet Gateway | E9: 0 | F9: 0 | G9: 0 | H9: 0 | I9: 1 | J9: 0 | K9: 0 | L9: 24.89 | M9: N | P9: =Setup!$A$9 -> Expert 06 | Q9: =SUMIF($A$4:$A$43,$P9,E$4:E$43) -> 3 | R9: =SUMIF($A$4:$A$43,$P9,F$4:F$43) -> 0 | S9: =SUMIF($A$4:$A$43,$P9,G$4:G$43) -> 0 | T9: =SUMIF($A$4:$A$43,$P9,H$4:H$43) -> 0 | U9: =SUMIF($A$4:$A$43,$P9,I$4:I$43) -> 0 | V9: =SUMIF($A$4:$A$43,$P9,J$4:J$43) -> 39 | W9: =SUMIF($A$4:$A$43,$P9,K$4:K$43) -> 5 | X9: =SUMIF($A$4:$A$43,$P9,L$4:L$43) -> 312.43
A10: Expert 09 | B10: SKU-2036 | C10: MOCK-861769 | D10: Galaxy S26 Ultra | E10: 1 | F10: 0 | G10: 0 | H10: 0 | I10: 0 | J10: 0 | K10: 1 | L10: 0 | M10: Y | P10: =Setup!$A$10 -> Expert 07 | Q10: =SUMIF($A$4:$A$43,$P10,E$4:E$43) -> 0 | R10: =SUMIF($A$4:$A$43,$P10,F$4:F$43) -> 0 | S10: =SUMIF($A$4:$A$43,$P10,G$4:G$43) -> 0 | T10: =SUMIF($A$4:$A$43,$P10,H$4:H$43) -> 0 | U10: =SUMIF($A$4:$A$43,$P10,I$4:I$43) -> 0 | V10: =SUMIF($A$4:$A$43,$P10,J$4:J$43) -> 0 | W10: =SUMIF($A$4:$A$43,$P10,K$4:K$43) -> 0 | X10: =SUMIF($A$4:$A$43,$P10,L$4:L$43) -> 0
A11: Expert 06 | B11: SKU-3388 | C11: MOCK-710957 | D11: Galaxy Watch 8 | E11: 1 | F11: 0 | G11: 0 | H11: 0 | I11: 0 | J11: 24 | K11: 1 | L11: 136.79 | M11: Y | P11: =Setup!$A$11 -> Expert 08 | Q11: =SUMIF($A$4:$A$43,$P11,E$4:E$43) -> 0 | R11: =SUMIF($A$4:$A$43,$P11,F$4:F$43) -> 0 | S11: =SUMIF($A$4:$A$43,$P11,G$4:G$43) -> 0 | T11: =SUMIF($A$4:$A$43,$P11,H$4:H$43) -> 0 | U11: =SUMIF($A$4:$A$43,$P11,I$4:I$43) -> 0 | V11: =SUMIF($A$4:$A$43,$P11,J$4:J$43) -> 0 | W11: =SUMIF($A$4:$A$43,$P11,K$4:K$43) -> 0 | X11: =SUMIF($A$4:$A$43,$P11,L$4:L$43) -> 0
A12: Expert 12 | B12: SKU-4774 | C12: MOCK-245744 | D12: Galaxy Watch 8 | E12: 0 | F12: 1 | G12: 0 | H12: 0 | I12: 0 | J12: 33 | K12: 1 | L12: 148.35 | M12: Y | P12: =Setup!$A$12 -> Expert 09 | Q12: =SUMIF($A$4:$A$43,$P12,E$4:E$43) -> 1 | R12: =SUMIF($A$4:$A$43,$P12,F$4:F$43) -> 0 | S12: =SUMIF($A$4:$A$43,$P12,G$4:G$43) -> 0 | T12: =SUMIF($A$4:$A$43,$P12,H$4:H$43) -> 0 | U12: =SUMIF($A$4:$A$43,$P12,I$4:I$43) -> 0 | V12: =SUMIF($A$4:$A$43,$P12,J$4:J$43) -> 33 | W12: =SUMIF($A$4:$A$43,$P12,K$4:K$43) -> 2 | X12: =SUMIF($A$4:$A$43,$P12,L$4:L$43) -> 195.78
A13: Expert 06 | B13: SKU-7288 | C13: MOCK-923558 | D13: Galaxy A37 | E13: 0 | F13: 0 | G13: 0 | H13: 0 | I13: 0 | J13: 0 | K13: 1 | L13: 0 | M13: Y | P13: =Setup!$A$13 -> Expert 10 | Q13: =SUMIF($A$4:$A$43,$P13,E$4:E$43) -> 0 | R13: =SUMIF($A$4:$A$43,$P13,F$4:F$43) -> 0 | S13: =SUMIF($A$4:$A$43,$P13,G$4:G$43) -> 0 | T13: =SUMIF($A$4:$A$43,$P13,H$4:H$43) -> 0 | U13: =SUMIF($A$4:$A$43,$P13,I$4:I$43) -> 1 | V13: =SUMIF($A$4:$A$43,$P13,J$4:J$43) -> 0 | W13: =SUMIF($A$4:$A$43,$P13,K$4:K$43) -> 0 | X13: =SUMIF($A$4:$A$43,$P13,L$4:L$43) -> 24.89
A14: Expert 11 | B14: SKU-2324 | C14: MOCK-104214 | D14: Galaxy Watch 8 | E14: 0 | F14: 0 | G14: 0 | H14: 0 | I14: 0 | J14: 0 | K14: 1 | L14: 48.26 | M14: Y | P14: =Setup!$A$14 -> Expert 11 | Q14: =SUMIF($A$4:$A$43,$P14,E$4:E$43) -> 0 | R14: =SUMIF($A$4:$A$43,$P14,F$4:F$43) -> 1 | S14: =SUMIF($A$4:$A$43,$P14,G$4:G$43) -> 0 | T14: =SUMIF($A$4:$A$43,$P14,H$4:H$43) -> 1 | U14: =SUMIF($A$4:$A$43,$P14,I$4:I$43) -> 1 | V14: =SUMIF($A$4:$A$43,$P14,J$4:J$43) -> 0 | W14: =SUMIF($A$4:$A$43,$P14,K$4:K$43) -> 2 | X14: =SUMIF($A$4:$A$43,$P14,L$4:L$43) -> 128.87
A15: Expert 09 | B15: SKU-7025 | C15: MOCK-547663 | D15: Accessory Only | E15: 0 | F15: 0 | G15: 0 | H15: 0 | I15: 0 | J15: 0 | K15: 0 | L15: 149.04 | M15: Y | P15: =Setup!$A$15 -> Expert 12 | Q15: =SUMIF($A$4:$A$43,$P15,E$4:E$43) -> 0 | R15: =SUMIF($A$4:$A$43,$P15,F$4:F$43) -> 1 | S15: =SUMIF($A$4:$A$43,$P15,G$4:G$43) -> 0 | T15: =SUMIF($A$4:$A$43,$P15,H$4:H$43) -> 0 | U15: =SUMIF($A$4:$A$43,$P15,I$4:I$43) -> 0 | V15: =SUMIF($A$4:$A$43,$P15,J$4:J$43) -> 33 | W15: =SUMIF($A$4:$A$43,$P15,K$4:K$43) -> 1 | X15: =SUMIF($A$4:$A$43,$P15,L$4:L$43) -> 148.35
A16: Expert 06 | B16: SKU-9965 | C16: MOCK-329216 | D16: Galaxy Z Fold 7 | E16: 1 | F16: 0 | G16: 0 | H16: 0 | I16: 0 | J16: 0 | K16: 1 | L16: 109.34 | M16: Y | P16: STORE TOTAL | Q16: =SUM(Q4:Q15) -> 9 | R16: =SUM(R4:R15) -> 2 | S16: =SUM(S4:S15) -> 0 | T16: =SUM(T4:T15) -> 1 | U16: =SUM(U4:U15) -> 2 | V16: =SUM(V4:V15) -> 168 | W16: =SUM(W4:W15) -> 15 | X16: =SUM(X4:X15) -> 864.48
A17: Expert 03 | B17: SKU-9547 | C17: MOCK-881209 | D17: Galaxy Z Flip 7 | E17: 1 | F17: 0 | G17: 0 | H17: 0 | I17: 0 | J17: 0 | K17: 1 | L17: 0 | M17: Y
A18: Expert 02 | B18: SKU-9764 | C18: MOCK-387504 | D18: Galaxy Watch 8 | E18: 1 | F18: 0 | G18: 0 | H18: 0 | I18: 0 | J18: 33 | K18: 1 | L18: 7.49 | M18: Y
A19: Expert 01 | B19: SKU-9448 | C19: MOCK-464945 | D19: Galaxy S26 Ultra | E19: 1 | F19: 0 | G19: 0 | H19: 0 | I19: 0 | J19: 15 | K19: 1 | L19: 3.66 | M19: Y
A20: Expert 11 | B20: SKU-1342 | C20: MOCK-605143 | D20: 5G Hotspot | E20: 0 | F20: 0 | G20: 0 | H20: 0 | I20: 1 | J20: 0 | K20: 0 | L20: 59.76 | M20: Y
A21: Expert 09 | B21: SKU-1800 | C21: MOCK-185009 | D21: Galaxy Tab A11 | E21: 0 | F21: 0 | G21: 0 | H21: 0 | I21: 0 | J21: 33 | K21: 1 | L21: 46.74 | M21: Y

Sheet 12
A1: Day 12 — Daily Entry
A2: MOCK DATA — generated for portfolio use. No real employees, customers, device identifiers, or store numbers appear in this file.
A3: ME | B3: SKU (mock) | C3: IMEI / SIM (mock) | D3: Device | E3: Acts | F3: Pre | G3: TFB | H3: BTS | I3: Hint | J3: VAF $ | K3: Devices | L3: Acc $ | M3: Complete | P3: Mobile Expert | Q3: Acts | R3: Pre | S3: TFB | T3: BTS | U3: Hint | V3: VAF $ | W3: Devices | X3: Acc $
A4: Expert 10 | B4: SKU-9234 | C4: MOCK-581617 | D4: Apple Watch Ultra 3 | E4: 0 | F4: 1 | G4: 0 | H4: 0 | I4: 0 | J4: 24 | K4: 1 | L4: 0 | M4: N | P4: =Setup!$A$4 -> Expert 01 | Q4: =SUMIF($A$4:$A$43,$P4,E$4:E$43) -> 0 | R4: =SUMIF($A$4:$A$43,$P4,F$4:F$43) -> 0 | S4: =SUMIF($A$4:$A$43,$P4,G$4:G$43) -> 0 | T4: =SUMIF($A$4:$A$43,$P4,H$4:H$43) -> 0 | U4: =SUMIF($A$4:$A$43,$P4,I$4:I$43) -> 0 | V4: =SUMIF($A$4:$A$43,$P4,J$4:J$43) -> 0 | W4: =SUMIF($A$4:$A$43,$P4,K$4:K$43) -> 0 | X4: =SUMIF($A$4:$A$43,$P4,L$4:L$43) -> 0
A5: Expert 05 | B5: SKU-5748 | C5: MOCK-181545 | D5: moto g power | E5: 0 | F5: 1 | G5: 0 | H5: 0 | I5: 0 | J5: 18 | K5: 1 | L5: 43.51 | M5: Y | P5: =Setup!$A$5 -> Expert 02 | Q5: =SUMIF($A$4:$A$43,$P5,E$4:E$43) -> 1 | R5: =SUMIF($A$4:$A$43,$P5,F$4:F$43) -> 2 | S5: =SUMIF($A$4:$A$43,$P5,G$4:G$43) -> 0 | T5: =SUMIF($A$4:$A$43,$P5,H$4:H$43) -> 0 | U5: =SUMIF($A$4:$A$43,$P5,I$4:I$43) -> 0 | V5: =SUMIF($A$4:$A$43,$P5,J$4:J$43) -> 32 | W5: =SUMIF($A$4:$A$43,$P5,K$4:K$43) -> 3 | X5: =SUMIF($A$4:$A$43,$P5,L$4:L$43) -> 189.58
A6: Expert 05 | B6: SKU-9898 | C6: MOCK-298791 | D6: Galaxy Z Flip 7 | E6: 0 | F6: 1 | G6: 0 | H6: 0 | I6: 0 | J6: 16 | K6: 1 | L6: 20.59 | M6: Y | P6: =Setup!$A$6 -> Expert 03 | Q6: =SUMIF($A$4:$A$43,$P6,E$4:E$43) -> 0 | R6: =SUMIF($A$4:$A$43,$P6,F$4:F$43) -> 2 | S6: =SUMIF($A$4:$A$43,$P6,G$4:G$43) -> 1 | T6: =SUMIF($A$4:$A$43,$P6,H$4:H$43) -> 0 | U6: =SUMIF($A$4:$A$43,$P6,I$4:I$43) -> 1 | V6: =SUMIF($A$4:$A$43,$P6,J$4:J$43) -> 39 | W6: =SUMIF($A$4:$A$43,$P6,K$4:K$43) -> 2 | X6: =SUMIF($A$4:$A$43,$P6,L$4:L$43) -> 35.35
A7: Expert 09 | B7: SKU-1967 | C7: MOCK-466222 | D7: moto g power | E7: 0 | F7: 0 | G7: 0 | H7: 0 | I7: 0 | J7: 0 | K7: 1 | L7: 58.67 | M7: Y | P7: =Setup!$A$7 -> Expert 04 | Q7: =SUMIF($A$4:$A$43,$P7,E$4:E$43) -> 1 | R7: =SUMIF($A$4:$A$43,$P7,F$4:F$43) -> 0 | S7: =SUMIF($A$4:$A$43,$P7,G$4:G$43) -> 0 | T7: =SUMIF($A$4:$A$43,$P7,H$4:H$43) -> 0 | U7: =SUMIF($A$4:$A$43,$P7,I$4:I$43) -> 0 | V7: =SUMIF($A$4:$A$43,$P7,J$4:J$43) -> 0 | W7: =SUMIF($A$4:$A$43,$P7,K$4:K$43) -> 1 | X7: =SUMIF($A$4:$A$43,$P7,L$4:L$43) -> 0
A8: Expert 05 | B8: SKU-4260 | C8: MOCK-996162 | D8: Galaxy Tab A11 | E8: 1 | F8: 0 | G8: 0 | H8: 0 | I8: 0 | J8: 0 | K8: 1 | L8: 0 | M8: Y | P8: =Setup!$A$8 -> Expert 05 | Q8: =SUMIF($A$4:$A$43,$P8,E$4:E$43) -> 1 | R8: =SUMIF($A$4:$A$43,$P8,F$4:F$43) -> 2 | S8: =SUMIF($A$4:$A$43,$P8,G$4:G$43) -> 0 | T8: =SUMIF($A$4:$A$43,$P8,H$4:H$43) -> 0 | U8: =SUMIF($A$4:$A$43,$P8,I$4:I$43) -> 0 | V8: =SUMIF($A$4:$A$43,$P8,J$4:J$43) -> 34 | W8: =SUMIF($A$4:$A$43,$P8,K$4:K$43) -> 3 | X8: =SUMIF($A$4:$A$43,$P8,L$4:L$43) -> 64.1
A9: Expert 08 | B9: SKU-2546 | C9: MOCK-428714 | D9: 5G Hotspot | E9: 0 | F9: 0 | G9: 0 | H9: 0 | I9: 1 | J9: 0 | K9: 0 | L9: 0 | M9: Y | P9: =Setup!$A$9 -> Expert 06 | Q9: =SUMIF($A$4:$A$43,$P9,E$4:E$43) -> 0 | R9: =SUMIF($A$4:$A$43,$P9,F$4:F$43) -> 0 | S9: =SUMIF($A$4:$A$43,$P9,G$4:G$43) -> 0 | T9: =SUMIF($A$4:$A$43,$P9,H$4:H$43) -> 0 | U9: =SUMIF($A$4:$A$43,$P9,I$4:I$43) -> 0 | V9: =SUMIF($A$4:$A$43,$P9,J$4:J$43) -> 0 | W9: =SUMIF($A$4:$A$43,$P9,K$4:K$43) -> 1 | X9: =SUMIF($A$4:$A$43,$P9,L$4:L$43) -> 138.02
A10: Expert 12 | B10: SKU-2748 | C10: MOCK-348870 | D10: Galaxy A37 | E10: 1 | F10: 0 | G10: 0 | H10: 0 | I10: 0 | J10: 0 | K10: 1 | L10: 0 | M10: Y | P10: =Setup!$A$10 -> Expert 07 | Q10: =SUMIF($A$4:$A$43,$P10,E$4:E$43) -> 1 | R10: =SUMIF($A$4:$A$43,$P10,F$4:F$43) -> 0 | S10: =SUMIF($A$4:$A$43,$P10,G$4:G$43) -> 0 | T10: =SUMIF($A$4:$A$43,$P10,H$4:H$43) -> 0 | U10: =SUMIF($A$4:$A$43,$P10,I$4:I$43) -> 0 | V10: =SUMIF($A$4:$A$43,$P10,J$4:J$43) -> 33 | W10: =SUMIF($A$4:$A$43,$P10,K$4:K$43) -> 1 | X10: =SUMIF($A$4:$A$43,$P10,L$4:L$43) -> 0
A11: Expert 07 | B11: SKU-6609 | C11: MOCK-464442 | D11: Galaxy A37 | E11: 1 | F11: 0 | G11: 0 | H11: 0 | I11: 0 | J11: 33 | K11: 1 | L11: 0 | M11: N | P11: =Setup!$A$11 -> Expert 08 | Q11: =SUMIF($A$4:$A$43,$P11,E$4:E$43) -> 2 | R11: =SUMIF($A$4:$A$43,$P11,F$4:F$43) -> 0 | S11: =SUMIF($A$4:$A$43,$P11,G$4:G$43) -> 0 | T11: =SUMIF($A$4:$A$43,$P11,H$4:H$43) -> 0 | U11: =SUMIF($A$4:$A$43,$P11,I$4:I$43) -> 1 | V11: =SUMIF($A$4:$A$43,$P11,J$4:J$43) -> 24 | W11: =SUMIF($A$4:$A$43,$P11,K$4:K$43) -> 2 | X11: =SUMIF($A$4:$A$43,$P11,L$4:L$43) -> 41.07
A12: Expert 09 | B12: SKU-8615 | C12: MOCK-470507 | D12: iPhone 17 | E12: 1 | F12: 0 | G12: 0 | H12: 0 | I12: 0 | J12: 0 | K12: 1 | L12: 0 | M12: Y | P12: =Setup!$A$12 -> Expert 09 | Q12: =SUMIF($A$4:$A$43,$P12,E$4:E$43) -> 1 | R12: =SUMIF($A$4:$A$43,$P12,F$4:F$43) -> 0 | S12: =SUMIF($A$4:$A$43,$P12,G$4:G$43) -> 0 | T12: =SUMIF($A$4:$A$43,$P12,H$4:H$43) -> 0 | U12: =SUMIF($A$4:$A$43,$P12,I$4:I$43) -> 0 | V12: =SUMIF($A$4:$A$43,$P12,J$4:J$43) -> 0 | W12: =SUMIF($A$4:$A$43,$P12,K$4:K$43) -> 2 | X12: =SUMIF($A$4:$A$43,$P12,L$4:L$43) -> 58.67
A13: Expert 02 | B13: SKU-3182 | C13: MOCK-285370 | D13: Accessory Only | E13: 0 | F13: 0 | G13: 0 | H13: 0 | I13: 0 | J13: 16 | K13: 0 | L13: 0 | M13: Y | P13: =Setup!$A$13 -> Expert 10 | Q13: =SUMIF($A$4:$A$43,$P13,E$4:E$43) -> 1 | R13: =SUMIF($A$4:$A$43,$P13,F$4:F$43) -> 1 | S13: =SUMIF($A$4:$A$43,$P13,G$4:G$43) -> 0 | T13: =SUMIF($A$4:$A$43,$P13,H$4:H$43) -> 0 | U13: =SUMIF($A$4:$A$43,$P13,I$4:I$43) -> 0 | V13: =SUMIF($A$4:$A$43,$P13,J$4:J$43) -> 40 | W13: =SUMIF($A$4:$A$43,$P13,K$4:K$43) -> 3 | X13: =SUMIF($A$4:$A$43,$P13,L$4:L$43) -> 54.74
A14: Expert 12 | B14: SKU-1872 | C14: MOCK-795595 | D14: iPhone 17 Pro | E14: 0 | F14: 0 | G14: 0 | H14: 0 | I14: 0 | J14: 0 | K14: 1 | L14: 0 | M14: Y | P14: =Setup!$A$14 -> Expert 11 | Q14: =SUMIF($A$4:$A$43,$P14,E$4:E$43) -> 1 | R14: =SUMIF($A$4:$A$43,$P14,F$4:F$43) -> 0 | S14: =SUMIF($A$4:$A$43,$P14,G$4:G$43) -> 0 | T14: =SUMIF($A$4:$A$43,$P14,H$4:H$43) -> 0 | U14: =SUMIF($A$4:$A$43,$P14,I$4:I$43) -> 0 | V14: =SUMIF($A$4:$A$43,$P14,J$4:J$43) -> 0 | W14: =SUMIF($A$4:$A$43,$P14,K$4:K$43) -> 2 | X14: =SUMIF($A$4:$A$43,$P14,L$4:L$43) -> 153.31
A15: Expert 03 | B15: SKU-6771 | C15: MOCK-411502 | D15: Apple Watch SE | E15: 0 | F15: 1 | G15: 1 | H15: 0 | I15: 0 | J15: 0 | K15: 1 | L15: 11.1 | M15: Y | P15: =Setup!$A$15 -> Expert 12 | Q15: =SUMIF($A$4:$A$43,$P15,E$4:E$43) -> 1 | R15: =SUMIF($A$4:$A$43,$P15,F$4:F$43) -> 1 | S15: =SUMIF($A$4:$A$43,$P15,G$4:G$43) -> 0 | T15: =SUMIF($A$4:$A$43,$P15,H$4:H$43) -> 0 | U15: =SUMIF($A$4:$A$43,$P15,I$4:I$43) -> 0 | V15: =SUMIF($A$4:$A$43,$P15,J$4:J$43) -> 0 | W15: =SUMIF($A$4:$A$43,$P15,K$4:K$43) -> 2 | X15: =SUMIF($A$4:$A$43,$P15,L$4:L$43) -> 0
A16: Expert 08 | B16: SKU-7523 | C16: MOCK-616686 | D16: Apple Watch Ultra 3 | E16: 0 | F16: 0 | G16: 0 | H16: 0 | I16: 0 | J16: 24 | K16: 1 | L16: 0 | M16: Y | P16: STORE TOTAL | Q16: =SUM(Q4:Q15) -> 10 | R16: =SUM(R4:R15) -> 8 | S16: =SUM(S4:S15) -> 1 | T16: =SUM(T4:T15) -> 0 | U16: =SUM(U4:U15) -> 2 | V16: =SUM(V4:V15) -> 202 | W16: =SUM(W4:W15) -> 22 | X16: =SUM(X4:X15) -> 734.84
A17: Expert 10 | B17: SKU-5145 | C17: MOCK-664854 | D17: Pixel 10 | E17: 0 | F17: 0 | G17: 0 | H17: 0 | I17: 0 | J17: 16 | K17: 1 | L17: 0 | M17: Y
A18: Expert 03 | B18: SKU-8906 | C18: MOCK-631319 | D18: 5G Home Internet Gateway | E18: 0 | F18: 1 | G18: 0 | H18: 0 | I18: 1 | J18: 15 | K18: 0 | L18: 0 | M18: Y
A19: Expert 03 | B19: SKU-3695 | C19: MOCK-801616 | D19: iPhone 17 Pro | E19: 0 | F19: 0 | G19: 0 | H19: 0 | I19: 0 | J19: 24 | K19: 1 | L19: 24.25 | M19: Y
A20: Expert 10 | B20: SKU-8865 | C20: MOCK-818634 | D20: Pixel 10 | E20: 1 | F20: 0 | G20: 0 | H20: 0 | I20: 0 | J20: 0 | K20: 1 | L20: 54.74 | M20: Y
A21: Expert 08 | B21: SKU-3291 | C21: MOCK-127213 | D21: SIM Only | E21: 1 | F21: 0 | G21: 0 | H21: 0 | I21: 0 | J21: 0 | K21: 0 | L21: 31.51 | M21: Y
A22: Expert 06 | B22: SKU-5433 | C22: MOCK-341905 | D22: iPad (11th Gen) | E22: 0 | F22: 0 | G22: 0 | H22: 0 | I22: 0 | J22: 0 | K22: 1 | L22: 138.02 | M22: Y
A23: Expert 08 | B23: SKU-5046 | C23: MOCK-744281 | D23: Galaxy Tab A11 | E23: 1 | F23: 0 | G23: 0 | H23: 0 | I23: 0 | J23: 0 | K23: 1 | L23: 9.56 | M23: Y
A24: Expert 02 | B24: SKU-7615 | C24: MOCK-767903 | D24: Galaxy A37 | E24: 0 | F24: 1 | G24: 0 | H24: 0 | I24: 0 | J24: 16 | K24: 1 | L24: 11.03 | M24: Y
A25: Expert 12 | B25: SKU-4165 | C25: MOCK-705312 | D25: Accessory Only | E25: 0 | F25: 1 | G25: 0 | H25: 0 | I25: 0 | J25: 0 | K25: 0 | L25: 0 | M25: Y
A26: Expert 02 | B26: SKU-2428 | C26: MOCK-858127 | D26: Galaxy S26 Ultra | E26: 1 | F26: 0 | G26: 0 | H26: 0 | I26: 0 | J26: 0 | K26: 1 | L26: 178.55 | M26: Y
A27: Expert 11 | B27: SKU-5379 | C27: MOCK-559056 | D27: iPhone 17 Pro Max | E27: 0 | F27: 0 | G27: 0 | H27: 0 | I27: 0 | J27: 0 | K27: 1 | L27: 0 | M27: Y
A28: Expert 02 | B28: SKU-2418 | C28: MOCK-768234 | D28: Galaxy S26 Ultra | E28: 0 | F28: 1 | G28: 0 | H28: 0 | I28: 0 | J28: 0 | K28: 1 | L28: 0 | M28: Y
... A30: Expert 04 | B30: SKU-3590 | C30: MOCK-742151 | D30: Pixel 10 | E30: 1 | F30: 0 | G30: 0 | H30: 0 | I30: 0 | J30: 0 | K30: 1 | L30: 0 | M30: N

Sheet 13
A1: Day 13 — Daily Entry
A2: MOCK DATA — generated for portfolio use. No real employees, customers, device identifiers, or store numbers appear in this file.
A3: ME | B3: SKU (mock) | C3: IMEI / SIM (mock) | D3: Device | E3: Acts | F3: Pre | G3: TFB | H3: BTS | I3: Hint | J3: VAF $ | K3: Devices | L3: Acc $ | M3: Complete | P3: Mobile Expert | Q3: Acts | R3: Pre | S3: TFB | T3: BTS | U3: Hint | V3: VAF $ | W3: Devices | X3: Acc $
A4: Expert 08 | B4: SKU-3551 | C4: MOCK-298635 | D4: Galaxy A37 | E4: 1 | F4: 0 | G4: 0 | H4: 0 | I4: 0 | J4: 16 | K4: 1 | L4: 0 | M4: Y | P4: =Setup!$A$4 -> Expert 01 | Q4: =SUMIF($A$4:$A$43,$P4,E$4:E$43) -> 2 | R4: =SUMIF($A$4:$A$43,$P4,F$4:F$43) -> 0 | S4: =SUMIF($A$4:$A$43,$P4,G$4:G$43) -> 0 | T4: =SUMIF($A$4:$A$43,$P4,H$4:H$43) -> 0 | U4: =SUMIF($A$4:$A$43,$P4,I$4:I$43) -> 0 | V4: =SUMIF($A$4:$A$43,$P4,J$4:J$43) -> 24 | W4: =SUMIF($A$4:$A$43,$P4,K$4:K$43) -> 3 | X4: =SUMIF($A$4:$A$43,$P4,L$4:L$43) -> 154.27
A5: Expert 03 | B5: SKU-5626 | C5: MOCK-148927 | D5: Galaxy S26 | E5: 1 | F5: 0 | G5: 0 | H5: 0 | I5: 0 | J5: 0 | K5: 1 | L5: 22.21 | M5: Y | P5: =Setup!$A$5 -> Expert 02 | Q5: =SUMIF($A$4:$A$43,$P5,E$4:E$43) -> 1 | R5: =SUMIF($A$4:$A$43,$P5,F$4:F$43) -> 1 | S5: =SUMIF($A$4:$A$43,$P5,G$4:G$43) -> 0 | T5: =SUMIF($A$4:$A$43,$P5,H$4:H$43) -> 1 | U5: =SUMIF($A$4:$A$43,$P5,I$4:I$43) -> 0 | V5: =SUMIF($A$4:$A$43,$P5,J$4:J$43) -> 24 | W5: =SUMIF($A$4:$A$43,$P5,K$4:K$43) -> 2 | X5: =SUMIF($A$4:$A$43,$P5,L$4:L$43) -> 181.75
A6: Expert 01 | B6: SKU-9817 | C6: MOCK-808564 | D6: iPhone 17 Pro Max | E6: 1 | F6: 0 | G6: 0 | H6: 0 | I6: 0 | J6: 0 | K6: 1 | L6: 0 | M6: Y | P6: =Setup!$A$6 -> Expert 03 | Q6: =SUMIF($A$4:$A$43,$P6,E$4:E$43) -> 3 | R6: =SUMIF($A$4:$A$43,$P6,F$4:F$43) -> 0 | S6: =SUMIF($A$4:$A$43,$P6,G$4:G$43) -> 0 | T6: =SUMIF($A$4:$A$43,$P6,H$4:H$43) -> 0 | U6: =SUMIF($A$4:$A$43,$P6,I$4:I$43) -> 0 | V6: =SUMIF($A$4:$A$43,$P6,J$4:J$43) -> 33 | W6: =SUMIF($A$4:$A$43,$P6,K$4:K$43) -> 3 | X6: =SUMIF($A$4:$A$43,$P6,L$4:L$43) -> 22.77
A7: Expert 03 | B7: SKU-3276 | C7: MOCK-847083 | D7: Galaxy Z Fold 7 | E7: 1 | F7: 0 | G7: 0 | H7: 0 | I7: 0 | J7: 18 | K7: 1 | L7: 0 | M7: Y | P7: =Setup!$A$7 -> Expert 04 | Q7: =SUMIF($A$4:$A$43,$P7,E$4:E$43) -> 1 | R7: =SUMIF($A$4:$A$43,$P7,F$4:F$43) -> 1 | S7: =SUMIF($A$4:$A$43,$P7,G$4:G$43) -> 0 | T7: =SUMIF($A$4:$A$43,$P7,H$4:H$43) -> 0 | U7: =SUMIF($A$4:$A$43,$P7,I$4:I$43) -> 0 | V7: =SUMIF($A$4:$A$43,$P7,J$4:J$43) -> 39 | W7: =SUMIF($A$4:$A$43,$P7,K$4:K$43) -> 3 | X7: =SUMIF($A$4:$A$43,$P7,L$4:L$43) -> 153.9
A8: Expert 03 | B8: SKU-2235 | C8: MOCK-745205 | D8: iPhone 17 Pro | E8: 1 | F8: 0 | G8: 0 | H8: 0 | I8: 0 | J8: 15 | K8: 1 | L8: 0.56 | M8: Y | P8: =Setup!$A$8 -> Expert 05 | Q8: =SUMIF($A$4:$A$43,$P8,E$4:E$43) -> 1 | R8: =SUMIF($A$4:$A$43,$P8,F$4:F$43) -> 0 | S8: =SUMIF($A$4:$A$43,$P8,G$4:G$43) -> 1 | T8: =SUMIF($A$4:$A$43,$P8,H$4:H$43) -> 0 | U8: =SUMIF($A$4:$A$43,$P8,I$4:I$43) -> 0 | V8: =SUMIF($A$4:$A$43,$P8,J$4:J$43) -> 18 | W8: =SUMIF($A$4:$A$43,$P8,K$4:K$43) -> 1 | X8: =SUMIF($A$4:$A$43,$P8,L$4:L$43) -> 0
A9: Expert 12 | B9: SKU-8731 | C9: MOCK-290234 | D9: Galaxy Z Fold 7 | E9: 0 | F9: 0 | G9: 0 | H9: 0 | I9: 0 | J9: 0 | K9: 1 | L9: 143.62 | M9: Y | P9: =Setup!$A$9 -> Expert 06 | Q9: =SUMIF($A$4:$A$43,$P9,E$4:E$43) -> 3 | R9: =SUMIF($A$4:$A$43,$P9,F$4:F$43) -> 1 | S9: =SUMIF($A$4:$A$43,$P9,G$4:G$43) -> 0 | T9: =SUMIF($A$4:$A$43,$P9,H$4:H$43) -> 1 | U9: =SUMIF($A$4:$A$43,$P9,I$4:I$43) -> 0 | V9: =SUMIF($A$4:$A$43,$P9,J$4:J$43) -> 64 | W9: =SUMIF($A$4:$A$43,$P9,K$4:K$43) -> 4 | X9: =SUMIF($A$4:$A$43,$P9,L$4:L$43) -> 141.71
A10: Expert 08 | B10: SKU-9188 | C10: MOCK-165539 | D10: iPhone 17 Pro | E10: 1 | F10: 0 | G10: 0 | H10: 0 | I10: 0 | J10: 0 | K10: 1 | L10: 52.75 | M10: Y | P10: =Setup!$A$10 -> Expert 07 | Q10: =SUMIF($A$4:$A$43,$P10,E$4:E$43) -> 1 | R10: =SUMIF($A$4:$A$43,$P10,F$4:F$43) -> 0 | S10: =SUMIF($A$4:$A$43,$P10,G$4:G$43) -> 0 | T10: =SUMIF($A$4:$A$43,$P10,H$4:H$43) -> 0 | U10: =SUMIF($A$4:$A$43,$P10,I$4:I$43) -> 1 | V10: =SUMIF($A$4:$A$43,$P10,J$4:J$43) -> 40 | W10: =SUMIF($A$4:$A$43,$P10,K$4:K$43) -> 1 | X10: =SUMIF($A$4:$A$43,$P10,L$4:L$43) -> 0
A11: Expert 12 | B11: SKU-9535 | C11: MOCK-450168 | D11: Galaxy Z Fold 7 | E11: 1 | F11: 0 | G11: 0 | H11: 0 | I11: 0 | J11: 0 | K11: 1 | L11: 0 | M11: Y | P11: =Setup!$A$11 -> Expert 08 | Q11: =SUMIF($A$4:$A$43,$P11,E$4:E$43) -> 2 | R11: =SUMIF($A$4:$A$43,$P11,F$4:F$43) -> 0 | S11: =SUMIF($A$4:$A$43,$P11,G$4:G$43) -> 0 | T11: =SUMIF($A$4:$A$43,$P11,H$4:H$43) -> 0 | U11: =SUMIF($A$4:$A$43,$P11,I$4:I$43) -> 0 | V11: =SUMIF($A$4:$A$43,$P11,J$4:J$43) -> 16 | W11: =SUMIF($A$4:$A$43,$P11,K$4:K$43) -> 2 | X11: =SUMIF($A$4:$A$43,$P11,L$4:L$43) -> 52.75
A12: Expert 07 | B12: SKU-4853 | C12: MOCK-532268 | D12: 5G Home Internet Gateway | E12: 0 | F12: 0 | G12: 0 | H12: 0 | I12: 1 | J12: 24 | K12: 0 | L12: 0 | M12: Y | P12: =Setup!$A$12 -> Expert 09 | Q12: =SUMIF($A$4:$A$43,$P12,E$4:E$43) -> 1 | R12: =SUMIF($A$4:$A$43,$P12,F$4:F$43) -> 0 | S12: =SUMIF($A$4:$A$43,$P12,G$4:G$43) -> 1 | T12: =SUMIF($A$4:$A$43,$P12,H$4:H$43) -> 0 | U12: =SUMIF($A$4:$A$43,$P12,I$4:I$43) -> 0 | V12: =SUMIF($A$4:$A$43,$P12,J$4:J$43) -> 0 | W12: =SUMIF($A$4:$A$43,$P12,K$4:K$43) -> 1 | X12: =SUMIF($A$4:$A$43,$P12,L$4:L$43) -> 0
A13: Expert 12 | B13: SKU-3270 | C13: MOCK-186817 | D13: Galaxy Z Flip 7 | E13: 1 | F13: 0 | G13: 0 | H13: 0 | I13: 0 | J13: 24 | K13: 1 | L13: 0 | M13: Y | P13: =Setup!$A$13 -> Expert 10 | Q13: =SUMIF($A$4:$A$43,$P13,E$4:E$43) -> 1 | R13: =SUMIF($A$4:$A$43,$P13,F$4:F$43) -> 0 | S13: =SUMIF($A$4:$A$43,$P13,G$4:G$43) -> 0 | T13: =SUMIF($A$4:$A$43,$P13,H$4:H$43) -> 0 | U13: =SUMIF($A$4:$A$43,$P13,I$4:I$43) -> 0 | V13: =SUMIF($A$4:$A$43,$P13,J$4:J$43) -> 0 | W13: =SUMIF($A$4:$A$43,$P13,K$4:K$43) -> 1 | X13: =SUMIF($A$4:$A$43,$P13,L$4:L$43) -> 0
A14: Expert 05 | B14: SKU-7318 | C14: MOCK-234609 | D14: Apple Watch Ultra 3 | E14: 1 | F14: 0 | G14: 0 | H14: 0 | I14: 0 | J14: 18 | K14: 1 | L14: 0 | M14: Y | P14: =Setup!$A$14 -> Expert 11 | Q14: =SUMIF($A$4:$A$43,$P14,E$4:E$43) -> 0 | R14: =SUMIF($A$4:$A$43,$P14,F$4:F$43) -> 1 | S14: =SUMIF($A$4:$A$43,$P14,G$4:G$43) -> 0 | T14: =SUMIF($A$4:$A$43,$P14,H$4:H$43) -> 0 | U14: =SUMIF($A$4:$A$43,$P14,I$4:I$43) -> 0 | V14: =SUMIF($A$4:$A$43,$P14,J$4:J$43) -> 34 | W14: =SUMIF($A$4:$A$43,$P14,K$4:K$43) -> 1 | X14: =SUMIF($A$4:$A$43,$P14,L$4:L$43) -> 15.99
A15: Expert 10 | B15: SKU-9449 | C15: MOCK-953301 | D15: iPhone 17 Pro | E15: 1 | F15: 0 | G15: 0 | H15: 0 | I15: 0 | J15: 0 | K15: 1 | L15: 0 | M15: Y | P15: =Setup!$A$15 -> Expert 12 | Q15: =SUMIF($A$4:$A$43,$P15,E$4:E$43) -> 5 | R15: =SUMIF($A$4:$A$43,$P15,F$4:F$43) -> 0 | S15: =SUMIF($A$4:$A$43,$P15,G$4:G$43) -> 1 | T15: =SUMIF($A$4:$A$43,$P15,H$4:H$43) -> 0 | U15: =SUMIF($A$4:$A$43,$P15,I$4:I$43) -> 0 | V15: =SUMIF($A$4:$A$43,$P15,J$4:J$43) -> 90 | W15: =SUMIF($A$4:$A$43,$P15,K$4:K$43) -> 7 | X15: =SUMIF($A$4:$A$43,$P15,L$4:L$43) -> 366.51
A16: Expert 01 | B16: SKU-9664 | C16: MOCK-855508 | D16: Galaxy Z Flip 7 | E16: 0 | F16: 0 | G16: 0 | H16: 0 | I16: 0 | J16: 0 | K16: 1 | L16: 4.56 | M16: Y | P16: STORE TOTAL | Q16: =SUM(Q4:Q15) -> 21 | R16: =SUM(R4:R15) -> 4 | S16: =SUM(S4:S15) -> 3 | T16: =SUM(T4:T15) -> 2 | U16: =SUM(U4:U15) -> 1 | V16: =SUM(V4:V15) -> 382 | W16: =SUM(W4:W15) -> 29 | X16: =SUM(X4:X15) -> 1089.65
A17: Expert 12 | B17: SKU-5840 | C17: MOCK-958973 | D17: iPhone 17 Pro Max | E17: 1 | F17: 0 | G17: 0 | H17: 0 | I17: 0 | J17: 33 | K17: 1 | L17: 124.69 | M17: Y
A18: Expert 06 | B18: SKU-6452 | C18: MOCK-140876 | D18: Galaxy Tab A11 | E18: 1 | F18: 0 | G18: 0 | H18: 1 | I18: 0 | J18: 33 | K18: 1 | L18: 141.71 | M18: Y
A19: Expert 02 | B19: SKU-5559 | C19: MOCK-545522 | D19: moto g power | E19: 1 | F19: 0 | G19: 0 | H19: 0 | I19: 0 | J19: 0 | K19: 1 | L19: 119.71 | M19: Y
A20: Expert 02 | B20: SKU-4255 | C20: MOCK-310950 | D20: iPad (11th Gen) | E20: 0 | F20: 1 | G20: 0 | H20: 1 | I20: 0 | J20: 24 | K20: 1 | L20: 62.04 | M20: Y
A21: Expert 12 | B21: SKU-4153 | C21: MOCK-518028 | D21: BYOD | E21: 0 | F21: 0 | G21: 0 | H21: 0 | I21: 0 | J21: 0 | K21: 0 | L21: 0 | M21: Y
A22: Expert 06 | B22: SKU-8706 | C22: MOCK-249141 | D22: Galaxy Z Fold 7 | E22: 0 | F22: 1 | G22: 0 | H22: 0 | I22: 0 | J22: 0 | K22: 1 | L22: 0 | M22: Y
A23: Expert 12 | B23: SKU-2001 | C23: MOCK-406412 | D23: Galaxy Z Fold 7 | E23: 1 | F23: 0 | G23: 0 | H23: 0 | I23: 0 | J23: 0 | K23: 1 | L23: 36.54 | M23: Y
A24: Expert 06 | B24: SKU-5774 | C24: MOCK-141021 | D24: Pixel 10 | E24: 1 | F24: 0 | G24: 0 | H24: 0 | I24: 0 | J24: 15 | K24: 1 | L24: 0 | M24: Y
A25: Expert 05 | B25: SKU-6825 | C25: MOCK-612400 | D25: BYOD | E25: 0 | F25: 0 | G25: 1 | H25: 0 | I25: 0 | J25: 0 | K25: 0 | L25: 0 | M25: Y
A26: Expert 11 | B26: SKU-5247 | C26: MOCK-911988 | D26: iPhone 17 | E26: 0 | F26: 1 | G26: 0 | H26: 0 | I26: 0 | J26: 16 | K26: 1 | L26: 0 | M26: Y
A27: Expert 04 | B27: SKU-6478 | C27: MOCK-450411 | D27: iPhone 17 | E27: 1 | F27: 0 | G27: 0 | H27: 0 | I27: 0 | J27: 15 | K27: 1 | L27: 2.85 | M27: Y
A28: Expert 06 | B28: SKU-6980 | C28: MOCK-140178 | D28: Apple Watch SE | E28: 1 | F28: 0 | G28: 0 | H28: 0 | I28: 0 | J28: 16 | K28: 1 | L28: 0 | M28: Y
... A37: Expert 01 | B37: SKU-8450 | C37: MOCK-980343 | D37: Accessory Only | E37: 0 | F37: 0 | G37: 0 | H37: 0 | I37: 0 | J37: 24 | K37: 0 | L37: 0 | M37: Y

Sheet 14
A1: Day 14 — Daily Entry
A2: MOCK DATA — generated for portfolio use. No real employees, customers, device identifiers, or store numbers appear in this file.
A3: ME | B3: SKU (mock) | C3: IMEI / SIM (mock) | D3: Device | E3: Acts | F3: Pre | G3: TFB | H3: BTS | I3: Hint | J3: VAF $ | K3: Devices | L3: Acc $ | M3: Complete | P3: Mobile Expert | Q3: Acts | R3: Pre | S3: TFB | T3: BTS | U3: Hint | V3: VAF $ | W3: Devices | X3: Acc $
A4: Expert 05 | B4: SKU-1785 | C4: MOCK-630432 | D4: iPad (11th Gen) | E4: 1 | F4: 0 | G4: 0 | H4: 0 | I4: 0 | J4: 24 | K4: 1 | L4: 69.91 | M4: Y | P4: =Setup!$A$4 -> Expert 01 | Q4: =SUMIF($A$4:$A$43,$P4,E$4:E$43) -> 2 | R4: =SUMIF($A$4:$A$43,$P4,F$4:F$43) -> 0 | S4: =SUMIF($A$4:$A$43,$P4,G$4:G$43) -> 0 | T4: =SUMIF($A$4:$A$43,$P4,H$4:H$43) -> 0 | U4: =SUMIF($A$4:$A$43,$P4,I$4:I$43) -> 0 | V4: =SUMIF($A$4:$A$43,$P4,J$4:J$43) -> 15 | W4: =SUMIF($A$4:$A$43,$P4,K$4:K$43) -> 2 | X4: =SUMIF($A$4:$A$43,$P4,L$4:L$43) -> 147.02
A5: Expert 08 | B5: SKU-1818 | C5: MOCK-503434 | D5: Apple Watch SE | E5: 1 | F5: 0 | G5: 0 | H5: 0 | I5: 0 | J5: 15 | K5: 1 | L5: 0 | M5: Y | P5: =Setup!$A$5 -> Expert 02 | Q5: =SUMIF($A$4:$A$43,$P5,E$4:E$43) -> 1 | R5: =SUMIF($A$4:$A$43,$P5,F$4:F$43) -> 0 | S5: =SUMIF($A$4:$A$43,$P5,G$4:G$43) -> 0 | T5: =SUMIF($A$4:$A$43,$P5,H$4:H$43) -> 0 | U5: =SUMIF($A$4:$A$43,$P5,I$4:I$43) -> 1 | V5: =SUMIF($A$4:$A$43,$P5,J$4:J$43) -> 48 | W5: =SUMIF($A$4:$A$43,$P5,K$4:K$43) -> 1 | X5: =SUMIF($A$4:$A$43,$P5,L$4:L$43) -> 249.4
A6: Expert 05 | B6: SKU-1959 | C6: MOCK-828432 | D6: moto g power | E6: 0 | F6: 0 | G6: 0 | H6: 0 | I6: 0 | J6: 0 | K6: 1 | L6: 22.82 | M6: Y | P6: =Setup!$A$6 -> Expert 03 | Q6: =SUMIF($A$4:$A$43,$P6,E$4:E$43) -> 0 | R6: =SUMIF($A$4:$A$43,$P6,F$4:F$43) -> 1 | S6: =SUMIF($A$4:$A$43,$P6,G$4:G$43) -> 0 | T6: =SUMIF($A$4:$A$43,$P6,H$4:H$43) -> 0 | U6: =SUMIF($A$4:$A$43,$P6,I$4:I$43) -> 0 | V6: =SUMIF($A$4:$A$43,$P6,J$4:J$43) -> 0 | W6: =SUMIF($A$4:$A$43,$P6,K$4:K$43) -> 1 | X6: =SUMIF($A$4:$A$43,$P6,L$4:L$43) -> 136.56
A7: Expert 05 | B7: SKU-6223 | C7: MOCK-610158 | D7: SIM Only | E7: 1 | F7: 0 | G7: 0 | H7: 0 | I7: 0 | J7: 0 | K7: 0 | L7: 150.01 | M7: N | P7: =Setup!$A$7 -> Expert 04 | Q7: =SUMIF($A$4:$A$43,$P7,E$4:E$43) -> 3 | R7: =SUMIF($A$4:$A$43,$P7,F$4:F$43) -> 0 | S7: =SUMIF($A$4:$A$43,$P7,G$4:G$43) -> 0 | T7: =SUMIF($A$4:$A$43,$P7,H$4:H$43) -> 0 | U7: =SUMIF($A$4:$A$43,$P7,I$4:I$43) -> 0 | V7: =SUMIF($A$4:$A$43,$P7,J$4:J$43) -> 69 | W7: =SUMIF($A$4:$A$43,$P7,K$4:K$43) -> 6 | X7: =SUMIF($A$4:$A$43,$P7,L$4:L$43) -> 469.85
A8: Expert 01 | B8: SKU-4188 | C8: MOCK-793892 | D8: Galaxy S26 | E8: 1 | F8: 0 | G8: 0 | H8: 0 | I8: 0 | J8: 15 | K8: 1 | L8: 0 | M8: Y | P8: =Setup!$A$8 -> Expert 05 | Q8: =SUMIF($A$4:$A$43,$P8,E$4:E$43) -> 3 | R8: =SUMIF($A$4:$A$43,$P8,F$4:F$43) -> 0 | S8: =SUMIF($A$4:$A$43,$P8,G$4:G$43) -> 0 | T8: =SUMIF($A$4:$A$43,$P8,H$4:H$43) -> 0 | U8: =SUMIF($A$4:$A$43,$P8,I$4:I$43) -> 1 | V8: =SUMIF($A$4:$A$43,$P8,J$4:J$43) -> 40 | W8: =SUMIF($A$4:$A$43,$P8,K$4:K$43) -> 4 | X8: =SUMIF($A$4:$A$43,$P8,L$4:L$43) -> 258.03
A9: Expert 06 | B9: SKU-9524 | C9: MOCK-988932 | D9: Galaxy Z Flip 7 | E9: 1 | F9: 0 | G9: 0 | H9: 0 | I9: 0 | J9: 0 | K9: 1 | L9: 0 | M9: Y | P9: =Setup!$A$9 -> Expert 06 | Q9: =SUMIF($A$4:$A$43,$P9,E$4:E$43) -> 2 | R9: =SUMIF($A$4:$A$43,$P9,F$4:F$43) -> 0 | S9: =SUMIF($A$4:$A$43,$P9,G$4:G$43) -> 0 | T9: =SUMIF($A$4:$A$43,$P9,H$4:H$43) -> 0 | U9: =SUMIF($A$4:$A$43,$P9,I$4:I$43) -> 0 | V9: =SUMIF($A$4:$A$43,$P9,J$4:J$43) -> 0 | W9: =SUMIF($A$4:$A$43,$P9,K$4:K$43) -> 2 | X9: =SUMIF($A$4:$A$43,$P9,L$4:L$43) -> 32.76
A10: Expert 07 | B10: SKU-7095 | C10: MOCK-609948 | D10: Pixel 10 | E10: 0 | F10: 0 | G10: 1 | H10: 0 | I10: 0 | J10: 16 | K10: 1 | L10: 84.82 | M10: Y | P10: =Setup!$A$10 -> Expert 07 | Q10: =SUMIF($A$4:$A$43,$P10,E$4:E$43) -> 0 | R10: =SUMIF($A$4:$A$43,$P10,F$4:F$43) -> 0 | S10: =SUMIF($A$4:$A$43,$P10,G$4:G$43) -> 1 | T10: =SUMIF($A$4:$A$43,$P10,H$4:H$43) -> 0 | U10: =SUMIF($A$4:$A$43,$P10,I$4:I$43) -> 0 | V10: =SUMIF($A$4:$A$43,$P10,J$4:J$43) -> 16 | W10: =SUMIF($A$4:$A$43,$P10,K$4:K$43) -> 1 | X10: =SUMIF($A$4:$A$43,$P10,L$4:L$43) -> 84.82
A11: Expert 10 | B11: SKU-3108 | C11: MOCK-868902 | D11: BYOD | E11: 0 | F11: 0 | G11: 0 | H11: 0 | I11: 0 | J11: 18 | K11: 0 | L11: 103.72 | M11: Y | P11: =Setup!$A$11 -> Expert 08 | Q11: =SUMIF($A$4:$A$43,$P11,E$4:E$43) -> 3 | R11: =SUMIF($A$4:$A$43,$P11,F$4:F$43) -> 0 | S11: =SUMIF($A$4:$A$43,$P11,G$4:G$43) -> 0 | T11: =SUMIF($A$4:$A$43,$P11,H$4:H$43) -> 1 | U11: =SUMIF($A$4:$A$43,$P11,I$4:I$43) -> 0 | V11: =SUMIF($A$4:$A$43,$P11,J$4:J$43) -> 48 | W11: =SUMIF($A$4:$A$43,$P11,K$4:K$43) -> 3 | X11: =SUMIF($A$4:$A$43,$P11,L$4:L$43) -> 0
A12: Expert 03 | B12: SKU-7377 | C12: MOCK-566374 | D12: Pixel 10 Pro | E12: 0 | F12: 1 | G12: 0 | H12: 0 | I12: 0 | J12: 0 | K12: 1 | L12: 136.56 | M12: Y | P12: =Setup!$A$12 -> Expert 09 | Q12: =SUMIF($A$4:$A$43,$P12,E$4:E$43) -> 1 | R12: =SUMIF($A$4:$A$43,$P12,F$4:F$43) -> 0 | S12: =SUMIF($A$4:$A$43,$P12,G$4:G$43) -> 0 | T12: =SUMIF($A$4:$A$43,$P12,H$4:H$43) -> 0 | U12: =SUMIF($A$4:$A$43,$P12,I$4:I$43) -> 0 | V12: =SUMIF($A$4:$A$43,$P12,J$4:J$43) -> 0 | W12: =SUMIF($A$4:$A$43,$P12,K$4:K$43) -> 2 | X12: =SUMIF($A$4:$A$43,$P12,L$4:L$43) -> 153.11
A13: Expert 06 | B13: SKU-9744 | C13: MOCK-737460 | D13: Pixel 10a | E13: 1 | F13: 0 | G13: 0 | H13: 0 | I13: 0 | J13: 0 | K13: 1 | L13: 32.76 | M13: Y | P13: =Setup!$A$13 -> Expert 10 | Q13: =SUMIF($A$4:$A$43,$P13,E$4:E$43) -> 0 | R13: =SUMIF($A$4:$A$43,$P13,F$4:F$43) -> 1 | S13: =SUMIF($A$4:$A$43,$P13,G$4:G$43) -> 0 | T13: =SUMIF($A$4:$A$43,$P13,H$4:H$43) -> 0 | U13: =SUMIF($A$4:$A$43,$P13,I$4:I$43) -> 0 | V13: =SUMIF($A$4:$A$43,$P13,J$4:J$43) -> 51 | W13: =SUMIF($A$4:$A$43,$P13,K$4:K$43) -> 1 | X13: =SUMIF($A$4:$A$43,$P13,L$4:L$43) -> 280.14
A14: Expert 05 | B14: SKU-9234 | C14: MOCK-989243 | D14: 5G Home Internet Gateway | E14: 0 | F14: 0 | G14: 0 | H14: 0 | I14: 1 | J14: 0 | K14: 0 | L14: 0 | M14: Y | P14: =Setup!$A$14 -> Expert 11 | Q14: =SUMIF($A$4:$A$43,$P14,E$4:E$43) -> 0 | R14: =SUMIF($A$4:$A$43,$P14,F$4:F$43) -> 1 | S14: =SUMIF($A$4:$A$43,$P14,G$4:G$43) -> 1 | T14: =SUMIF($A$4:$A$43,$P14,H$4:H$43) -> 1 | U14: =SUMIF($A$4:$A$43,$P14,I$4:I$43) -> 0 | V14: =SUMIF($A$4:$A$43,$P14,J$4:J$43) -> 15 | W14: =SUMIF($A$4:$A$43,$P14,K$4:K$43) -> 1 | X14: =SUMIF($A$4:$A$43,$P14,L$4:L$43) -> 0
A15: Expert 02 | B15: SKU-2301 | C15: MOCK-220927 | D15: Galaxy S26 Ultra | E15: 1 | F15: 0 | G15: 0 | H15: 0 | I15: 0 | J15: 33 | K15: 1 | L15: 100.37 | M15: Y | P15: =Setup!$A$15 -> Expert 12 | Q15: =SUMIF($A$4:$A$43,$P15,E$4:E$43) -> 1 | R15: =SUMIF($A$4:$A$43,$P15,F$4:F$43) -> 1 | S15: =SUMIF($A$4:$A$43,$P15,G$4:G$43) -> 0 | T15: =SUMIF($A$4:$A$43,$P15,H$4:H$43) -> 0 | U15: =SUMIF($A$4:$A$43,$P15,I$4:I$43) -> 0 | V15: =SUMIF($A$4:$A$43,$P15,J$4:J$43) -> 15 | W15: =SUMIF($A$4:$A$43,$P15,K$4:K$43) -> 2 | X15: =SUMIF($A$4:$A$43,$P15,L$4:L$43) -> 0
A16: Expert 04 | B16: SKU-3778 | C16: MOCK-486963 | D16: Apple Watch Series 11 | E16: 0 | F16: 0 | G16: 0 | H16: 0 | I16: 0 | J16: 15 | K16: 1 | L16: 0 | M16: Y | P16: STORE TOTAL | Q16: =SUM(Q4:Q15) -> 16 | R16: =SUM(R4:R15) -> 4 | S16: =SUM(S4:S15) -> 2 | T16: =SUM(T4:T15) -> 2 | U16: =SUM(U4:U15) -> 2 | V16: =SUM(V4:V15) -> 317 | W16: =SUM(W4:W15) -> 26 | X16: =SUM(X4:X15) -> 1811.69
A17: Expert 10 | B17: SKU-9172 | C17: MOCK-828328 | D17: Galaxy A37 | E17: 0 | F17: 1 | G17: 0 | H17: 0 | I17: 0 | J17: 33 | K17: 1 | L17: 176.42 | M17: N
A18: Expert 12 | B18: SKU-4743 | C18: MOCK-704663 | D18: Galaxy A17 | E18: 1 | F18: 0 | G18: 0 | H18: 0 | I18: 0 | J18: 15 | K18: 1 | L18: 0 | M18: Y
A19: Expert 02 | B19: SKU-9184 | C19: MOCK-565959 | D19: 5G Hotspot | E19: 0 | F19: 0 | G19: 0 | H19: 0 | I19: 1 | J19: 15 | K19: 0 | L19: 149.03 | M19: Y
A20: Expert 04 | B20: SKU-4729 | C20: MOCK-584311 | D20: Apple Watch Ultra 3 | E20: 0 | F20: 0 | G20: 0 | H20: 0 | I20: 0 | J20: 15 | K20: 1 | L20: 110.07 | M20: Y
A21: Expert 05 | B21: SKU-4067 | C21: MOCK-695982 | D21: Galaxy S26 Ultra | E21: 0 | F21: 0 | G21: 0 | H21: 0 | I21: 0 | J21: 16 | K21: 1 | L21: 15.29 | M21: N
A22: Expert 04 | B22: SKU-5720 | C22: MOCK-432138 | D22: Pixel 10 | E22: 1 | F22: 0 | G22: 0 | H22: 0 | I22: 0 | J22: 0 | K22: 1 | L22: 64.61 | M22: N
A23: Expert 09 | B23: SKU-9691 | C23: MOCK-661183 | D23: Pixel 10 | E23: 1 | F23: 0 | G23: 0 | H23: 0 | I23: 0 | J23: 0 | K23: 1 | L23: 153.11 | M23: Y
A24: Expert 04 | B24: SKU-2389 | C24: MOCK-571279 | D24: Galaxy S26 Ultra | E24: 0 | F24: 0 | G24: 0 | H24: 0 | I24: 0 | J24: 0 | K24: 1 | L24: 157.2 | M24: Y
A25: Expert 05 | B25: SKU-1554 | C25: MOCK-186141 | D25: Apple Watch SE | E25: 1 | F25: 0 | G25: 0 | H25: 0 | I25: 0 | J25: 0 | K25: 1 | L25: 0 | M25: Y
A26: Expert 04 | B26: SKU-3063 | C26: MOCK-426040 | D26: moto g power | E26: 1 | F26: 0 | G26: 0 | H26: 0 | I26: 0 | J26: 24 | K26: 1 | L26: 24.92 | M26: Y
A27: Expert 11 | B27: SKU-1977 | C27: MOCK-435181 | D27: Galaxy A17 | E27: 0 | F27: 1 | G27: 1 | H27: 1 | I27: 0 | J27: 15 | K27: 1 | L27: 0 | M27: N
A28: Expert 08 | B28: SKU-2190 | C28: MOCK-441054 | D28: Galaxy S26+ | E28: 1 | F28: 0 | G28: 0 | H28: 1 | I28: 0 | J28: 0 | K28: 1 | L28: 0 | M28: Y
... A34: Expert 04 | B34: SKU-3209 | C34: MOCK-279086 | D34: SIM Only | E34: 1 | F34: 0 | G34: 0 | H34: 0 | I34: 0 | J34: 0 | K34: 0 | L34: 113.05 | M34: Y

Sheet 15
A1: Day 15 — Daily Entry
A2: MOCK DATA — generated for portfolio use. No real employees, customers, device identifiers, or store numbers appear in this file.
A3: ME | B3: SKU (mock) | C3: IMEI / SIM (mock) | D3: Device | E3: Acts | F3: Pre | G3: TFB | H3: BTS | I3: Hint | J3: VAF $ | K3: Devices | L3: Acc $ | M3: Complete | P3: Mobile Expert | Q3: Acts | R3: Pre | S3: TFB | T3: BTS | U3: Hint | V3: VAF $ | W3: Devices | X3: Acc $
A4: Expert 06 | B4: SKU-6897 | C4: MOCK-997926 | D4: iPhone 17 Pro Max | E4: 0 | F4: 1 | G4: 0 | H4: 0 | I4: 0 | J4: 0 | K4: 1 | L4: 0 | M4: Y | P4: =Setup!$A$4 -> Expert 01 | Q4: =SUMIF($A$4:$A$43,$P4,E$4:E$43) -> 1 | R4: =SUMIF($A$4:$A$43,$P4,F$4:F$43) -> 0 | S4: =SUMIF($A$4:$A$43,$P4,G$4:G$43) -> 0 | T4: =SUMIF($A$4:$A$43,$P4,H$4:H$43) -> 0 | U4: =SUMIF($A$4:$A$43,$P4,I$4:I$43) -> 0 | V4: =SUMIF($A$4:$A$43,$P4,J$4:J$43) -> 16 | W4: =SUMIF($A$4:$A$43,$P4,K$4:K$43) -> 1 | X4: =SUMIF($A$4:$A$43,$P4,L$4:L$43) -> 0
A5: Expert 10 | B5: SKU-9234 | C5: MOCK-194772 | D5: iPhone 17 | E5: 0 | F5: 1 | G5: 0 | H5: 0 | I5: 0 | J5: 15 | K5: 1 | L5: 115.69 | M5: Y | P5: =Setup!$A$5 -> Expert 02 | Q5: =SUMIF($A$4:$A$43,$P5,E$4:E$43) -> 2 | R5: =SUMIF($A$4:$A$43,$P5,F$4:F$43) -> 0 | S5: =SUMIF($A$4:$A$43,$P5,G$4:G$43) -> 1 | T5: =SUMIF($A$4:$A$43,$P5,H$4:H$43) -> 0 | U5: =SUMIF($A$4:$A$43,$P5,I$4:I$43) -> 0 | V5: =SUMIF($A$4:$A$43,$P5,J$4:J$43) -> 18 | W5: =SUMIF($A$4:$A$43,$P5,K$4:K$43) -> 3 | X5: =SUMIF($A$4:$A$43,$P5,L$4:L$43) -> 0
A6: Expert 02 | B6: SKU-4212 | C6: MOCK-190138 | D6: Apple Watch Series 11 | E6: 0 | F6: 0 | G6: 1 | H6: 0 | I6: 0 | J6: 18 | K6: 1 | L6: 0 | M6: Y | P6: =Setup!$A$6 -> Expert 03 | Q6: =SUMIF($A$4:$A$43,$P6,E$4:E$43) -> 1 | R6: =SUMIF($A$4:$A$43,$P6,F$4:F$43) -> 0 | S6: =SUMIF($A$4:$A$43,$P6,G$4:G$43) -> 0 | T6: =SUMIF($A$4:$A$43,$P6,H$4:H$43) -> 0 | U6: =SUMIF($A$4:$A$43,$P6,I$4:I$43) -> 0 | V6: =SUMIF($A$4:$A$43,$P6,J$4:J$43) -> 0 | W6: =SUMIF($A$4:$A$43,$P6,K$4:K$43) -> 1 | X6: =SUMIF($A$4:$A$43,$P6,L$4:L$43) -> 158.38
A7: Expert 12 | B7: SKU-9376 | C7: MOCK-494731 | D7: Galaxy Watch 8 | E7: 1 | F7: 0 | G7: 0 | H7: 0 | I7: 0 | J7: 0 | K7: 1 | L7: 56.37 | M7: Y | P7: =Setup!$A$7 -> Expert 04 | Q7: =SUMIF($A$4:$A$43,$P7,E$4:E$43) -> 1 | R7: =SUMIF($A$4:$A$43,$P7,F$4:F$43) -> 1 | S7: =SUMIF($A$4:$A$43,$P7,G$4:G$43) -> 1 | T7: =SUMIF($A$4:$A$43,$P7,H$4:H$43) -> 0 | U7: =SUMIF($A$4:$A$43,$P7,I$4:I$43) -> 1 | V7: =SUMIF($A$4:$A$43,$P7,J$4:J$43) -> 33 | W7: =SUMIF($A$4:$A$43,$P7,K$4:K$43) -> 2 | X7: =SUMIF($A$4:$A$43,$P7,L$4:L$43) -> 73.48
A8: Expert 09 | B8: SKU-4951 | C8: MOCK-767154 | D8: Galaxy Z Flip 7 | E8: 0 | F8: 0 | G8: 0 | H8: 0 | I8: 0 | J8: 33 | K8: 1 | L8: 105.03 | M8: Y | P8: =Setup!$A$8 -> Expert 05 | Q8: =SUMIF($A$4:$A$43,$P8,E$4:E$43) -> 0 | R8: =SUMIF($A$4:$A$43,$P8,F$4:F$43) -> 0 | S8: =SUMIF($A$4:$A$43,$P8,G$4:G$43) -> 0 | T8: =SUMIF($A$4:$A$43,$P8,H$4:H$43) -> 0 | U8: =SUMIF($A$4:$A$43,$P8,I$4:I$43) -> 0 | V8: =SUMIF($A$4:$A$43,$P8,J$4:J$43) -> 0 | W8: =SUMIF($A$4:$A$43,$P8,K$4:K$43) -> 1 | X8: =SUMIF($A$4:$A$43,$P8,L$4:L$43) -> 0
A9: Expert 02 | B9: SKU-4029 | C9: MOCK-604063 | D9: iPhone 17 | E9: 1 | F9: 0 | G9: 0 | H9: 0 | I9: 0 | J9: 0 | K9: 1 | L9: 0 | M9: Y | P9: =Setup!$A$9 -> Expert 06 | Q9: =SUMIF($A$4:$A$43,$P9,E$4:E$43) -> 0 | R9: =SUMIF($A$4:$A$43,$P9,F$4:F$43) -> 1 | S9: =SUMIF($A$4:$A$43,$P9,G$4:G$43) -> 0 | T9: =SUMIF($A$4:$A$43,$P9,H$4:H$43) -> 0 | U9: =SUMIF($A$4:$A$43,$P9,I$4:I$43) -> 0 | V9: =SUMIF($A$4:$A$43,$P9,J$4:J$43) -> 0 | W9: =SUMIF($A$4:$A$43,$P9,K$4:K$43) -> 1 | X9: =SUMIF($A$4:$A$43,$P9,L$4:L$43) -> 0
A10: Expert 04 | B10: SKU-2202 | C10: MOCK-307250 | D10: moto g power | E10: 1 | F10: 0 | G10: 0 | H10: 0 | I10: 0 | J10: 0 | K10: 1 | L10: 31 | M10: Y | P10: =Setup!$A$10 -> Expert 07 | Q10: =SUMIF($A$4:$A$43,$P10,E$4:E$43) -> 0 | R10: =SUMIF($A$4:$A$43,$P10,F$4:F$43) -> 0 | S10: =SUMIF($A$4:$A$43,$P10,G$4:G$43) -> 0 | T10: =SUMIF($A$4:$A$43,$P10,H$4:H$43) -> 0 | U10: =SUMIF($A$4:$A$43,$P10,I$4:I$43) -> 0 | V10: =SUMIF($A$4:$A$43,$P10,J$4:J$43) -> 0 | W10: =SUMIF($A$4:$A$43,$P10,K$4:K$43) -> 1 | X10: =SUMIF($A$4:$A$43,$P10,L$4:L$43) -> 0
A11: Expert 09 | B11: SKU-6133 | C11: MOCK-691906 | D11: Galaxy Z Flip 7 | E11: 0 | F11: 0 | G11: 0 | H11: 0 | I11: 0 | J11: 18 | K11: 1 | L11: 0 | M11: Y | P11: =Setup!$A$11 -> Expert 08 | Q11: =SUMIF($A$4:$A$43,$P11,E$4:E$43) -> 0 | R11: =SUMIF($A$4:$A$43,$P11,F$4:F$43) -> 1 | S11: =SUMIF($A$4:$A$43,$P11,G$4:G$43) -> 0 | T11: =SUMIF($A$4:$A$43,$P11,H$4:H$43) -> 0 | U11: =SUMIF($A$4:$A$43,$P11,I$4:I$43) -> 1 | V11: =SUMIF($A$4:$A$43,$P11,J$4:J$43) -> 31 | W11: =SUMIF($A$4:$A$43,$P11,K$4:K$43) -> 3 | X11: =SUMIF($A$4:$A$43,$P11,L$4:L$43) -> 163.7
A12: Expert 07 | B12: SKU-2954 | C12: MOCK-669392 | D12: Galaxy Tab A11 | E12: 0 | F12: 0 | G12: 0 | H12: 0 | I12: 0 | J12: 0 | K12: 1 | L12: 0 | M12: N | P12: =Setup!$A$12 -> Expert 09 | Q12: =SUMIF($A$4:$A$43,$P12,E$4:E$43) -> 1 | R12: =SUMIF($A$4:$A$43,$P12,F$4:F$43) -> 0 | S12: =SUMIF($A$4:$A$43,$P12,G$4:G$43) -> 0 | T12: =SUMIF($A$4:$A$43,$P12,H$4:H$43) -> 0 | U12: =SUMIF($A$4:$A$43,$P12,I$4:I$43) -> 0 | V12: =SUMIF($A$4:$A$43,$P12,J$4:J$43) -> 51 | W12: =SUMIF($A$4:$A$43,$P12,K$4:K$43) -> 3 | X12: =SUMIF($A$4:$A$43,$P12,L$4:L$43) -> 251.16
A13: Expert 05 | B13: SKU-7372 | C13: MOCK-931489 | D13: Pixel 10a | E13: 0 | F13: 0 | G13: 0 | H13: 0 | I13: 0 | J13: 0 | K13: 1 | L13: 0 | M13: Y | P13: =Setup!$A$13 -> Expert 10 | Q13: =SUMIF($A$4:$A$43,$P13,E$4:E$43) -> 0 | R13: =SUMIF($A$4:$A$43,$P13,F$4:F$43) -> 1 | S13: =SUMIF($A$4:$A$43,$P13,G$4:G$43) -> 0 | T13: =SUMIF($A$4:$A$43,$P13,H$4:H$43) -> 0 | U13: =SUMIF($A$4:$A$43,$P13,I$4:I$43) -> 0 | V13: =SUMIF($A$4:$A$43,$P13,J$4:J$43) -> 15 | W13: =SUMIF($A$4:$A$43,$P13,K$4:K$43) -> 1 | X13: =SUMIF($A$4:$A$43,$P13,L$4:L$43) -> 115.69
A14: Expert 02 | B14: SKU-9873 | C14: MOCK-836384 | D14: Apple Watch Series 11 | E14: 1 | F14: 0 | G14: 0 | H14: 0 | I14: 0 | J14: 0 | K14: 1 | L14: 0 | M14: Y | P14: =Setup!$A$14 -> Expert 11 | Q14: =SUMIF($A$4:$A$43,$P14,E$4:E$43) -> 2 | R14: =SUMIF($A$4:$A$43,$P14,F$4:F$43) -> 0 | S14: =SUMIF($A$4:$A$43,$P14,G$4:G$43) -> 0 | T14: =SUMIF($A$4:$A$43,$P14,H$4:H$43) -> 0 | U14: =SUMIF($A$4:$A$43,$P14,I$4:I$43) -> 0 | V14: =SUMIF($A$4:$A$43,$P14,J$4:J$43) -> 60 | W14: =SUMIF($A$4:$A$43,$P14,K$4:K$43) -> 3 | X14: =SUMIF($A$4:$A$43,$P14,L$4:L$43) -> 469.72
A15: Expert 12 | B15: SKU-3697 | C15: MOCK-628783 | D15: SIM Only | E15: 1 | F15: 0 | G15: 0 | H15: 1 | I15: 0 | J15: 0 | K15: 0 | L15: 168.7 | M15: Y | P15: =Setup!$A$15 -> Expert 12 | Q15: =SUMIF($A$4:$A$43,$P15,E$4:E$43) -> 2 | R15: =SUMIF($A$4:$A$43,$P15,F$4:F$43) -> 1 | S15: =SUMIF($A$4:$A$43,$P15,G$4:G$43) -> 0 | T15: =SUMIF($A$4:$A$43,$P15,H$4:H$43) -> 1 | U15: =SUMIF($A$4:$A$43,$P15,I$4:I$43) -> 0 | V15: =SUMIF($A$4:$A$43,$P15,J$4:J$43) -> 24 | W15: =SUMIF($A$4:$A$43,$P15,K$4:K$43) -> 2 | X15: =SUMIF($A$4:$A$43,$P15,L$4:L$43) -> 271.66
A16: Expert 09 | B16: SKU-7262 | C16: MOCK-519504 | D16: iPhone 17 Pro | E16: 1 | F16: 0 | G16: 0 | H16: 0 | I16: 0 | J16: 0 | K16: 1 | L16: 146.13 | M16: Y | P16: STORE TOTAL | Q16: =SUM(Q4:Q15) -> 10 | R16: =SUM(R4:R15) -> 5 | S16: =SUM(S4:S15) -> 2 | T16: =SUM(T4:T15) -> 1 | U16: =SUM(U4:U15) -> 2 | V16: =SUM(V4:V15) -> 248 | W16: =SUM(W4:W15) -> 22 | X16: =SUM(X4:X15) -> 1503.79
A17: Expert 08 | B17: SKU-3324 | C17: MOCK-269783 | D17: 5G Hotspot | E17: 0 | F17: 1 | G17: 0 | H17: 0 | I17: 1 | J17: 0 | K17: 0 | L17: 0 | M17: Y
A18: Expert 08 | B18: SKU-5887 | C18: MOCK-629828 | D18: Galaxy Watch 8 | E18: 0 | F18: 0 | G18: 0 | H18: 0 | I18: 0 | J18: 0 | K18: 1 | L18: 0 | M18: Y
A19: Expert 08 | B19: SKU-5434 | C19: MOCK-196435 | D19: Galaxy S26 Ultra | E19: 0 | F19: 0 | G19: 0 | H19: 0 | I19: 0 | J19: 16 | K19: 1 | L19: 0 | M19: Y
A20: Expert 11 | B20: SKU-1892 | C20: MOCK-695214 | D20: Accessory Only | E20: 0 | F20: 0 | G20: 0 | H20: 0 | I20: 0 | J20: 18 | K20: 0 | L20: 176.34 | M20: Y
A21: Expert 04 | B21: SKU-6977 | C21: MOCK-509064 | D21: 5G Home Internet Gateway | E21: 0 | F21: 0 | G21: 1 | H21: 0 | I21: 1 | J21: 0 | K21: 0 | L21: 0 | M21: Y
A22: Expert 11 | B22: SKU-8898 | C22: MOCK-523682 | D22: Apple Watch SE | E22: 0 | F22: 0 | G22: 0 | H22: 0 | I22: 0 | J22: 24 | K22: 1 | L22: 124.71 | M22: Y
A23: Expert 12 | B23: SKU-3559 | C23: MOCK-464399 | D23: Apple Watch SE | E23: 0 | F23: 1 | G23: 0 | H23: 0 | I23: 0 | J23: 24 | K23: 1 | L23: 46.59 | M23: Y
A24: Expert 11 | B24: SKU-7382 | C24: MOCK-735407 | D24: moto g power | E24: 1 | F24: 0 | G24: 0 | H24: 0 | I24: 0 | J24: 0 | K24: 1 | L24: 90.22 | M24: Y
A25: Expert 01 | B25: SKU-6835 | C25: MOCK-148884 | D25: Galaxy Watch 8 | E25: 1 | F25: 0 | G25: 0 | H25: 0 | I25: 0 | J25: 16 | K25: 1 | L25: 0 | M25: Y
A26: Expert 03 | B26: SKU-8869 | C26: MOCK-170670 | D26: iPhone 17 Pro | E26: 1 | F26: 0 | G26: 0 | H26: 0 | I26: 0 | J26: 0 | K26: 1 | L26: 158.38 | M26: Y
A27: Expert 11 | B27: SKU-1556 | C27: MOCK-354152 | D27: Apple Watch SE | E27: 1 | F27: 0 | G27: 0 | H27: 0 | I27: 0 | J27: 18 | K27: 1 | L27: 78.45 | M27: Y
A28: Expert 08 | B28: SKU-9073 | C28: MOCK-396199 | D28: Galaxy S26 | E28: 0 | F28: 0 | G28: 0 | H28: 0 | I28: 0 | J28: 15 | K28: 1 | L28: 163.7 | M28: Y
A29: Expert 04 | B29: SKU-4287 | C29: MOCK-519144 | D29: Pixel 10a | E29: 0 | F29: 1 | G29: 0 | H29: 0 | I29: 0 | J29: 33 | K29: 1 | L29: 42.48 | M29: Y

Sheet 16
A1: Day 16 — Daily Entry
A2: MOCK DATA — generated for portfolio use. No real employees, customers, device identifiers, or store numbers appear in this file.
A3: ME | B3: SKU (mock) | C3: IMEI / SIM (mock) | D3: Device | E3: Acts | F3: Pre | G3: TFB | H3: BTS | I3: Hint | J3: VAF $ | K3: Devices | L3: Acc $ | M3: Complete | P3: Mobile Expert | Q3: Acts | R3: Pre | S3: TFB | T3: BTS | U3: Hint | V3: VAF $ | W3: Devices | X3: Acc $
A4: Expert 01 | B4: SKU-7121 | C4: MOCK-865934 | D4: SIM Only | E4: 1 | F4: 0 | G4: 1 | H4: 0 | I4: 0 | J4: 0 | K4: 0 | L4: 0 | M4: Y | P4: =Setup!$A$4 -> Expert 01 | Q4: =SUMIF($A$4:$A$43,$P4,E$4:E$43) -> 3 | R4: =SUMIF($A$4:$A$43,$P4,F$4:F$43) -> 1 | S4: =SUMIF($A$4:$A$43,$P4,G$4:G$43) -> 1 | T4: =SUMIF($A$4:$A$43,$P4,H$4:H$43) -> 0 | U4: =SUMIF($A$4:$A$43,$P4,I$4:I$43) -> 0 | V4: =SUMIF($A$4:$A$43,$P4,J$4:J$43) -> 39 | W4: =SUMIF($A$4:$A$43,$P4,K$4:K$43) -> 3 | X4: =SUMIF($A$4:$A$43,$P4,L$4:L$43) -> 28.09
A5: Expert 01 | B5: SKU-3254 | C5: MOCK-861199 | D5: Galaxy S26+ | E5: 1 | F5: 0 | G5: 0 | H5: 0 | I5: 0 | J5: 24 | K5: 1 | L5: 0 | M5: Y | P5: =Setup!$A$5 -> Expert 02 | Q5: =SUMIF($A$4:$A$43,$P5,E$4:E$43) -> 2 | R5: =SUMIF($A$4:$A$43,$P5,F$4:F$43) -> 0 | S5: =SUMIF($A$4:$A$43,$P5,G$4:G$43) -> 0 | T5: =SUMIF($A$4:$A$43,$P5,H$4:H$43) -> 0 | U5: =SUMIF($A$4:$A$43,$P5,I$4:I$43) -> 1 | V5: =SUMIF($A$4:$A$43,$P5,J$4:J$43) -> 0 | W5: =SUMIF($A$4:$A$43,$P5,K$4:K$43) -> 2 | X5: =SUMIF($A$4:$A$43,$P5,L$4:L$43) -> 0
A6: Expert 02 | B6: SKU-1071 | C6: MOCK-277006 | D6: 5G Home Internet Gateway | E6: 0 | F6: 0 | G6: 0 | H6: 0 | I6: 1 | J6: 0 | K6: 0 | L6: 0 | M6: N | P6: =Setup!$A$6 -> Expert 03 | Q6: =SUMIF($A$4:$A$43,$P6,E$4:E$43) -> 1 | R6: =SUMIF($A$4:$A$43,$P6,F$4:F$43) -> 1 | S6: =SUMIF($A$4:$A$43,$P6,G$4:G$43) -> 0 | T6: =SUMIF($A$4:$A$43,$P6,H$4:H$43) -> 0 | U6: =SUMIF($A$4:$A$43,$P6,I$4:I$43) -> 0 | V6: =SUMIF($A$4:$A$43,$P6,J$4:J$43) -> 33 | W6: =SUMIF($A$4:$A$43,$P6,K$4:K$43) -> 3 | X6: =SUMIF($A$4:$A$43,$P6,L$4:L$43) -> 165.28
A7: Expert 11 | B7: SKU-4047 | C7: MOCK-599697 | D7: Apple Watch Ultra 3 | E7: 1 | F7: 0 | G7: 0 | H7: 0 | I7: 0 | J7: 24 | K7: 1 | L7: 19.83 | M7: Y | P7: =Setup!$A$7 -> Expert 04 | Q7: =SUMIF($A$4:$A$43,$P7,E$4:E$43) -> 1 | R7: =SUMIF($A$4:$A$43,$P7,F$4:F$43) -> 0 | S7: =SUMIF($A$4:$A$43,$P7,G$4:G$43) -> 0 | T7: =SUMIF($A$4:$A$43,$P7,H$4:H$43) -> 0 | U7: =SUMIF($A$4:$A$43,$P7,I$4:I$43) -> 0 | V7: =SUMIF($A$4:$A$43,$P7,J$4:J$43) -> 0 | W7: =SUMIF($A$4:$A$43,$P7,K$4:K$43) -> 2 | X7: =SUMIF($A$4:$A$43,$P7,L$4:L$43) -> 139.45
A8: Expert 09 | B8: SKU-3381 | C8: MOCK-529587 | D8: Galaxy Z Flip 7 | E8: 1 | F8: 0 | G8: 0 | H8: 0 | I8: 0 | J8: 16 | K8: 1 | L8: 106.06 | M8: Y | P8: =Setup!$A$8 -> Expert 05 | Q8: =SUMIF($A$4:$A$43,$P8,E$4:E$43) -> 2 | R8: =SUMIF($A$4:$A$43,$P8,F$4:F$43) -> 0 | S8: =SUMIF($A$4:$A$43,$P8,G$4:G$43) -> 0 | T8: =SUMIF($A$4:$A$43,$P8,H$4:H$43) -> 0 | U8: =SUMIF($A$4:$A$43,$P8,I$4:I$43) -> 0 | V8: =SUMIF($A$4:$A$43,$P8,J$4:J$43) -> 24 | W8: =SUMIF($A$4:$A$43,$P8,K$4:K$43) -> 1 | X8: =SUMIF($A$4:$A$43,$P8,L$4:L$43) -> 195.76
A9: Expert 08 | B9: SKU-4331 | C9: MOCK-373554 | D9: Galaxy A17 | E9: 1 | F9: 0 | G9: 0 | H9: 1 | I9: 0 | J9: 0 | K9: 1 | L9: 58.07 | M9: Y | P9: =Setup!$A$9 -> Expert 06 | Q9: =SUMIF($A$4:$A$43,$P9,E$4:E$43) -> 1 | R9: =SUMIF($A$4:$A$43,$P9,F$4:F$43) -> 2 | S9: =SUMIF($A$4:$A$43,$P9,G$4:G$43) -> 0 | T9: =SUMIF($A$4:$A$43,$P9,H$4:H$43) -> 0 | U9: =SUMIF($A$4:$A$43,$P9,I$4:I$43) -> 1 | V9: =SUMIF($A$4:$A$43,$P9,J$4:J$43) -> 81 | W9: =SUMIF($A$4:$A$43,$P9,K$4:K$43) -> 5 | X9: =SUMIF($A$4:$A$43,$P9,L$4:L$43) -> 270.98
A10: Expert 12 | B10: SKU-2012 | C10: MOCK-530309 | D10: Galaxy S26+ | E10: 0 | F10: 0 | G10: 0 | H10: 0 | I10: 0 | J10: 15 | K10: 1 | L10: 124.07 | M10: Y | P10: =Setup!$A$10 -> Expert 07 | Q10: =SUMIF($A$4:$A$43,$P10,E$4:E$43) -> 0 | R10: =SUMIF($A$4:$A$43,$P10,F$4:F$43) -> 0 | S10: =SUMIF($A$4:$A$43,$P10,G$4:G$43) -> 0 | T10: =SUMIF($A$4:$A$43,$P10,H$4:H$43) -> 0 | U10: =SUMIF($A$4:$A$43,$P10,I$4:I$43) -> 0 | V10: =SUMIF($A$4:$A$43,$P10,J$4:J$43) -> 0 | W10: =SUMIF($A$4:$A$43,$P10,K$4:K$43) -> 0 | X10: =SUMIF($A$4:$A$43,$P10,L$4:L$43) -> 0
A11: Expert 01 | B11: SKU-4323 | C11: MOCK-452052 | D11: Galaxy A37 | E11: 0 | F11: 1 | G11: 0 | H11: 0 | I11: 0 | J11: 0 | K11: 1 | L11: 28.09 | M11: Y | P11: =Setup!$A$11 -> Expert 08 | Q11: =SUMIF($A$4:$A$43,$P11,E$4:E$43) -> 1 | R11: =SUMIF($A$4:$A$43,$P11,F$4:F$43) -> 0 | S11: =SUMIF($A$4:$A$43,$P11,G$4:G$43) -> 0 | T11: =SUMIF($A$4:$A$43,$P11,H$4:H$43) -> 1 | U11: =SUMIF($A$4:$A$43,$P11,I$4:I$43) -> 1 | V11: =SUMIF($A$4:$A$43,$P11,J$4:J$43) -> 15 | W11: =SUMIF($A$4:$A$43,$P11,K$4:K$43) -> 2 | X11: =SUMIF($A$4:$A$43,$P11,L$4:L$43) -> 215.61
A12: Expert 12 | B12: SKU-5940 | C12: MOCK-130081 | D12: iPhone 17 Pro | E12: 1 | F12: 0 | G12: 0 | H12: 0 | I12: 0 | J12: 33 | K12: 1 | L12: 0 | M12: Y | P12: =Setup!$A$12 -> Expert 09 | Q12: =SUMIF($A$4:$A$43,$P12,E$4:E$43) -> 1 | R12: =SUMIF($A$4:$A$43,$P12,F$4:F$43) -> 0 | S12: =SUMIF($A$4:$A$43,$P12,G$4:G$43) -> 0 | T12: =SUMIF($A$4:$A$43,$P12,H$4:H$43) -> 0 | U12: =SUMIF($A$4:$A$43,$P12,I$4:I$43) -> 0 | V12: =SUMIF($A$4:$A$43,$P12,J$4:J$43) -> 16 | W12: =SUMIF($A$4:$A$43,$P12,K$4:K$43) -> 2 | X12: =SUMIF($A$4:$A$43,$P12,L$4:L$43) -> 260.49
A13: Expert 06 | B13: SKU-9859 | C13: MOCK-915354 | D13: Apple Watch Ultra 3 | E13: 0 | F13: 0 | G13: 0 | H13: 0 | I13: 0 | J13: 15 | K13: 1 | L13: 127.29 | M13: Y | P13: =Setup!$A$13 -> Expert 10 | Q13: =SUMIF($A$4:$A$43,$P13,E$4:E$43) -> 0 | R13: =SUMIF($A$4:$A$43,$P13,F$4:F$43) -> 1 | S13: =SUMIF($A$4:$A$43,$P13,G$4:G$43) -> 0 | T13: =SUMIF($A$4:$A$43,$P13,H$4:H$43) -> 0 | U13: =SUMIF($A$4:$A$43,$P13,I$4:I$43) -> 0 | V13: =SUMIF($A$4:$A$43,$P13,J$4:J$43) -> 0 | W13: =SUMIF($A$4:$A$43,$P13,K$4:K$43) -> 1 | X13: =SUMIF($A$4:$A$43,$P13,L$4:L$43) -> 0
A14: Expert 06 | B14: SKU-2848 | C14: MOCK-246552 | D14: Pixel 10 | E14: 0 | F14: 0 | G14: 0 | H14: 0 | I14: 0 | J14: 24 | K14: 1 | L14: 50.06 | M14: Y | P14: =Setup!$A$14 -> Expert 11 | Q14: =SUMIF($A$4:$A$43,$P14,E$4:E$43) -> 2 | R14: =SUMIF($A$4:$A$43,$P14,F$4:F$43) -> 0 | S14: =SUMIF($A$4:$A$43,$P14,G$4:G$43) -> 0 | T14: =SUMIF($A$4:$A$43,$P14,H$4:H$43) -> 0 | U14: =SUMIF($A$4:$A$43,$P14,I$4:I$43) -> 0 | V14: =SUMIF($A$4:$A$43,$P14,J$4:J$43) -> 24 | W14: =SUMIF($A$4:$A$43,$P14,K$4:K$43) -> 2 | X14: =SUMIF($A$4:$A$43,$P14,L$4:L$43) -> 19.83
A15: Expert 03 | B15: SKU-1970 | C15: MOCK-508899 | D15: Apple Watch SE | E15: 1 | F15: 0 | G15: 0 | H15: 0 | I15: 0 | J15: 0 | K15: 1 | L15: 15.6 | M15: Y | P15: =Setup!$A$15 -> Expert 12 | Q15: =SUMIF($A$4:$A$43,$P15,E$4:E$43) -> 3 | R15: =SUMIF($A$4:$A$43,$P15,F$4:F$43) -> 0 | S15: =SUMIF($A$4:$A$43,$P15,G$4:G$43) -> 0 | T15: =SUMIF($A$4:$A$43,$P15,H$4:H$43) -> 0 | U15: =SUMIF($A$4:$A$43,$P15,I$4:I$43) -> 0 | V15: =SUMIF($A$4:$A$43,$P15,J$4:J$43) -> 72 | W15: =SUMIF($A$4:$A$43,$P15,K$4:K$43) -> 4 | X15: =SUMIF($A$4:$A$43,$P15,L$4:L$43) -> 162.55
A16: Expert 06 | B16: SKU-8948 | C16: MOCK-670495 | D16: Apple Watch Ultra 3 | E16: 0 | F16: 0 | G16: 0 | H16: 0 | I16: 0 | J16: 18 | K16: 1 | L16: 0 | M16: Y | P16: STORE TOTAL | Q16: =SUM(Q4:Q15) -> 17 | R16: =SUM(R4:R15) -> 5 | S16: =SUM(S4:S15) -> 1 | T16: =SUM(T4:T15) -> 1 | U16: =SUM(U4:U15) -> 3 | V16: =SUM(V4:V15) -> 304 | W16: =SUM(W4:W15) -> 27 | X16: =SUM(X4:X15) -> 1458.04
A17: Expert 12 | B17: SKU-5426 | C17: MOCK-902218 | D17: iPhone 17 | E17: 1 | F17: 0 | G17: 0 | H17: 0 | I17: 0 | J17: 24 | K17: 1 | L17: 38.48 | M17: Y
A18: Expert 05 | B18: SKU-1381 | C18: MOCK-482527 | D18: Accessory Only | E18: 0 | F18: 0 | G18: 0 | H18: 0 | I18: 0 | J18: 0 | K18: 0 | L18: 0 | M18: Y
A19: Expert 11 | B19: SKU-2283 | C19: MOCK-957147 | D19: Galaxy Z Flip 7 | E19: 1 | F19: 0 | G19: 0 | H19: 0 | I19: 0 | J19: 0 | K19: 1 | L19: 0 | M19: Y
A20: Expert 04 | B20: SKU-1660 | C20: MOCK-975662 | D20: moto g power | E20: 0 | F20: 0 | G20: 0 | H20: 0 | I20: 0 | J20: 0 | K20: 1 | L20: 0 | M20: Y
A21: Expert 03 | B21: SKU-7103 | C21: MOCK-191420 | D21: Galaxy Tab A11 | E21: 0 | F21: 1 | G21: 0 | H21: 0 | I21: 0 | J21: 0 | K21: 1 | L21: 123.58 | M21: Y
A22: Expert 03 | B22: SKU-6832 | C22: MOCK-353199 | D22: iPad (11th Gen) | E22: 0 | F22: 0 | G22: 0 | H22: 0 | I22: 0 | J22: 0 | K22: 1 | L22: 3.11 | M22: Y
A23: Expert 05 | B23: SKU-8512 | C23: MOCK-486445 | D23: Galaxy S26 | E23: 1 | F23: 0 | G23: 0 | H23: 0 | I23: 0 | J23: 0 | K23: 1 | L23: 116.54 | M23: Y
A24: Expert 05 | B24: SKU-3667 | C24: MOCK-566719 | D24: SIM Only | E24: 1 | F24: 0 | G24: 0 | H24: 0 | I24: 0 | J24: 24 | K24: 0 | L24: 79.22 | M24: Y
A25: Expert 04 | B25: SKU-3682 | C25: MOCK-976573 | D25: iPhone 17 Pro Max | E25: 1 | F25: 0 | G25: 0 | H25: 0 | I25: 0 | J25: 0 | K25: 1 | L25: 139.45 | M25: Y
A26: Expert 02 | B26: SKU-3290 | C26: MOCK-829630 | D26: Pixel 10a | E26: 1 | F26: 0 | G26: 0 | H26: 0 | I26: 0 | J26: 0 | K26: 1 | L26: 0 | M26: Y
A27: Expert 03 | B27: SKU-5783 | C27: MOCK-267835 | D27: BYOD | E27: 0 | F27: 0 | G27: 0 | H27: 0 | I27: 0 | J27: 33 | K27: 0 | L27: 22.99 | M27: Y
A28: Expert 10 | B28: SKU-1922 | C28: MOCK-951322 | D28: Apple Watch SE | E28: 0 | F28: 1 | G28: 0 | H28: 0 | I28: 0 | J28: 0 | K28: 1 | L28: 0 | M28: Y
... A37: Expert 12 | B37: SKU-8166 | C37: MOCK-303685 | D37: Pixel 10 Pro | E37: 1 | F37: 0 | G37: 0 | H37: 0 | I37: 0 | J37: 0 | K37: 1 | L37: 0 | M37: Y

Sheet 17
A1: Day 17 — Daily Entry
A2: MOCK DATA — generated for portfolio use. No real employees, customers, device identifiers, or store numbers appear in this file.
A3: ME | B3: SKU (mock) | C3: IMEI / SIM (mock) | D3: Device | E3: Acts | F3: Pre | G3: TFB | H3: BTS | I3: Hint | J3: VAF $ | K3: Devices | L3: Acc $ | M3: Complete | P3: Mobile Expert | Q3: Acts | R3: Pre | S3: TFB | T3: BTS | U3: Hint | V3: VAF $ | W3: Devices | X3: Acc $
A4: Expert 12 | B4: SKU-6321 | C4: MOCK-948815 | D4: Apple Watch Ultra 3 | E4: 1 | F4: 0 | G4: 1 | H4: 0 | I4: 0 | J4: 33 | K4: 1 | L4: 128.84 | M4: Y | P4: =Setup!$A$4 -> Expert 01 | Q4: =SUMIF($A$4:$A$43,$P4,E$4:E$43) -> 0 | R4: =SUMIF($A$4:$A$43,$P4,F$4:F$43) -> 1 | S4: =SUMIF($A$4:$A$43,$P4,G$4:G$43) -> 0 | T4: =SUMIF($A$4:$A$43,$P4,H$4:H$43) -> 0 | U4: =SUMIF($A$4:$A$43,$P4,I$4:I$43) -> 0 | V4: =SUMIF($A$4:$A$43,$P4,J$4:J$43) -> 0 | W4: =SUMIF($A$4:$A$43,$P4,K$4:K$43) -> 3 | X4: =SUMIF($A$4:$A$43,$P4,L$4:L$43) -> 108.03
A5: Expert 02 | B5: SKU-7433 | C5: MOCK-698479 | D5: 5G Hotspot | E5: 0 | F5: 0 | G5: 0 | H5: 0 | I5: 1 | J5: 18 | K5: 0 | L5: 0 | M5: Y | P5: =Setup!$A$5 -> Expert 02 | Q5: =SUMIF($A$4:$A$43,$P5,E$4:E$43) -> 0 | R5: =SUMIF($A$4:$A$43,$P5,F$4:F$43) -> 0 | S5: =SUMIF($A$4:$A$43,$P5,G$4:G$43) -> 1 | T5: =SUMIF($A$4:$A$43,$P5,H$4:H$43) -> 1 | U5: =SUMIF($A$4:$A$43,$P5,I$4:I$43) -> 3 | V5: =SUMIF($A$4:$A$43,$P5,J$4:J$43) -> 54 | W5: =SUMIF($A$4:$A$43,$P5,K$4:K$43) -> 2 | X5: =SUMIF($A$4:$A$43,$P5,L$4:L$43) -> 60.93
A6: Expert 01 | B6: SKU-9470 | C6: MOCK-575811 | D6: iPhone 17 Pro | E6: 0 | F6: 0 | G6: 0 | H6: 0 | I6: 0 | J6: 0 | K6: 1 | L6: 0 | M6: Y | P6: =Setup!$A$6 -> Expert 03 | Q6: =SUMIF($A$4:$A$43,$P6,E$4:E$43) -> 0 | R6: =SUMIF($A$4:$A$43,$P6,F$4:F$43) -> 0 | S6: =SUMIF($A$4:$A$43,$P6,G$4:G$43) -> 0 | T6: =SUMIF($A$4:$A$43,$P6,H$4:H$43) -> 0 | U6: =SUMIF($A$4:$A$43,$P6,I$4:I$43) -> 0 | V6: =SUMIF($A$4:$A$43,$P6,J$4:J$43) -> 0 | W6: =SUMIF($A$4:$A$43,$P6,K$4:K$43) -> 0 | X6: =SUMIF($A$4:$A$43,$P6,L$4:L$43) -> 0
A7: Expert 09 | B7: SKU-4355 | C7: MOCK-202946 | D7: Galaxy A37 | E7: 1 | F7: 0 | G7: 0 | H7: 0 | I7: 0 | J7: 0 | K7: 1 | L7: 0 | M7: Y | P7: =Setup!$A$7 -> Expert 04 | Q7: =SUMIF($A$4:$A$43,$P7,E$4:E$43) -> 2 | R7: =SUMIF($A$4:$A$43,$P7,F$4:F$43) -> 1 | S7: =SUMIF($A$4:$A$43,$P7,G$4:G$43) -> 0 | T7: =SUMIF($A$4:$A$43,$P7,H$4:H$43) -> 0 | U7: =SUMIF($A$4:$A$43,$P7,I$4:I$43) -> 0 | V7: =SUMIF($A$4:$A$43,$P7,J$4:J$43) -> 24 | W7: =SUMIF($A$4:$A$43,$P7,K$4:K$43) -> 3 | X7: =SUMIF($A$4:$A$43,$P7,L$4:L$43) -> 27.53
A8: Expert 02 | B8: SKU-1522 | C8: MOCK-407449 | D8: 5G Home Internet Gateway | E8: 0 | F8: 0 | G8: 0 | H8: 1 | I8: 1 | J8: 0 | K8: 0 | L8: 0 | M8: N | P8: =Setup!$A$8 -> Expert 05 | Q8: =SUMIF($A$4:$A$43,$P8,E$4:E$43) -> 0 | R8: =SUMIF($A$4:$A$43,$P8,F$4:F$43) -> 1 | S8: =SUMIF($A$4:$A$43,$P8,G$4:G$43) -> 1 | T8: =SUMIF($A$4:$A$43,$P8,H$4:H$43) -> 0 | U8: =SUMIF($A$4:$A$43,$P8,I$4:I$43) -> 0 | V8: =SUMIF($A$4:$A$43,$P8,J$4:J$43) -> 46 | W8: =SUMIF($A$4:$A$43,$P8,K$4:K$43) -> 4 | X8: =SUMIF($A$4:$A$43,$P8,L$4:L$43) -> 113.96
A9: Expert 05 | B9: SKU-6431 | C9: MOCK-890555 | D9: BYOD | E9: 0 | F9: 0 | G9: 0 | H9: 0 | I9: 0 | J9: 0 | K9: 0 | L9: 53.01 | M9: Y | P9: =Setup!$A$9 -> Expert 06 | Q9: =SUMIF($A$4:$A$43,$P9,E$4:E$43) -> 0 | R9: =SUMIF($A$4:$A$43,$P9,F$4:F$43) -> 0 | S9: =SUMIF($A$4:$A$43,$P9,G$4:G$43) -> 0 | T9: =SUMIF($A$4:$A$43,$P9,H$4:H$43) -> 0 | U9: =SUMIF($A$4:$A$43,$P9,I$4:I$43) -> 0 | V9: =SUMIF($A$4:$A$43,$P9,J$4:J$43) -> 0 | W9: =SUMIF($A$4:$A$43,$P9,K$4:K$43) -> 0 | X9: =SUMIF($A$4:$A$43,$P9,L$4:L$43) -> 0
A10: Expert 02 | B10: SKU-2226 | C10: MOCK-583398 | D10: BYOD | E10: 0 | F10: 0 | G10: 1 | H10: 0 | I10: 0 | J10: 0 | K10: 0 | L10: 0 | M10: Y | P10: =Setup!$A$10 -> Expert 07 | Q10: =SUMIF($A$4:$A$43,$P10,E$4:E$43) -> 0 | R10: =SUMIF($A$4:$A$43,$P10,F$4:F$43) -> 0 | S10: =SUMIF($A$4:$A$43,$P10,G$4:G$43) -> 0 | T10: =SUMIF($A$4:$A$43,$P10,H$4:H$43) -> 0 | U10: =SUMIF($A$4:$A$43,$P10,I$4:I$43) -> 0 | V10: =SUMIF($A$4:$A$43,$P10,J$4:J$43) -> 18 | W10: =SUMIF($A$4:$A$43,$P10,K$4:K$43) -> 0 | X10: =SUMIF($A$4:$A$43,$P10,L$4:L$43) -> 0
A11: Expert 07 | B11: SKU-9247 | C11: MOCK-222937 | D11: Accessory Only | E11: 0 | F11: 0 | G11: 0 | H11: 0 | I11: 0 | J11: 18 | K11: 0 | L11: 0 | M11: Y | P11: =Setup!$A$11 -> Expert 08 | Q11: =SUMIF($A$4:$A$43,$P11,E$4:E$43) -> 2 | R11: =SUMIF($A$4:$A$43,$P11,F$4:F$43) -> 0 | S11: =SUMIF($A$4:$A$43,$P11,G$4:G$43) -> 0 | T11: =SUMIF($A$4:$A$43,$P11,H$4:H$43) -> 0 | U11: =SUMIF($A$4:$A$43,$P11,I$4:I$43) -> 1 | V11: =SUMIF($A$4:$A$43,$P11,J$4:J$43) -> 24 | W11: =SUMIF($A$4:$A$43,$P11,K$4:K$43) -> 2 | X11: =SUMIF($A$4:$A$43,$P11,L$4:L$43) -> 63.91
A12: Expert 11 | B12: SKU-4311 | C12: MOCK-354470 | D12: Galaxy Z Fold 7 | E12: 1 | F12: 0 | G12: 0 | H12: 0 | I12: 0 | J12: 33 | K12: 1 | L12: 84.12 | M12: Y | P12: =Setup!$A$12 -> Expert 09 | Q12: =SUMIF($A$4:$A$43,$P12,E$4:E$43) -> 1 | R12: =SUMIF($A$4:$A$43,$P12,F$4:F$43) -> 0 | S12: =SUMIF($A$4:$A$43,$P12,G$4:G$43) -> 0 | T12: =SUMIF($A$4:$A$43,$P12,H$4:H$43) -> 0 | U12: =SUMIF($A$4:$A$43,$P12,I$4:I$43) -> 0 | V12: =SUMIF($A$4:$A$43,$P12,J$4:J$43) -> 0 | W12: =SUMIF($A$4:$A$43,$P12,K$4:K$43) -> 1 | X12: =SUMIF($A$4:$A$43,$P12,L$4:L$43) -> 0
A13: Expert 01 | B13: SKU-9533 | C13: MOCK-869822 | D13: Apple Watch SE | E13: 0 | F13: 1 | G13: 0 | H13: 0 | I13: 0 | J13: 0 | K13: 1 | L13: 101.08 | M13: Y | P13: =Setup!$A$13 -> Expert 10 | Q13: =SUMIF($A$4:$A$43,$P13,E$4:E$43) -> 0 | R13: =SUMIF($A$4:$A$43,$P13,F$4:F$43) -> 0 | S13: =SUMIF($A$4:$A$43,$P13,G$4:G$43) -> 0 | T13: =SUMIF($A$4:$A$43,$P13,H$4:H$43) -> 0 | U13: =SUMIF($A$4:$A$43,$P13,I$4:I$43) -> 0 | V13: =SUMIF($A$4:$A$43,$P13,J$4:J$43) -> 0 | W13: =SUMIF($A$4:$A$43,$P13,K$4:K$43) -> 0 | X13: =SUMIF($A$4:$A$43,$P13,L$4:L$43) -> 0
A14: Expert 04 | B14: SKU-7294 | C14: MOCK-358928 | D14: iPhone 17 Pro | E14: 0 | F14: 1 | G14: 0 | H14: 0 | I14: 0 | J14: 0 | K14: 1 | L14: 0 | M14: Y | P14: =Setup!$A$14 -> Expert 11 | Q14: =SUMIF($A$4:$A$43,$P14,E$4:E$43) -> 2 | R14: =SUMIF($A$4:$A$43,$P14,F$4:F$43) -> 0 | S14: =SUMIF($A$4:$A$43,$P14,G$4:G$43) -> 0 | T14: =SUMIF($A$4:$A$43,$P14,H$4:H$43) -> 0 | U14: =SUMIF($A$4:$A$43,$P14,I$4:I$43) -> 0 | V14: =SUMIF($A$4:$A$43,$P14,J$4:J$43) -> 49 | W14: =SUMIF($A$4:$A$43,$P14,K$4:K$43) -> 2 | X14: =SUMIF($A$4:$A$43,$P14,L$4:L$43) -> 140.32
A15: Expert 01 | B15: SKU-5521 | C15: MOCK-796974 | D15: Galaxy Z Fold 7 | E15: 0 | F15: 0 | G15: 0 | H15: 0 | I15: 0 | J15: 0 | K15: 1 | L15: 6.95 | M15: Y | P15: =Setup!$A$15 -> Expert 12 | Q15: =SUMIF($A$4:$A$43,$P15,E$4:E$43) -> 2 | R15: =SUMIF($A$4:$A$43,$P15,F$4:F$43) -> 0 | S15: =SUMIF($A$4:$A$43,$P15,G$4:G$43) -> 1 | T15: =SUMIF($A$4:$A$43,$P15,H$4:H$43) -> 0 | U15: =SUMIF($A$4:$A$43,$P15,I$4:I$43) -> 0 | V15: =SUMIF($A$4:$A$43,$P15,J$4:J$43) -> 33 | W15: =SUMIF($A$4:$A$43,$P15,K$4:K$43) -> 2 | X15: =SUMIF($A$4:$A$43,$P15,L$4:L$43) -> 202.89
A16: Expert 05 | B16: SKU-7569 | C16: MOCK-697548 | D16: iPhone 17 Pro | E16: 0 | F16: 0 | G16: 0 | H16: 0 | I16: 0 | J16: 16 | K16: 1 | L16: 0 | M16: Y | P16: STORE TOTAL | Q16: =SUM(Q4:Q15) -> 9 | R16: =SUM(R4:R15) -> 3 | S16: =SUM(S4:S15) -> 3 | T16: =SUM(T4:T15) -> 1 | U16: =SUM(U4:U15) -> 4 | V16: =SUM(V4:V15) -> 248 | W16: =SUM(W4:W15) -> 19 | X16: =SUM(X4:X15) -> 717.57
A17: Expert 08 | B17: SKU-3619 | C17: MOCK-968158 | D17: iPad (11th Gen) | E17: 1 | F17: 0 | G17: 0 | H17: 0 | I17: 0 | J17: 0 | K17: 1 | L17: 63.91 | M17: Y
A18: Expert 02 | B18: SKU-8798 | C18: MOCK-582335 | D18: 5G Home Internet Gateway | E18: 0 | F18: 0 | G18: 0 | H18: 0 | I18: 1 | J18: 0 | K18: 0 | L18: 0 | M18: Y
A19: Expert 08 | B19: SKU-3798 | C19: MOCK-602345 | D19: Apple Watch Series 11 | E19: 1 | F19: 0 | G19: 0 | H19: 0 | I19: 0 | J19: 0 | K19: 1 | L19: 0 | M19: Y
A20: Expert 05 | B20: SKU-1019 | C20: MOCK-609735 | D20: iPhone 17 Air | E20: 0 | F20: 0 | G20: 0 | H20: 0 | I20: 0 | J20: 0 | K20: 1 | L20: 0 | M20: Y
A21: Expert 02 | B21: SKU-8117 | C21: MOCK-135229 | D21: Galaxy Tab A11 | E21: 0 | F21: 0 | G21: 0 | H21: 0 | I21: 0 | J21: 18 | K21: 1 | L21: 0 | M21: Y
A22: Expert 05 | B22: SKU-8159 | C22: MOCK-365063 | D22: Accessory Only | E22: 0 | F22: 0 | G22: 0 | H22: 0 | I22: 0 | J22: 15 | K22: 0 | L22: 0 | M22: Y
A23: Expert 02 | B23: SKU-7949 | C23: MOCK-560315 | D23: Accessory Only | E23: 0 | F23: 0 | G23: 0 | H23: 0 | I23: 0 | J23: 18 | K23: 0 | L23: 8.55 | M23: Y
A24: Expert 04 | B24: SKU-7816 | C24: MOCK-513080 | D24: moto g power | E24: 1 | F24: 0 | G24: 0 | H24: 0 | I24: 0 | J24: 24 | K24: 1 | L24: 0 | M24: Y
A25: Expert 11 | B25: SKU-9152 | C25: MOCK-487714 | D25: iPhone 17 Air | E25: 1 | F25: 0 | G25: 0 | H25: 0 | I25: 0 | J25: 16 | K25: 1 | L25: 56.2 | M25: Y
A26: Expert 05 | B26: SKU-3075 | C26: MOCK-502195 | D26: iPhone 17 Pro | E26: 0 | F26: 0 | G26: 0 | H26: 0 | I26: 0 | J26: 15 | K26: 1 | L26: 0 | M26: Y
A27: Expert 02 | B27: SKU-1541 | C27: MOCK-540603 | D27: iPhone 17 Air | E27: 0 | F27: 0 | G27: 0 | H27: 0 | I27: 0 | J27: 0 | K27: 1 | L27: 52.38 | M27: Y
A28: Expert 08 | B28: SKU-9495 | C28: MOCK-772929 | D28: 5G Home Internet Gateway | E28: 0 | F28: 0 | G28: 0 | H28: 0 | I28: 1 | J28: 24 | K28: 0 | L28: 0 | M28: Y
... A31: Expert 12 | B31: SKU-3072 | C31: MOCK-426342 | D31: Apple Watch Series 11 | E31: 1 | F31: 0 | G31: 0 | H31: 0 | I31: 0 | J31: 0 | K31: 1 | L31: 74.05 | M31: Y

Sheet 18
A1: Day 18 — Daily Entry
A2: MOCK DATA — generated for portfolio use. No real employees, customers, device identifiers, or store numbers appear in this file.
A3: ME | B3: SKU (mock) | C3: IMEI / SIM (mock) | D3: Device | E3: Acts | F3: Pre | G3: TFB | H3: BTS | I3: Hint | J3: VAF $ | K3: Devices | L3: Acc $ | M3: Complete | P3: Mobile Expert | Q3: Acts | R3: Pre | S3: TFB | T3: BTS | U3: Hint | V3: VAF $ | W3: Devices | X3: Acc $
A4: Expert 09 | B4: SKU-6361 | C4: MOCK-649148 | D4: iPhone 17 | E4: 0 | F4: 1 | G4: 0 | H4: 0 | I4: 0 | J4: 0 | K4: 1 | L4: 29.55 | M4: Y | P4: =Setup!$A$4 -> Expert 01 | Q4: =SUMIF($A$4:$A$43,$P4,E$4:E$43) -> 0 | R4: =SUMIF($A$4:$A$43,$P4,F$4:F$43) -> 0 | S4: =SUMIF($A$4:$A$43,$P4,G$4:G$43) -> 0 | T4: =SUMIF($A$4:$A$43,$P4,H$4:H$43) -> 0 | U4: =SUMIF($A$4:$A$43,$P4,I$4:I$43) -> 0 | V4: =SUMIF($A$4:$A$43,$P4,J$4:J$43) -> 18 | W4: =SUMIF($A$4:$A$43,$P4,K$4:K$43) -> 1 | X4: =SUMIF($A$4:$A$43,$P4,L$4:L$43) -> 289.86
A5: Expert 05 | B5: SKU-4610 | C5: MOCK-516900 | D5: Pixel 10 Pro | E5: 1 | F5: 0 | G5: 1 | H5: 0 | I5: 0 | J5: 0 | K5: 1 | L5: 99.56 | M5: Y | P5: =Setup!$A$5 -> Expert 02 | Q5: =SUMIF($A$4:$A$43,$P5,E$4:E$43) -> 2 | R5: =SUMIF($A$4:$A$43,$P5,F$4:F$43) -> 1 | S5: =SUMIF($A$4:$A$43,$P5,G$4:G$43) -> 0 | T5: =SUMIF($A$4:$A$43,$P5,H$4:H$43) -> 0 | U5: =SUMIF($A$4:$A$43,$P5,I$4:I$43) -> 0 | V5: =SUMIF($A$4:$A$43,$P5,J$4:J$43) -> 24 | W5: =SUMIF($A$4:$A$43,$P5,K$4:K$43) -> 2 | X5: =SUMIF($A$4:$A$43,$P5,L$4:L$43) -> 4.23
A6: Expert 08 | B6: SKU-1536 | C6: MOCK-305356 | D6: Galaxy A17 | E6: 1 | F6: 0 | G6: 0 | H6: 0 | I6: 0 | J6: 0 | K6: 1 | L6: 0 | M6: Y | P6: =Setup!$A$6 -> Expert 03 | Q6: =SUMIF($A$4:$A$43,$P6,E$4:E$43) -> 1 | R6: =SUMIF($A$4:$A$43,$P6,F$4:F$43) -> 0 | S6: =SUMIF($A$4:$A$43,$P6,G$4:G$43) -> 0 | T6: =SUMIF($A$4:$A$43,$P6,H$4:H$43) -> 0 | U6: =SUMIF($A$4:$A$43,$P6,I$4:I$43) -> 1 | V6: =SUMIF($A$4:$A$43,$P6,J$4:J$43) -> 33 | W6: =SUMIF($A$4:$A$43,$P6,K$4:K$43) -> 1 | X6: =SUMIF($A$4:$A$43,$P6,L$4:L$43) -> 83.8
A7: Expert 11 | B7: SKU-6117 | C7: MOCK-325583 | D7: Galaxy S26+ | E7: 1 | F7: 0 | G7: 0 | H7: 0 | I7: 0 | J7: 0 | K7: 1 | L7: 157.87 | M7: Y | P7: =Setup!$A$7 -> Expert 04 | Q7: =SUMIF($A$4:$A$43,$P7,E$4:E$43) -> 1 | R7: =SUMIF($A$4:$A$43,$P7,F$4:F$43) -> 0 | S7: =SUMIF($A$4:$A$43,$P7,G$4:G$43) -> 0 | T7: =SUMIF($A$4:$A$43,$P7,H$4:H$43) -> 0 | U7: =SUMIF($A$4:$A$43,$P7,I$4:I$43) -> 0 | V7: =SUMIF($A$4:$A$43,$P7,J$4:J$43) -> 15 | W7: =SUMIF($A$4:$A$43,$P7,K$4:K$43) -> 1 | X7: =SUMIF($A$4:$A$43,$P7,L$4:L$43) -> 174.69
A8: Expert 12 | B8: SKU-9744 | C8: MOCK-360464 | D8: moto g power | E8: 1 | F8: 0 | G8: 0 | H8: 0 | I8: 0 | J8: 33 | K8: 1 | L8: 39.43 | M8: Y | P8: =Setup!$A$8 -> Expert 05 | Q8: =SUMIF($A$4:$A$43,$P8,E$4:E$43) -> 1 | R8: =SUMIF($A$4:$A$43,$P8,F$4:F$43) -> 0 | S8: =SUMIF($A$4:$A$43,$P8,G$4:G$43) -> 1 | T8: =SUMIF($A$4:$A$43,$P8,H$4:H$43) -> 0 | U8: =SUMIF($A$4:$A$43,$P8,I$4:I$43) -> 0 | V8: =SUMIF($A$4:$A$43,$P8,J$4:J$43) -> 0 | W8: =SUMIF($A$4:$A$43,$P8,K$4:K$43) -> 1 | X8: =SUMIF($A$4:$A$43,$P8,L$4:L$43) -> 99.56
A9: Expert 02 | B9: SKU-2677 | C9: MOCK-952758 | D9: iPhone 17 Air | E9: 0 | F9: 1 | G9: 0 | H9: 0 | I9: 0 | J9: 0 | K9: 1 | L9: 4.23 | M9: N | P9: =Setup!$A$9 -> Expert 06 | Q9: =SUMIF($A$4:$A$43,$P9,E$4:E$43) -> 3 | R9: =SUMIF($A$4:$A$43,$P9,F$4:F$43) -> 1 | S9: =SUMIF($A$4:$A$43,$P9,G$4:G$43) -> 0 | T9: =SUMIF($A$4:$A$43,$P9,H$4:H$43) -> 1 | U9: =SUMIF($A$4:$A$43,$P9,I$4:I$43) -> 0 | V9: =SUMIF($A$4:$A$43,$P9,J$4:J$43) -> 42 | W9: =SUMIF($A$4:$A$43,$P9,K$4:K$43) -> 5 | X9: =SUMIF($A$4:$A$43,$P9,L$4:L$43) -> 240.81
A10: Expert 08 | B10: SKU-8504 | C10: MOCK-982628 | D10: Galaxy Z Fold 7 | E10: 0 | F10: 1 | G10: 0 | H10: 0 | I10: 0 | J10: 0 | K10: 1 | L10: 164.27 | M10: Y | P10: =Setup!$A$10 -> Expert 07 | Q10: =SUMIF($A$4:$A$43,$P10,E$4:E$43) -> 2 | R10: =SUMIF($A$4:$A$43,$P10,F$4:F$43) -> 2 | S10: =SUMIF($A$4:$A$43,$P10,G$4:G$43) -> 1 | T10: =SUMIF($A$4:$A$43,$P10,H$4:H$43) -> 0 | U10: =SUMIF($A$4:$A$43,$P10,I$4:I$43) -> 0 | V10: =SUMIF($A$4:$A$43,$P10,J$4:J$43) -> 49 | W10: =SUMIF($A$4:$A$43,$P10,K$4:K$43) -> 5 | X10: =SUMIF($A$4:$A$43,$P10,L$4:L$43) -> 195
A11: Expert 11 | B11: SKU-1117 | C11: MOCK-657495 | D11: SIM Only | E11: 0 | F11: 1 | G11: 0 | H11: 0 | I11: 0 | J11: 0 | K11: 0 | L11: 0 | M11: N | P11: =Setup!$A$11 -> Expert 08 | Q11: =SUMIF($A$4:$A$43,$P11,E$4:E$43) -> 1 | R11: =SUMIF($A$4:$A$43,$P11,F$4:F$43) -> 2 | S11: =SUMIF($A$4:$A$43,$P11,G$4:G$43) -> 0 | T11: =SUMIF($A$4:$A$43,$P11,H$4:H$43) -> 0 | U11: =SUMIF($A$4:$A$43,$P11,I$4:I$43) -> 0 | V11: =SUMIF($A$4:$A$43,$P11,J$4:J$43) -> 0 | W11: =SUMIF($A$4:$A$43,$P11,K$4:K$43) -> 3 | X11: =SUMIF($A$4:$A$43,$P11,L$4:L$43) -> 164.27
A12: Expert 07 | B12: SKU-4879 | C12: MOCK-283671 | D12: moto g power | E12: 0 | F12: 1 | G12: 0 | H12: 0 | I12: 0 | J12: 33 | K12: 1 | L12: 0 | M12: Y | P12: =Setup!$A$12 -> Expert 09 | Q12: =SUMIF($A$4:$A$43,$P12,E$4:E$43) -> 0 | R12: =SUMIF($A$4:$A$43,$P12,F$4:F$43) -> 1 | S12: =SUMIF($A$4:$A$43,$P12,G$4:G$43) -> 0 | T12: =SUMIF($A$4:$A$43,$P12,H$4:H$43) -> 0 | U12: =SUMIF($A$4:$A$43,$P12,I$4:I$43) -> 0 | V12: =SUMIF($A$4:$A$43,$P12,J$4:J$43) -> 0 | W12: =SUMIF($A$4:$A$43,$P12,K$4:K$43) -> 1 | X12: =SUMIF($A$4:$A$43,$P12,L$4:L$43) -> 29.55
A13: Expert 02 | B13: SKU-4486 | C13: MOCK-405899 | D13: SIM Only | E13: 1 | F13: 0 | G13: 0 | H13: 0 | I13: 0 | J13: 0 | K13: 0 | L13: 0 | M13: Y | P13: =Setup!$A$13 -> Expert 10 | Q13: =SUMIF($A$4:$A$43,$P13,E$4:E$43) -> 0 | R13: =SUMIF($A$4:$A$43,$P13,F$4:F$43) -> 0 | S13: =SUMIF($A$4:$A$43,$P13,G$4:G$43) -> 0 | T13: =SUMIF($A$4:$A$43,$P13,H$4:H$43) -> 0 | U13: =SUMIF($A$4:$A$43,$P13,I$4:I$43) -> 0 | V13: =SUMIF($A$4:$A$43,$P13,J$4:J$43) -> 0 | W13: =SUMIF($A$4:$A$43,$P13,K$4:K$43) -> 0 | X13: =SUMIF($A$4:$A$43,$P13,L$4:L$43) -> 0
A14: Expert 12 | B14: SKU-5811 | C14: MOCK-528527 | D14: Galaxy S26 Ultra | E14: 0 | F14: 1 | G14: 0 | H14: 0 | I14: 0 | J14: 24 | K14: 1 | L14: 16.32 | M14: Y | P14: =Setup!$A$14 -> Expert 11 | Q14: =SUMIF($A$4:$A$43,$P14,E$4:E$43) -> 2 | R14: =SUMIF($A$4:$A$43,$P14,F$4:F$43) -> 1 | S14: =SUMIF($A$4:$A$43,$P14,G$4:G$43) -> 0 | T14: =SUMIF($A$4:$A$43,$P14,H$4:H$43) -> 0 | U14: =SUMIF($A$4:$A$43,$P14,I$4:I$43) -> 0 | V14: =SUMIF($A$4:$A$43,$P14,J$4:J$43) -> 0 | W14: =SUMIF($A$4:$A$43,$P14,K$4:K$43) -> 2 | X14: =SUMIF($A$4:$A$43,$P14,L$4:L$43) -> 157.87
A15: Expert 06 | B15: SKU-2354 | C15: MOCK-607186 | D15: Pixel 10 Pro | E15: 1 | F15: 0 | G15: 0 | H15: 1 | I15: 0 | J15: 24 | K15: 1 | L15: 0 | M15: Y | P15: =Setup!$A$15 -> Expert 12 | Q15: =SUMIF($A$4:$A$43,$P15,E$4:E$43) -> 1 | R15: =SUMIF($A$4:$A$43,$P15,F$4:F$43) -> 2 | S15: =SUMIF($A$4:$A$43,$P15,G$4:G$43) -> 0 | T15: =SUMIF($A$4:$A$43,$P15,H$4:H$43) -> 0 | U15: =SUMIF($A$4:$A$43,$P15,I$4:I$43) -> 0 | V15: =SUMIF($A$4:$A$43,$P15,J$4:J$43) -> 57 | W15: =SUMIF($A$4:$A$43,$P15,K$4:K$43) -> 3 | X15: =SUMIF($A$4:$A$43,$P15,L$4:L$43) -> 55.75
A16: Expert 06 | B16: SKU-6322 | C16: MOCK-670067 | D16: Galaxy Watch 8 | E16: 0 | F16: 1 | G16: 0 | H16: 0 | I16: 0 | J16: 0 | K16: 1 | L16: 0 | M16: Y | P16: STORE TOTAL | Q16: =SUM(Q4:Q15) -> 14 | R16: =SUM(R4:R15) -> 10 | S16: =SUM(S4:S15) -> 2 | T16: =SUM(T4:T15) -> 1 | U16: =SUM(U4:U15) -> 1 | V16: =SUM(V4:V15) -> 238 | W16: =SUM(W4:W15) -> 25 | X16: =SUM(X4:X15) -> 1495.39
A17: Expert 06 | B17: SKU-7769 | C17: MOCK-880486 | D17: iPhone 17 Pro Max | E17: 1 | F17: 0 | G17: 0 | H17: 0 | I17: 0 | J17: 0 | K17: 1 | L17: 71.36 | M17: Y
A18: Expert 01 | B18: SKU-4828 | C18: MOCK-775282 | D18: Accessory Only | E18: 0 | F18: 0 | G18: 0 | H18: 0 | I18: 0 | J18: 18 | K18: 0 | L18: 178.13 | M18: Y
A19: Expert 02 | B19: SKU-4265 | C19: MOCK-946307 | D19: Apple Watch Ultra 3 | E19: 1 | F19: 0 | G19: 0 | H19: 0 | I19: 0 | J19: 24 | K19: 1 | L19: 0 | M19: Y
A20: Expert 06 | B20: SKU-7256 | C20: MOCK-861361 | D20: iPhone 17 Pro | E20: 1 | F20: 0 | G20: 0 | H20: 0 | I20: 0 | J20: 18 | K20: 1 | L20: 104.51 | M20: Y
A21: Expert 04 | B21: SKU-7089 | C21: MOCK-339678 | D21: BYOD | E21: 0 | F21: 0 | G21: 0 | H21: 0 | I21: 0 | J21: 0 | K21: 0 | L21: 0 | M21: Y
A22: Expert 04 | B22: SKU-4786 | C22: MOCK-396311 | D22: Galaxy A17 | E22: 1 | F22: 0 | G22: 0 | H22: 0 | I22: 0 | J22: 15 | K22: 1 | L22: 174.69 | M22: Y
A23: Expert 07 | B23: SKU-5052 | C23: MOCK-459755 | D23: Pixel 10 Pro | E23: 1 | F23: 0 | G23: 1 | H23: 0 | I23: 0 | J23: 0 | K23: 1 | L23: 95.67 | M23: Y
A24: Expert 08 | B24: SKU-4246 | C24: MOCK-147842 | D24: iPhone 17 | E24: 0 | F24: 1 | G24: 0 | H24: 0 | I24: 0 | J24: 0 | K24: 1 | L24: 0 | M24: Y
A25: Expert 07 | B25: SKU-7563 | C25: MOCK-188349 | D25: Galaxy Z Flip 7 | E25: 0 | F25: 1 | G25: 0 | H25: 0 | I25: 0 | J25: 16 | K25: 1 | L25: 87.91 | M25: Y
A26: Expert 03 | B26: SKU-4723 | C26: MOCK-710264 | D26: Galaxy Tab A11 | E26: 1 | F26: 0 | G26: 0 | H26: 0 | I26: 0 | J26: 0 | K26: 1 | L26: 83.8 | M26: Y
A27: Expert 01 | B27: SKU-9816 | C27: MOCK-947641 | D27: moto g power | E27: 0 | F27: 0 | G27: 0 | H27: 0 | I27: 0 | J27: 0 | K27: 1 | L27: 111.73 | M27: Y
A28: Expert 07 | B28: SKU-7430 | C28: MOCK-619001 | D28: iPad (11th Gen) | E28: 0 | F28: 0 | G28: 0 | H28: 0 | I28: 0 | J28: 0 | K28: 1 | L28: 11.42 | M28: Y
... A33: Expert 03 | B33: SKU-7005 | C33: MOCK-473683 | D33: 5G Hotspot | E33: 0 | F33: 0 | G33: 0 | H33: 0 | I33: 1 | J33: 33 | K33: 0 | L33: 0 | M33: Y

Sheet 19
A1: Day 19 — Daily Entry
A2: MOCK DATA — generated for portfolio use. No real employees, customers, device identifiers, or store numbers appear in this file.
A3: ME | B3: SKU (mock) | C3: IMEI / SIM (mock) | D3: Device | E3: Acts | F3: Pre | G3: TFB | H3: BTS | I3: Hint | J3: VAF $ | K3: Devices | L3: Acc $ | M3: Complete | P3: Mobile Expert | Q3: Acts | R3: Pre | S3: TFB | T3: BTS | U3: Hint | V3: VAF $ | W3: Devices | X3: Acc $
A4: Expert 09 | B4: SKU-2647 | C4: MOCK-679605 | D4: 5G Home Internet Gateway | E4: 0 | F4: 0 | G4: 0 | H4: 0 | I4: 1 | J4: 24 | K4: 0 | L4: 29.67 | M4: Y | P4: =Setup!$A$4 -> Expert 01 | Q4: =SUMIF($A$4:$A$43,$P4,E$4:E$43) -> 2 | R4: =SUMIF($A$4:$A$43,$P4,F$4:F$43) -> 0 | S4: =SUMIF($A$4:$A$43,$P4,G$4:G$43) -> 1 | T4: =SUMIF($A$4:$A$43,$P4,H$4:H$43) -> 0 | U4: =SUMIF($A$4:$A$43,$P4,I$4:I$43) -> 0 | V4: =SUMIF($A$4:$A$43,$P4,J$4:J$43) -> 0 | W4: =SUMIF($A$4:$A$43,$P4,K$4:K$43) -> 2 | X4: =SUMIF($A$4:$A$43,$P4,L$4:L$43) -> 88.84
A5: Expert 04 | B5: SKU-7106 | C5: MOCK-992131 | D5: iPhone 17 | E5: 1 | F5: 0 | G5: 1 | H5: 0 | I5: 0 | J5: 0 | K5: 1 | L5: 0 | M5: Y | P5: =Setup!$A$5 -> Expert 02 | Q5: =SUMIF($A$4:$A$43,$P5,E$4:E$43) -> 1 | R5: =SUMIF($A$4:$A$43,$P5,F$4:F$43) -> 0 | S5: =SUMIF($A$4:$A$43,$P5,G$4:G$43) -> 0 | T5: =SUMIF($A$4:$A$43,$P5,H$4:H$43) -> 0 | U5: =SUMIF($A$4:$A$43,$P5,I$4:I$43) -> 1 | V5: =SUMIF($A$4:$A$43,$P5,J$4:J$43) -> 40 | W5: =SUMIF($A$4:$A$43,$P5,K$4:K$43) -> 1 | X5: =SUMIF($A$4:$A$43,$P5,L$4:L$43) -> 108.07
A6: Expert 09 | B6: SKU-3222 | C6: MOCK-731598 | D6: Galaxy S26 | E6: 0 | F6: 1 | G6: 0 | H6: 0 | I6: 0 | J6: 16 | K6: 1 | L6: 161.04 | M6: Y | P6: =Setup!$A$6 -> Expert 03 | Q6: =SUMIF($A$4:$A$43,$P6,E$4:E$43) -> 0 | R6: =SUMIF($A$4:$A$43,$P6,F$4:F$43) -> 0 | S6: =SUMIF($A$4:$A$43,$P6,G$4:G$43) -> 0 | T6: =SUMIF($A$4:$A$43,$P6,H$4:H$43) -> 0 | U6: =SUMIF($A$4:$A$43,$P6,I$4:I$43) -> 0 | V6: =SUMIF($A$4:$A$43,$P6,J$4:J$43) -> 16 | W6: =SUMIF($A$4:$A$43,$P6,K$4:K$43) -> 1 | X6: =SUMIF($A$4:$A$43,$P6,L$4:L$43) -> 128.08
A7: Expert 05 | B7: SKU-2918 | C7: MOCK-981845 | D7: Accessory Only | E7: 0 | F7: 0 | G7: 0 | H7: 0 | I7: 0 | J7: 24 | K7: 0 | L7: 0 | M7: Y | P7: =Setup!$A$7 -> Expert 04 | Q7: =SUMIF($A$4:$A$43,$P7,E$4:E$43) -> 2 | R7: =SUMIF($A$4:$A$43,$P7,F$4:F$43) -> 0 | S7: =SUMIF($A$4:$A$43,$P7,G$4:G$43) -> 1 | T7: =SUMIF($A$4:$A$43,$P7,H$4:H$43) -> 0 | U7: =SUMIF($A$4:$A$43,$P7,I$4:I$43) -> 0 | V7: =SUMIF($A$4:$A$43,$P7,J$4:J$43) -> 0 | W7: =SUMIF($A$4:$A$43,$P7,K$4:K$43) -> 2 | X7: =SUMIF($A$4:$A$43,$P7,L$4:L$43) -> 143.43
A8: Expert 08 | B8: SKU-4674 | C8: MOCK-749278 | D8: Galaxy Tab A11 | E8: 1 | F8: 0 | G8: 0 | H8: 0 | I8: 0 | J8: 0 | K8: 1 | L8: 8.26 | M8: Y | P8: =Setup!$A$8 -> Expert 05 | Q8: =SUMIF($A$4:$A$43,$P8,E$4:E$43) -> 1 | R8: =SUMIF($A$4:$A$43,$P8,F$4:F$43) -> 1 | S8: =SUMIF($A$4:$A$43,$P8,G$4:G$43) -> 1 | T8: =SUMIF($A$4:$A$43,$P8,H$4:H$43) -> 0 | U8: =SUMIF($A$4:$A$43,$P8,I$4:I$43) -> 0 | V8: =SUMIF($A$4:$A$43,$P8,J$4:J$43) -> 93 | W8: =SUMIF($A$4:$A$43,$P8,K$4:K$43) -> 2 | X8: =SUMIF($A$4:$A$43,$P8,L$4:L$43) -> 120.93
A9: Expert 08 | B9: SKU-3051 | C9: MOCK-817350 | D9: Galaxy A17 | E9: 1 | F9: 0 | G9: 0 | H9: 0 | I9: 0 | J9: 0 | K9: 1 | L9: 81.01 | M9: Y | P9: =Setup!$A$9 -> Expert 06 | Q9: =SUMIF($A$4:$A$43,$P9,E$4:E$43) -> 1 | R9: =SUMIF($A$4:$A$43,$P9,F$4:F$43) -> 0 | S9: =SUMIF($A$4:$A$43,$P9,G$4:G$43) -> 0 | T9: =SUMIF($A$4:$A$43,$P9,H$4:H$43) -> 0 | U9: =SUMIF($A$4:$A$43,$P9,I$4:I$43) -> 0 | V9: =SUMIF($A$4:$A$43,$P9,J$4:J$43) -> 18 | W9: =SUMIF($A$4:$A$43,$P9,K$4:K$43) -> 1 | X9: =SUMIF($A$4:$A$43,$P9,L$4:L$43) -> 0
A10: Expert 01 | B10: SKU-2985 | C10: MOCK-506721 | D10: Galaxy S26 | E10: 1 | F10: 0 | G10: 0 | H10: 0 | I10: 0 | J10: 0 | K10: 1 | L10: 22.82 | M10: Y | P10: =Setup!$A$10 -> Expert 07 | Q10: =SUMIF($A$4:$A$43,$P10,E$4:E$43) -> 1 | R10: =SUMIF($A$4:$A$43,$P10,F$4:F$43) -> 0 | S10: =SUMIF($A$4:$A$43,$P10,G$4:G$43) -> 0 | T10: =SUMIF($A$4:$A$43,$P10,H$4:H$43) -> 0 | U10: =SUMIF($A$4:$A$43,$P10,I$4:I$43) -> 0 | V10: =SUMIF($A$4:$A$43,$P10,J$4:J$43) -> 33 | W10: =SUMIF($A$4:$A$43,$P10,K$4:K$43) -> 1 | X10: =SUMIF($A$4:$A$43,$P10,L$4:L$43) -> 0
A11: Expert 08 | B11: SKU-3679 | C11: MOCK-471960 | D11: 5G Hotspot | E11: 0 | F11: 0 | G11: 0 | H11: 0 | I11: 1 | J11: 0 | K11: 0 | L11: 0 | M11: Y | P11: =Setup!$A$11 -> Expert 08 | Q11: =SUMIF($A$4:$A$43,$P11,E$4:E$43) -> 2 | R11: =SUMIF($A$4:$A$43,$P11,F$4:F$43) -> 1 | S11: =SUMIF($A$4:$A$43,$P11,G$4:G$43) -> 0 | T11: =SUMIF($A$4:$A$43,$P11,H$4:H$43) -> 0 | U11: =SUMIF($A$4:$A$43,$P11,I$4:I$43) -> 1 | V11: =SUMIF($A$4:$A$43,$P11,J$4:J$43) -> 72 | W11: =SUMIF($A$4:$A$43,$P11,K$4:K$43) -> 4 | X11: =SUMIF($A$4:$A$43,$P11,L$4:L$43) -> 157.78
A12: Expert 01 | B12: SKU-7024 | C12: MOCK-662294 | D12: Galaxy S26+ | E12: 1 | F12: 0 | G12: 1 | H12: 0 | I12: 0 | J12: 0 | K12: 1 | L12: 66.02 | M12: Y | P12: =Setup!$A$12 -> Expert 09 | Q12: =SUMIF($A$4:$A$43,$P12,E$4:E$43) -> 0 | R12: =SUMIF($A$4:$A$43,$P12,F$4:F$43) -> 1 | S12: =SUMIF($A$4:$A$43,$P12,G$4:G$43) -> 0 | T12: =SUMIF($A$4:$A$43,$P12,H$4:H$43) -> 0 | U12: =SUMIF($A$4:$A$43,$P12,I$4:I$43) -> 1 | V12: =SUMIF($A$4:$A$43,$P12,J$4:J$43) -> 40 | W12: =SUMIF($A$4:$A$43,$P12,K$4:K$43) -> 1 | X12: =SUMIF($A$4:$A$43,$P12,L$4:L$43) -> 190.71
A13: Expert 07 | B13: SKU-1217 | C13: MOCK-713881 | D13: Galaxy S26 | E13: 1 | F13: 0 | G13: 0 | H13: 0 | I13: 0 | J13: 33 | K13: 1 | L13: 0 | M13: Y | P13: =Setup!$A$13 -> Expert 10 | Q13: =SUMIF($A$4:$A$43,$P13,E$4:E$43) -> 0 | R13: =SUMIF($A$4:$A$43,$P13,F$4:F$43) -> 0 | S13: =SUMIF($A$4:$A$43,$P13,G$4:G$43) -> 0 | T13: =SUMIF($A$4:$A$43,$P13,H$4:H$43) -> 0 | U13: =SUMIF($A$4:$A$43,$P13,I$4:I$43) -> 0 | V13: =SUMIF($A$4:$A$43,$P13,J$4:J$43) -> 0 | W13: =SUMIF($A$4:$A$43,$P13,K$4:K$43) -> 0 | X13: =SUMIF($A$4:$A$43,$P13,L$4:L$43) -> 0
A14: Expert 12 | B14: SKU-5808 | C14: MOCK-919370 | D14: moto g power | E14: 0 | F14: 1 | G14: 0 | H14: 0 | I14: 0 | J14: 0 | K14: 1 | L14: 65.27 | M14: Y | P14: =Setup!$A$14 -> Expert 11 | Q14: =SUMIF($A$4:$A$43,$P14,E$4:E$43) -> 1 | R14: =SUMIF($A$4:$A$43,$P14,F$4:F$43) -> 0 | S14: =SUMIF($A$4:$A$43,$P14,G$4:G$43) -> 1 | T14: =SUMIF($A$4:$A$43,$P14,H$4:H$43) -> 0 | U14: =SUMIF($A$4:$A$43,$P14,I$4:I$43) -> 0 | V14: =SUMIF($A$4:$A$43,$P14,J$4:J$43) -> 105 | W14: =SUMIF($A$4:$A$43,$P14,K$4:K$43) -> 3 | X14: =SUMIF($A$4:$A$43,$P14,L$4:L$43) -> 233.45
A15: Expert 02 | B15: SKU-1234 | C15: MOCK-393817 | D15: moto g power | E15: 1 | F15: 0 | G15: 0 | H15: 0 | I15: 0 | J15: 16 | K15: 1 | L15: 0 | M15: Y | P15: =Setup!$A$15 -> Expert 12 | Q15: =SUMIF($A$4:$A$43,$P15,E$4:E$43) -> 1 | R15: =SUMIF($A$4:$A$43,$P15,F$4:F$43) -> 1 | S15: =SUMIF($A$4:$A$43,$P15,G$4:G$43) -> 0 | T15: =SUMIF($A$4:$A$43,$P15,H$4:H$43) -> 0 | U15: =SUMIF($A$4:$A$43,$P15,I$4:I$43) -> 0 | V15: =SUMIF($A$4:$A$43,$P15,J$4:J$43) -> 33 | W15: =SUMIF($A$4:$A$43,$P15,K$4:K$43) -> 2 | X15: =SUMIF($A$4:$A$43,$P15,L$4:L$43) -> 179.97
A16: Expert 11 | B16: SKU-2847 | C16: MOCK-831842 | D16: Pixel 10 Pro | E16: 0 | F16: 0 | G16: 0 | H16: 0 | I16: 0 | J16: 15 | K16: 1 | L16: 123.71 | M16: Y | P16: STORE TOTAL | Q16: =SUM(Q4:Q15) -> 12 | R16: =SUM(R4:R15) -> 4 | S16: =SUM(S4:S15) -> 4 | T16: =SUM(T4:T15) -> 0 | U16: =SUM(U4:U15) -> 3 | V16: =SUM(V4:V15) -> 450 | W16: =SUM(W4:W15) -> 20 | X16: =SUM(X4:X15) -> 1351.26
A17: Expert 11 | B17: SKU-1550 | C17: MOCK-404312 | D17: Galaxy Z Flip 7 | E17: 1 | F17: 0 | G17: 1 | H17: 0 | I17: 0 | J17: 33 | K17: 1 | L17: 0 | M17: N
A18: Expert 02 | B18: SKU-6812 | C18: MOCK-621939 | D18: 5G Hotspot | E18: 0 | F18: 0 | G18: 0 | H18: 0 | I18: 1 | J18: 24 | K18: 0 | L18: 108.07 | M18: Y
A19: Expert 11 | B19: SKU-9407 | C19: MOCK-558465 | D19: BYOD | E19: 0 | F19: 0 | G19: 0 | H19: 0 | I19: 0 | J19: 33 | K19: 0 | L19: 32.64 | M19: Y
A20: Expert 05 | B20: SKU-9718 | C20: MOCK-841358 | D20: iPhone 17 Pro | E20: 1 | F20: 0 | G20: 0 | H20: 0 | I20: 0 | J20: 18 | K20: 1 | L20: 0 | M20: Y
A21: Expert 04 | B21: SKU-4740 | C21: MOCK-287824 | D21: Galaxy Z Flip 7 | E21: 1 | F21: 0 | G21: 0 | H21: 0 | I21: 0 | J21: 0 | K21: 1 | L21: 143.43 | M21: Y
A22: Expert 08 | B22: SKU-2521 | C22: MOCK-863217 | D22: iPhone 17 Pro Max | E22: 0 | F22: 1 | G22: 0 | H22: 0 | I22: 0 | J22: 15 | K22: 1 | L22: 68.51 | M22: Y
A23: Expert 03 | B23: SKU-9057 | C23: MOCK-151828 | D23: Galaxy S26 | E23: 0 | F23: 0 | G23: 0 | H23: 0 | I23: 0 | J23: 16 | K23: 1 | L23: 128.08 | M23: Y
A24: Expert 11 | B24: SKU-9525 | C24: MOCK-556434 | D24: Apple Watch Ultra 3 | E24: 0 | F24: 0 | G24: 0 | H24: 0 | I24: 0 | J24: 24 | K24: 1 | L24: 77.1 | M24: Y
A25: Expert 08 | B25: SKU-9340 | C25: MOCK-346498 | D25: Pixel 10 | E25: 0 | F25: 0 | G25: 0 | H25: 0 | I25: 0 | J25: 24 | K25: 1 | L25: 0 | M25: Y
A26: Expert 05 | B26: SKU-3339 | C26: MOCK-587082 | D26: Accessory Only | E26: 0 | F26: 0 | G26: 0 | H26: 0 | I26: 0 | J26: 18 | K26: 0 | L26: 61.4 | M26: Y
A27: Expert 12 | B27: SKU-7626 | C27: MOCK-816290 | D27: Pixel 10 Pro | E27: 1 | F27: 0 | G27: 0 | H27: 0 | I27: 0 | J27: 33 | K27: 1 | L27: 114.7 | M27: Y
A28: Expert 08 | B28: SKU-8877 | C28: MOCK-757734 | D28: BYOD | E28: 0 | F28: 0 | G28: 0 | H28: 0 | I28: 0 | J28: 33 | K28: 0 | L28: 0 | M28: Y
... A30: Expert 05 | B30: SKU-8893 | C30: MOCK-354689 | D30: iPhone 17 Pro | E30: 0 | F30: 1 | G30: 1 | H30: 0 | I30: 0 | J30: 33 | K30: 1 | L30: 59.53 | M30: Y

Sheet 20
A1: Day 20 — Daily Entry
A2: MOCK DATA — generated for portfolio use. No real employees, customers, device identifiers, or store numbers appear in this file.
A3: ME | B3: SKU (mock) | C3: IMEI / SIM (mock) | D3: Device | E3: Acts | F3: Pre | G3: TFB | H3: BTS | I3: Hint | J3: VAF $ | K3: Devices | L3: Acc $ | M3: Complete | P3: Mobile Expert | Q3: Acts | R3: Pre | S3: TFB | T3: BTS | U3: Hint | V3: VAF $ | W3: Devices | X3: Acc $
A4: Expert 01 | B4: SKU-9044 | C4: MOCK-441121 | D4: Galaxy S26+ | E4: 1 | F4: 0 | G4: 0 | H4: 0 | I4: 0 | J4: 24 | K4: 1 | L4: 163.79 | M4: Y | P4: =Setup!$A$4 -> Expert 01 | Q4: =SUMIF($A$4:$A$43,$P4,E$4:E$43) -> 1 | R4: =SUMIF($A$4:$A$43,$P4,F$4:F$43) -> 0 | S4: =SUMIF($A$4:$A$43,$P4,G$4:G$43) -> 0 | T4: =SUMIF($A$4:$A$43,$P4,H$4:H$43) -> 0 | U4: =SUMIF($A$4:$A$43,$P4,I$4:I$43) -> 0 | V4: =SUMIF($A$4:$A$43,$P4,J$4:J$43) -> 57 | W4: =SUMIF($A$4:$A$43,$P4,K$4:K$43) -> 2 | X4: =SUMIF($A$4:$A$43,$P4,L$4:L$43) -> 163.79
A5: Expert 07 | B5: SKU-2201 | C5: MOCK-530071 | D5: Galaxy S26 | E5: 1 | F5: 0 | G5: 0 | H5: 0 | I5: 0 | J5: 0 | K5: 1 | L5: 0 | M5: Y | P5: =Setup!$A$5 -> Expert 02 | Q5: =SUMIF($A$4:$A$43,$P5,E$4:E$43) -> 1 | R5: =SUMIF($A$4:$A$43,$P5,F$4:F$43) -> 0 | S5: =SUMIF($A$4:$A$43,$P5,G$4:G$43) -> 0 | T5: =SUMIF($A$4:$A$43,$P5,H$4:H$43) -> 0 | U5: =SUMIF($A$4:$A$43,$P5,I$4:I$43) -> 1 | V5: =SUMIF($A$4:$A$43,$P5,J$4:J$43) -> 16 | W5: =SUMIF($A$4:$A$43,$P5,K$4:K$43) -> 1 | X5: =SUMIF($A$4:$A$43,$P5,L$4:L$43) -> 0
A6: Expert 06 | B6: SKU-4839 | C6: MOCK-840861 | D6: Apple Watch Ultra 3 | E6: 1 | F6: 0 | G6: 0 | H6: 0 | I6: 0 | J6: 18 | K6: 1 | L6: 0 | M6: Y | P6: =Setup!$A$6 -> Expert 03 | Q6: =SUMIF($A$4:$A$43,$P6,E$4:E$43) -> 1 | R6: =SUMIF($A$4:$A$43,$P6,F$4:F$43) -> 1 | S6: =SUMIF($A$4:$A$43,$P6,G$4:G$43) -> 0 | T6: =SUMIF($A$4:$A$43,$P6,H$4:H$43) -> 0 | U6: =SUMIF($A$4:$A$43,$P6,I$4:I$43) -> 0 | V6: =SUMIF($A$4:$A$43,$P6,J$4:J$43) -> 18 | W6: =SUMIF($A$4:$A$43,$P6,K$4:K$43) -> 2 | X6: =SUMIF($A$4:$A$43,$P6,L$4:L$43) -> 100.86
A7: Expert 04 | B7: SKU-4257 | C7: MOCK-387315 | D7: 5G Home Internet Gateway | E7: 0 | F7: 0 | G7: 0 | H7: 0 | I7: 1 | J7: 0 | K7: 0 | L7: 41.08 | M7: Y | P7: =Setup!$A$7 -> Expert 04 | Q7: =SUMIF($A$4:$A$43,$P7,E$4:E$43) -> 0 | R7: =SUMIF($A$4:$A$43,$P7,F$4:F$43) -> 0 | S7: =SUMIF($A$4:$A$43,$P7,G$4:G$43) -> 0 | T7: =SUMIF($A$4:$A$43,$P7,H$4:H$43) -> 0 | U7: =SUMIF($A$4:$A$43,$P7,I$4:I$43) -> 1 | V7: =SUMIF($A$4:$A$43,$P7,J$4:J$43) -> 0 | W7: =SUMIF($A$4:$A$43,$P7,K$4:K$43) -> 0 | X7: =SUMIF($A$4:$A$43,$P7,L$4:L$43) -> 41.08
A8: Expert 05 | B8: SKU-6461 | C8: MOCK-853622 | D8: iPhone 17 Pro | E8: 1 | F8: 0 | G8: 0 | H8: 0 | I8: 0 | J8: 15 | K8: 1 | L8: 0 | M8: Y | P8: =Setup!$A$8 -> Expert 05 | Q8: =SUMIF($A$4:$A$43,$P8,E$4:E$43) -> 3 | R8: =SUMIF($A$4:$A$43,$P8,F$4:F$43) -> 0 | S8: =SUMIF($A$4:$A$43,$P8,G$4:G$43) -> 0 | T8: =SUMIF($A$4:$A$43,$P8,H$4:H$43) -> 0 | U8: =SUMIF($A$4:$A$43,$P8,I$4:I$43) -> 0 | V8: =SUMIF($A$4:$A$43,$P8,J$4:J$43) -> 30 | W8: =SUMIF($A$4:$A$43,$P8,K$4:K$43) -> 2 | X8: =SUMIF($A$4:$A$43,$P8,L$4:L$43) -> 76.64
A9: Expert 07 | B9: SKU-7436 | C9: MOCK-154288 | D9: Galaxy A37 | E9: 1 | F9: 0 | G9: 0 | H9: 0 | I9: 0 | J9: 18 | K9: 1 | L9: 6.79 | M9: Y | P9: =Setup!$A$9 -> Expert 06 | Q9: =SUMIF($A$4:$A$43,$P9,E$4:E$43) -> 2 | R9: =SUMIF($A$4:$A$43,$P9,F$4:F$43) -> 1 | S9: =SUMIF($A$4:$A$43,$P9,G$4:G$43) -> 0 | T9: =SUMIF($A$4:$A$43,$P9,H$4:H$43) -> 0 | U9: =SUMIF($A$4:$A$43,$P9,I$4:I$43) -> 0 | V9: =SUMIF($A$4:$A$43,$P9,J$4:J$43) -> 75 | W9: =SUMIF($A$4:$A$43,$P9,K$4:K$43) -> 4 | X9: =SUMIF($A$4:$A$43,$P9,L$4:L$43) -> 231.26
A10: Expert 06 | B10: SKU-5542 | C10: MOCK-606595 | D10: iPhone 17 Pro Max | E10: 1 | F10: 0 | G10: 0 | H10: 0 | I10: 0 | J10: 24 | K10: 1 | L10: 0 | M10: Y | P10: =Setup!$A$10 -> Expert 07 | Q10: =SUMIF($A$4:$A$43,$P10,E$4:E$43) -> 4 | R10: =SUMIF($A$4:$A$43,$P10,F$4:F$43) -> 0 | S10: =SUMIF($A$4:$A$43,$P10,G$4:G$43) -> 1 | T10: =SUMIF($A$4:$A$43,$P10,H$4:H$43) -> 0 | U10: =SUMIF($A$4:$A$43,$P10,I$4:I$43) -> 0 | V10: =SUMIF($A$4:$A$43,$P10,J$4:J$43) -> 51 | W10: =SUMIF($A$4:$A$43,$P10,K$4:K$43) -> 4 | X10: =SUMIF($A$4:$A$43,$P10,L$4:L$43) -> 209.93
A11: Expert 03 | B11: SKU-1793 | C11: MOCK-558784 | D11: iPhone 17 Pro | E11: 1 | F11: 0 | G11: 0 | H11: 0 | I11: 0 | J11: 0 | K11: 1 | L11: 0 | M11: Y | P11: =Setup!$A$11 -> Expert 08 | Q11: =SUMIF($A$4:$A$43,$P11,E$4:E$43) -> 1 | R11: =SUMIF($A$4:$A$43,$P11,F$4:F$43) -> 0 | S11: =SUMIF($A$4:$A$43,$P11,G$4:G$43) -> 0 | T11: =SUMIF($A$4:$A$43,$P11,H$4:H$43) -> 0 | U11: =SUMIF($A$4:$A$43,$P11,I$4:I$43) -> 0 | V11: =SUMIF($A$4:$A$43,$P11,J$4:J$43) -> 24 | W11: =SUMIF($A$4:$A$43,$P11,K$4:K$43) -> 1 | X11: =SUMIF($A$4:$A$43,$P11,L$4:L$43) -> 137.49
A12: Expert 02 | B12: SKU-9879 | C12: MOCK-842545 | D12: 5G Hotspot | E12: 0 | F12: 0 | G12: 0 | H12: 0 | I12: 1 | J12: 16 | K12: 0 | L12: 0 | M12: Y | P12: =Setup!$A$12 -> Expert 09 | Q12: =SUMIF($A$4:$A$43,$P12,E$4:E$43) -> 0 | R12: =SUMIF($A$4:$A$43,$P12,F$4:F$43) -> 0 | S12: =SUMIF($A$4:$A$43,$P12,G$4:G$43) -> 0 | T12: =SUMIF($A$4:$A$43,$P12,H$4:H$43) -> 0 | U12: =SUMIF($A$4:$A$43,$P12,I$4:I$43) -> 0 | V12: =SUMIF($A$4:$A$43,$P12,J$4:J$43) -> 0 | W12: =SUMIF($A$4:$A$43,$P12,K$4:K$43) -> 0 | X12: =SUMIF($A$4:$A$43,$P12,L$4:L$43) -> 0
A13: Expert 11 | B13: SKU-3891 | C13: MOCK-762480 | D13: 5G Hotspot | E13: 0 | F13: 1 | G13: 0 | H13: 0 | I13: 1 | J13: 16 | K13: 0 | L13: 0 | M13: Y | P13: =Setup!$A$13 -> Expert 10 | Q13: =SUMIF($A$4:$A$43,$P13,E$4:E$43) -> 2 | R13: =SUMIF($A$4:$A$43,$P13,F$4:F$43) -> 0 | S13: =SUMIF($A$4:$A$43,$P13,G$4:G$43) -> 0 | T13: =SUMIF($A$4:$A$43,$P13,H$4:H$43) -> 0 | U13: =SUMIF($A$4:$A$43,$P13,I$4:I$43) -> 0 | V13: =SUMIF($A$4:$A$43,$P13,J$4:J$43) -> 51 | W13: =SUMIF($A$4:$A$43,$P13,K$4:K$43) -> 3 | X13: =SUMIF($A$4:$A$43,$P13,L$4:L$43) -> 150.22
A14: Expert 03 | B14: SKU-3187 | C14: MOCK-681578 | D14: BYOD | E14: 0 | F14: 0 | G14: 0 | H14: 0 | I14: 0 | J14: 18 | K14: 0 | L14: 67.16 | M14: Y | P14: =Setup!$A$14 -> Expert 11 | Q14: =SUMIF($A$4:$A$43,$P14,E$4:E$43) -> 1 | R14: =SUMIF($A$4:$A$43,$P14,F$4:F$43) -> 2 | S14: =SUMIF($A$4:$A$43,$P14,G$4:G$43) -> 0 | T14: =SUMIF($A$4:$A$43,$P14,H$4:H$43) -> 0 | U14: =SUMIF($A$4:$A$43,$P14,I$4:I$43) -> 1 | V14: =SUMIF($A$4:$A$43,$P14,J$4:J$43) -> 32 | W14: =SUMIF($A$4:$A$43,$P14,K$4:K$43) -> 2 | X14: =SUMIF($A$4:$A$43,$P14,L$4:L$43) -> 87.83
A15: Expert 06 | B15: SKU-5051 | C15: MOCK-245262 | D15: Pixel 10 | E15: 0 | F15: 0 | G15: 0 | H15: 0 | I15: 0 | J15: 33 | K15: 1 | L15: 57.38 | M15: Y | P15: =Setup!$A$15 -> Expert 12 | Q15: =SUMIF($A$4:$A$43,$P15,E$4:E$43) -> 1 | R15: =SUMIF($A$4:$A$43,$P15,F$4:F$43) -> 1 | S15: =SUMIF($A$4:$A$43,$P15,G$4:G$43) -> 0 | T15: =SUMIF($A$4:$A$43,$P15,H$4:H$43) -> 0 | U15: =SUMIF($A$4:$A$43,$P15,I$4:I$43) -> 0 | V15: =SUMIF($A$4:$A$43,$P15,J$4:J$43) -> 0 | W15: =SUMIF($A$4:$A$43,$P15,K$4:K$43) -> 3 | X15: =SUMIF($A$4:$A$43,$P15,L$4:L$43) -> 177.94
A16: Expert 12 | B16: SKU-2708 | C16: MOCK-923202 | D16: iPhone 17 | E16: 0 | F16: 0 | G16: 0 | H16: 0 | I16: 0 | J16: 0 | K16: 1 | L16: 100.89 | M16: Y | P16: STORE TOTAL | Q16: =SUM(Q4:Q15) -> 17 | R16: =SUM(R4:R15) -> 5 | S16: =SUM(S4:S15) -> 1 | T16: =SUM(T4:T15) -> 0 | U16: =SUM(U4:U15) -> 3 | V16: =SUM(V4:V15) -> 354 | W16: =SUM(W4:W15) -> 24 | X16: =SUM(X4:X15) -> 1377.04
A17: Expert 07 | B17: SKU-3161 | C17: MOCK-162077 | D17: Galaxy Z Fold 7 | E17: 1 | F17: 0 | G17: 1 | H17: 0 | I17: 0 | J17: 18 | K17: 1 | L17: 10.9 | M17: Y
A18: Expert 07 | B18: SKU-8566 | C18: MOCK-378892 | D18: Accessory Only | E18: 0 | F18: 0 | G18: 0 | H18: 0 | I18: 0 | J18: 15 | K18: 0 | L18: 18.8 | M18: Y
A19: Expert 02 | B19: SKU-6231 | C19: MOCK-280533 | D19: Galaxy A37 | E19: 1 | F19: 0 | G19: 0 | H19: 0 | I19: 0 | J19: 0 | K19: 1 | L19: 0 | M19: Y
A20: Expert 12 | B20: SKU-9119 | C20: MOCK-610693 | D20: Pixel 10 | E20: 1 | F20: 0 | G20: 0 | H20: 0 | I20: 0 | J20: 0 | K20: 1 | L20: 77.05 | M20: N
A21: Expert 06 | B21: SKU-1775 | C21: MOCK-861396 | D21: Pixel 10a | E21: 0 | F21: 1 | G21: 0 | H21: 0 | I21: 0 | J21: 0 | K21: 1 | L21: 173.88 | M21: Y
A22: Expert 10 | B22: SKU-9132 | C22: MOCK-760648 | D22: Galaxy Watch 8 | E22: 1 | F22: 0 | G22: 0 | H22: 0 | I22: 0 | J22: 18 | K22: 1 | L22: 0 | M22: Y
A23: Expert 05 | B23: SKU-8767 | C23: MOCK-174938 | D23: iPhone 17 | E23: 1 | F23: 0 | G23: 0 | H23: 0 | I23: 0 | J23: 0 | K23: 1 | L23: 76.64 | M23: Y
A24: Expert 11 | B24: SKU-1228 | C24: MOCK-965737 | D24: iPhone 17 Air | E24: 0 | F24: 1 | G24: 0 | H24: 0 | I24: 0 | J24: 0 | K24: 1 | L24: 75.68 | M24: Y
A25: Expert 03 | B25: SKU-5187 | C25: MOCK-531083 | D25: Galaxy Z Flip 7 | E25: 0 | F25: 1 | G25: 0 | H25: 0 | I25: 0 | J25: 0 | K25: 1 | L25: 33.7 | M25: Y
A26: Expert 12 | B26: SKU-8962 | C26: MOCK-790855 | D26: iPhone 17 | E26: 0 | F26: 1 | G26: 0 | H26: 0 | I26: 0 | J26: 0 | K26: 1 | L26: 0 | M26: Y
A27: Expert 05 | B27: SKU-4616 | C27: MOCK-777236 | D27: SIM Only | E27: 1 | F27: 0 | G27: 0 | H27: 0 | I27: 0 | J27: 15 | K27: 0 | L27: 0 | M27: Y
A28: Expert 01 | B28: SKU-8105 | C28: MOCK-456854 | D28: Galaxy A17 | E28: 0 | F28: 0 | G28: 0 | H28: 0 | I28: 0 | J28: 33 | K28: 1 | L28: 0 | M28: Y
... A33: Expert 10 | B33: SKU-4137 | C33: MOCK-412558 | D33: Pixel 10 | E33: 1 | F33: 0 | G33: 0 | H33: 0 | I33: 0 | J33: 0 | K33: 1 | L33: 0 | M33: Y

Sheet 21
A1: Day 21 — Daily Entry
A2: MOCK DATA — generated for portfolio use. No real employees, customers, device identifiers, or store numbers appear in this file.
A3: ME | B3: SKU (mock) | C3: IMEI / SIM (mock) | D3: Device | E3: Acts | F3: Pre | G3: TFB | H3: BTS | I3: Hint | J3: VAF $ | K3: Devices | L3: Acc $ | M3: Complete | P3: Mobile Expert | Q3: Acts | R3: Pre | S3: TFB | T3: BTS | U3: Hint | V3: VAF $ | W3: Devices | X3: Acc $
A4: Expert 08 | B4: SKU-6210 | C4: MOCK-368443 | D4: Apple Watch SE | E4: 1 | F4: 0 | G4: 0 | H4: 0 | I4: 0 | J4: 0 | K4: 1 | L4: 0 | M4: Y | P4: =Setup!$A$4 -> Expert 01 | Q4: =SUMIF($A$4:$A$43,$P4,E$4:E$43) -> 0 | R4: =SUMIF($A$4:$A$43,$P4,F$4:F$43) -> 1 | S4: =SUMIF($A$4:$A$43,$P4,G$4:G$43) -> 0 | T4: =SUMIF($A$4:$A$43,$P4,H$4:H$43) -> 0 | U4: =SUMIF($A$4:$A$43,$P4,I$4:I$43) -> 0 | V4: =SUMIF($A$4:$A$43,$P4,J$4:J$43) -> 15 | W4: =SUMIF($A$4:$A$43,$P4,K$4:K$43) -> 1 | X4: =SUMIF($A$4:$A$43,$P4,L$4:L$43) -> 11.21
